timestamp,datetime,open,high,low,close,volume
1703247780,2023-12-22T07:23:00.000-05:00,7.11,7.11,7.11,7.11,100
1703255400,2023-12-22T09:30:00.000-05:00,7.18,7.22,7.14,7.14,6842
1703255520,2023-12-22T09:32:00.000-05:00,7.14,7.15,7.14,7.15,397
1703255580,2023-12-22T09:33:00.000-05:00,7.15,7.17,7.15,7.17,1447
1703255640,2023-12-22T09:34:00.000-05:00,7.18,7.2,7.178,7.19,1838
1703255700,2023-12-22T09:35:00.000-05:00,7.17,7.19,7.17,7.19,2997
1703255760,2023-12-22T09:36:00.000-05:00,7.2,7.2,7.2,7.2,103
1703255820,2023-12-22T09:37:00.000-05:00,7.21,7.21,7.21,7.21,766
1703255880,2023-12-22T09:38:00.000-05:00,7.23,7.24,7.23,7.24,729
1703255940,2023-12-22T09:39:00.000-05:00,7.25,7.27,7.25,7.26,3900
1703256000,2023-12-22T09:40:00.000-05:00,7.25,7.25,7.25,7.25,1882
1703256060,2023-12-22T09:41:00.000-05:00,7.25,7.2642,7.25,7.2642,2180
1703256120,2023-12-22T09:42:00.000-05:00,7.27,7.29,7.265,7.27,1988
1703256180,2023-12-22T09:43:00.000-05:00,7.27,7.275,7.255,7.275,1036
1703256240,2023-12-22T09:44:00.000-05:00,7.28,7.29,7.27,7.29,935
1703256300,2023-12-22T09:45:00.000-05:00,7.3,7.3,7.28,7.28,3169
1703256360,2023-12-22T09:46:00.000-05:00,7.27,7.27,7.27,7.27,101
1703256420,2023-12-22T09:47:00.000-05:00,7.26,7.26,7.235,7.235,1957
1703256480,2023-12-22T09:48:00.000-05:00,7.24,7.24,7.24,7.24,175
1703256540,2023-12-22T09:49:00.000-05:00,7.235,7.24,7.23,7.23,1717
1703256600,2023-12-22T09:50:00.000-05:00,7.23,7.23,7.215,7.23,3592
1703256720,2023-12-22T09:52:00.000-05:00,7.23,7.23,7.23,7.23,484
1703256780,2023-12-22T09:53:00.000-05:00,7.24,7.245,7.24,7.245,1322
1703256840,2023-12-22T09:54:00.000-05:00,7.25,7.25,7.23,7.23,2608
1703256960,2023-12-22T09:56:00.000-05:00,7.23,7.23,7.22,7.22,887
1703257020,2023-12-22T09:57:00.000-05:00,7.205,7.21,7.205,7.21,2248
1703257200,2023-12-22T10:00:00.000-05:00,7.21,7.21,7.21,7.21,392
1703257260,2023-12-22T10:01:00.000-05:00,7.21,7.21,7.2,7.2,727
1703257320,2023-12-22T10:02:00.000-05:00,7.2,7.2,7.185,7.185,2754
1703257380,2023-12-22T10:03:00.000-05:00,7.18,7.18,7.18,7.18,823
1703257440,2023-12-22T10:04:00.000-05:00,7.18,7.18,7.16,7.16,821
1703257500,2023-12-22T10:05:00.000-05:00,7.165,7.165,7.165,7.165,469
1703257560,2023-12-22T10:06:00.000-05:00,7.17,7.17,7.17,7.17,1629
1703257620,2023-12-22T10:07:00.000-05:00,7.18,7.185,7.18,7.185,436
1703257680,2023-12-22T10:08:00.000-05:00,7.175,7.175,7.165,7.17,2312
1703257800,2023-12-22T10:10:00.000-05:00,7.18,7.18,7.18,7.18,101
1703257920,2023-12-22T10:12:00.000-05:00,7.18,7.18,7.175,7.18,1689
1703257980,2023-12-22T10:13:00.000-05:00,7.18,7.18,7.18,7.18,1053
1703258100,2023-12-22T10:15:00.000-05:00,7.17,7.171,7.16,7.16,1152
1703258160,2023-12-22T10:16:00.000-05:00,7.145,7.15,7.145,7.15,1216
1703258220,2023-12-22T10:17:00.000-05:00,7.15,7.15,7.15,7.15,1567
1703258280,2023-12-22T10:18:00.000-05:00,7.15,7.15,7.15,7.15,619
1703258340,2023-12-22T10:19:00.000-05:00,7.14,7.14,7.14,7.14,429
1703258400,2023-12-22T10:20:00.000-05:00,7.13,7.13,7.13,7.13,13377
1703258460,2023-12-22T10:21:00.000-05:00,7.13,7.13,7.125,7.13,2835
1703258520,2023-12-22T10:22:00.000-05:00,7.14,7.14,7.14,7.14,1621
1703258580,2023-12-22T10:23:00.000-05:00,7.14,7.14,7.12,7.12,2806
1703258640,2023-12-22T10:24:00.000-05:00,7.13,7.15,7.13,7.15,578
1703258700,2023-12-22T10:25:00.000-05:00,7.15,7.15,7.15,7.15,305
1703258760,2023-12-22T10:26:00.000-05:00,7.16,7.17,7.16,7.16,922
1703258820,2023-12-22T10:27:00.000-05:00,7.1692,7.1692,7.16,7.16,924
1703258880,2023-12-22T10:28:00.000-05:00,7.17,7.17,7.17,7.17,399
1703258940,2023-12-22T10:29:00.000-05:00,7.17,7.17,7.17,7.17,209
1703259000,2023-12-22T10:30:00.000-05:00,7.18,7.185,7.17,7.17,4379
1703259060,2023-12-22T10:31:00.000-05:00,7.165,7.165,7.165,7.165,105
1703259180,2023-12-22T10:33:00.000-05:00,7.165,7.17,7.165,7.17,700
1703259240,2023-12-22T10:34:00.000-05:00,7.17,7.17,7.17,7.17,212
1703259360,2023-12-22T10:36:00.000-05:00,7.17,7.17,7.165,7.165,1045
1703259480,2023-12-22T10:38:00.000-05:00,7.16,7.16,7.155,7.155,861
1703259540,2023-12-22T10:39:00.000-05:00,7.155,7.165,7.155,7.165,1658
1703259600,2023-12-22T10:40:00.000-05:00,7.17,7.17,7.15,7.15,1501
1703259840,2023-12-22T10:44:00.000-05:00,7.15,7.17,7.15,7.17,795
1703259900,2023-12-22T10:45:00.000-05:00,7.165,7.165,7.16,7.16,500
1703259960,2023-12-22T10:46:00.000-05:00,7.16,7.16,7.15,7.15,3333
1703260020,2023-12-22T10:47:00.000-05:00,7.16,7.17,7.16,7.17,4559
1703260140,2023-12-22T10:49:00.000-05:00,7.16,7.16,7.16,7.16,105
1703260200,2023-12-22T10:50:00.000-05:00,7.16,7.16,7.16,7.16,880
1703260260,2023-12-22T10:51:00.000-05:00,7.1547,7.1547,7.15,7.15,995
1703260320,2023-12-22T10:52:00.000-05:00,7.15,7.15,7.15,7.15,110
1703260380,2023-12-22T10:53:00.000-05:00,7.15,7.1554,7.15,7.1554,631
1703260620,2023-12-22T10:57:00.000-05:00,7.15,7.151,7.13,7.13,3132
1703260740,2023-12-22T10:59:00.000-05:00,7.13,7.13,7.13,7.13,264
1703260800,2023-12-22T11:00:00.000-05:00,7.13,7.13,7.115,7.12,3559
1703260860,2023-12-22T11:01:00.000-05:00,7.12,7.12,7.12,7.12,178
1703260920,2023-12-22T11:02:00.000-05:00,7.13,7.13,7.13,7.13,1051
1703261040,2023-12-22T11:04:00.000-05:00,7.13,7.13,7.13,7.13,1036
1703261100,2023-12-22T11:05:00.000-05:00,7.12,7.12,7.11,7.11,522
1703261160,2023-12-22T11:06:00.000-05:00,7.11,7.11,7.11,7.11,310
1703261220,2023-12-22T11:07:00.000-05:00,7.105,7.11,7.105,7.11,1024
1703261280,2023-12-22T11:08:00.000-05:00,7.11,7.11,7.11,7.11,233
1703261460,2023-12-22T11:11:00.000-05:00,7.105,7.11,7.105,7.11,563
1703261520,2023-12-22T11:12:00.000-05:00,7.11,7.11,7.11,7.11,675
1703261700,2023-12-22T11:15:00.000-05:00,7.115,7.12,7.115,7.12,461
1703261820,2023-12-22T11:17:00.000-05:00,7.11,7.11,7.105,7.1089,1537
1703261880,2023-12-22T11:18:00.000-05:00,7.11,7.11,7.11,7.11,1073
1703262000,2023-12-22T11:20:00.000-05:00,7.12,7.13,7.12,7.13,5229
1703262060,2023-12-22T11:21:00.000-05:00,7.14,7.15,7.14,7.15,384
1703262180,2023-12-22T11:23:00.000-05:00,7.14,7.14,7.14,7.14,1534
1703262240,2023-12-22T11:24:00.000-05:00,7.13,7.13,7.13,7.13,200
1703262300,2023-12-22T11:25:00.000-05:00,7.13,7.13,7.125,7.125,1645
1703262360,2023-12-22T11:26:00.000-05:00,7.125,7.13,7.125,7.13,501
1703262420,2023-12-22T11:27:00.000-05:00,7.13,7.13,7.13,7.13,656
1703262480,2023-12-22T11:28:00.000-05:00,7.13,7.13,7.13,7.13,100
1703262540,2023-12-22T11:29:00.000-05:00,7.13,7.13,7.125,7.125,524
1703262600,2023-12-22T11:30:00.000-05:00,7.125,7.125,7.125,7.125,115
1703262660,2023-12-22T11:31:00.000-05:00,7.125,7.13,7.125,7.13,851
1703262720,2023-12-22T11:32:00.000-05:00,7.13,7.13,7.13,7.13,359
1703262780,2023-12-22T11:33:00.000-05:00,7.13,7.13,7.13,7.13,2084
1703262840,2023-12-22T11:34:00.000-05:00,7.125,7.125,7.125,7.125,207
1703262900,2023-12-22T11:35:00.000-05:00,7.12,7.121,7.12,7.121,201
1703263020,2023-12-22T11:37:00.000-05:00,7.125,7.125,7.125,7.125,520
1703263080,2023-12-22T11:38:00.000-05:00,7.13,7.13,7.13,7.13,457
1703263140,2023-12-22T11:39:00.000-05:00,7.135,7.135,7.135,7.135,401
1703263200,2023-12-22T11:40:00.000-05:00,7.132,7.132,7.125,7.125,2205
1703263260,2023-12-22T11:41:00.000-05:00,7.13,7.13,7.13,7.13,231
1703263320,2023-12-22T11:42:00.000-05:00,7.13,7.13,7.13,7.13,673
1703263380,2023-12-22T11:43:00.000-05:00,7.125,7.125,7.125,7.125,121
1703263500,2023-12-22T11:45:00.000-05:00,7.12,7.12,7.115,7.12,1657
1703263620,2023-12-22T11:47:00.000-05:00,7.125,7.125,7.125,7.125,579
1703263740,2023-12-22T11:49:00.000-05:00,7.12,7.12,7.115,7.115,1490
1703263800,2023-12-22T11:50:00.000-05:00,7.12,7.12,7.12,7.12,250
1703263860,2023-12-22T11:51:00.000-05:00,7.12,7.12,7.12,7.12,604
1703263920,2023-12-22T11:52:00.000-05:00,7.125,7.125,7.125,7.125,300
1703264040,2023-12-22T11:54:00.000-05:00,7.1299,7.1299,7.1201,7.1201,5988
1703264100,2023-12-22T11:55:00.000-05:00,7.125,7.13,7.125,7.125,1986
1703264160,2023-12-22T11:56:00.000-05:00,7.13,7.13,7.13,7.13,201
1703264220,2023-12-22T11:57:00.000-05:00,7.125,7.1275,7.12,7.1275,336
1703264280,2023-12-22T11:58:00.000-05:00,7.125,7.125,7.125,7.125,406
1703264340,2023-12-22T11:59:00.000-05:00,7.125,7.125,7.125,7.125,300
1703264400,2023-12-22T12:00:00.000-05:00,7.13,7.13,7.125,7.125,2832
1703264460,2023-12-22T12:01:00.000-05:00,7.125,7.125,7.12,7.125,1150
1703264520,2023-12-22T12:02:00.000-05:00,7.125,7.125,7.125,7.125,122
1703264580,2023-12-22T12:03:00.000-05:00,7.125,7.125,7.12,7.12,620
1703264640,2023-12-22T12:04:00.000-05:00,7.13,7.13,7.13,7.13,110
1703264700,2023-12-22T12:05:00.000-05:00,7.13,7.13,7.125,7.125,362
1703264760,2023-12-22T12:06:00.000-05:00,7.125,7.125,7.12,7.12,3152
1703264820,2023-12-22T12:07:00.000-05:00,7.115,7.115,7.115,7.115,400
1703264880,2023-12-22T12:08:00.000-05:00,7.11,7.11,7.1,7.1,1698
1703264940,2023-12-22T12:09:00.000-05:00,7.1,7.1,7.1,7.1,679
1703265000,2023-12-22T12:10:00.000-05:00,7.095,7.1,7.09,7.09,1000
1703265060,2023-12-22T12:11:00.000-05:00,7.095,7.1,7.095,7.1,2745
1703265120,2023-12-22T12:12:00.000-05:00,7.11,7.12,7.11,7.12,1010
1703265300,2023-12-22T12:15:00.000-05:00,7.11,7.11,7.105,7.105,1539
1703265420,2023-12-22T12:17:00.000-05:00,7.1001,7.115,7.1001,7.115,4355
1703265720,2023-12-22T12:22:00.000-05:00,7.11,7.11,7.11,7.11,2011
1703265780,2023-12-22T12:23:00.000-05:00,7.105,7.105,7.095,7.095,511
1703265840,2023-12-22T12:24:00.000-05:00,7.09,7.1,7.09,7.1,223
1703265900,2023-12-22T12:25:00.000-05:00,7.095,7.1,7.095,7.1,293
1703265960,2023-12-22T12:26:00.000-05:00,7.09,7.09,7.085,7.085,855
1703266020,2023-12-22T12:27:00.000-05:00,7.09,7.09,7.09,7.09,1370
1703266080,2023-12-22T12:28:00.000-05:00,7.1,7.1,7.1,7.1,527
1703266140,2023-12-22T12:29:00.000-05:00,7.1087,7.1087,7.1087,7.1087,228
1703266320,2023-12-22T12:32:00.000-05:00,7.1,7.101,7.1,7.101,601
1703266380,2023-12-22T12:33:00.000-05:00,7.1,7.1,7.1,7.1,100
1703266500,2023-12-22T12:35:00.000-05:00,7.1,7.1,7.1,7.1,1123
1703266560,2023-12-22T12:36:00.000-05:00,7.1028,7.11,7.1028,7.11,3191
1703266620,2023-12-22T12:37:00.000-05:00,7.1175,7.1175,7.1175,7.1175,108
1703266680,2023-12-22T12:38:00.000-05:00,7.11,7.11,7.11,7.11,1536
1703266740,2023-12-22T12:39:00.000-05:00,7.11,7.11,7.105,7.105,208
1703266800,2023-12-22T12:40:00.000-05:00,7.105,7.105,7.105,7.105,203
1703266860,2023-12-22T12:41:00.000-05:00,7.11,7.111,7.11,7.111,2082
1703267040,2023-12-22T12:44:00.000-05:00,7.12,7.12,7.12,7.12,1943
1703267160,2023-12-22T12:46:00.000-05:00,7.12,7.13,7.12,7.13,1459
1703267280,2023-12-22T12:48:00.000-05:00,7.13,7.13,7.13,7.13,607
1703267340,2023-12-22T12:49:00.000-05:00,7.135,7.135,7.132,7.135,2647
1703267400,2023-12-22T12:50:00.000-05:00,7.13,7.13,7.13,7.13,2694
1703267460,2023-12-22T12:51:00.000-05:00,7.13,7.14,7.13,7.14,330
1703267580,2023-12-22T12:53:00.000-05:00,7.135,7.135,7.135,7.135,130
1703267640,2023-12-22T12:54:00.000-05:00,7.14,7.14,7.14,7.14,112
1703267700,2023-12-22T12:55:00.000-05:00,7.14,7.14,7.14,7.14,225
1703267760,2023-12-22T12:56:00.000-05:00,7.13,7.13,7.125,7.125,1415
1703267880,2023-12-22T12:58:00.000-05:00,7.125,7.125,7.125,7.125,344
1703267940,2023-12-22T12:59:00.000-05:00,7.125,7.13,7.125,7.13,623
1703268000,2023-12-22T13:00:00.000-05:00,7.125,7.125,7.125,7.125,318
1703268060,2023-12-22T13:01:00.000-05:00,7.12,7.12,7.12,7.12,310
1703268120,2023-12-22T13:02:00.000-05:00,7.1227,7.125,7.1227,7.125,1158
1703268240,2023-12-22T13:04:00.000-05:00,7.12,7.12,7.12,7.12,200
1703268300,2023-12-22T13:05:00.000-05:00,7.12,7.12,7.115,7.12,3840
1703268360,2023-12-22T13:06:00.000-05:00,7.12,7.12,7.12,7.12,500
1703268420,2023-12-22T13:07:00.000-05:00,7.12,7.12,7.12,7.12,200
1703268480,2023-12-22T13:08:00.000-05:00,7.12,7.12,7.12,7.12,100
1703268660,2023-12-22T13:11:00.000-05:00,7.1275,7.1275,7.1275,7.1275,153
1703268720,2023-12-22T13:12:00.000-05:00,7.12,7.12,7.12,7.12,1072
1703268780,2023-12-22T13:13:00.000-05:00,7.11,7.11,7.11,7.11,738
1703268840,2023-12-22T13:14:00.000-05:00,7.115,7.115,7.115,7.115,223
1703269020,2023-12-22T13:17:00.000-05:00,7.11,7.11,7.105,7.105,1502
1703269080,2023-12-22T13:18:00.000-05:00,7.105,7.105,7.105,7.105,100
1703269140,2023-12-22T13:19:00.000-05:00,7.1,7.1,7.1,7.1,309
1703269200,2023-12-22T13:20:00.000-05:00,7.1,7.1,7.0992,7.1,8223
1703269380,2023-12-22T13:23:00.000-05:00,7.105,7.105,7.105,7.105,163
1703269440,2023-12-22T13:24:00.000-05:00,7.105,7.105,7.105,7.105,342
1703269500,2023-12-22T13:25:00.000-05:00,7.11,7.11,7.1001,7.1001,2400
1703269560,2023-12-22T13:26:00.000-05:00,7.105,7.105,7.105,7.105,307
1703269620,2023-12-22T13:27:00.000-05:00,7.105,7.11,7.105,7.105,4514
1703269680,2023-12-22T13:28:00.000-05:00,7.11,7.11,7.11,7.11,1545
1703269800,2023-12-22T13:30:00.000-05:00,7.11,7.11,7.11,7.11,205
1703269920,2023-12-22T13:32:00.000-05:00,7.1,7.1,7.1,7.1,849
1703269980,2023-12-22T13:33:00.000-05:00,7.1,7.1,7.1,7.1,354
1703270040,2023-12-22T13:34:00.000-05:00,7.105,7.105,7.105,7.105,100
1703270220,2023-12-22T13:37:00.000-05:00,7.1,7.1,7.1,7.1,664
1703270280,2023-12-22T13:38:00.000-05:00,7.095,7.095,7.095,7.095,381
1703270340,2023-12-22T13:39:00.000-05:00,7.1,7.1,7.1,7.1,254
1703270400,2023-12-22T13:40:00.000-05:00,7.1,7.1,7.1,7.1,623
1703270460,2023-12-22T13:41:00.000-05:00,7.1,7.1,7.1,7.1,100
1703270520,2023-12-22T13:42:00.000-05:00,7.1,7.1,7.1,7.1,501
1703270580,2023-12-22T13:43:00.000-05:00,7.11,7.11,7.11,7.11,1056
1703270820,2023-12-22T13:47:00.000-05:00,7.12,7.12,7.12,7.12,317
1703270880,2023-12-22T13:48:00.000-05:00,7.12,7.12,7.12,7.12,2541
1703271120,2023-12-22T13:52:00.000-05:00,7.11,7.11,7.11,7.11,201
1703271180,2023-12-22T13:53:00.000-05:00,7.11,7.11,7.11,7.11,100
1703271240,2023-12-22T13:54:00.000-05:00,7.11,7.11,7.11,7.11,117
1703271300,2023-12-22T13:55:00.000-05:00,7.11,7.11,7.11,7.11,843
1703271360,2023-12-22T13:56:00.000-05:00,7.105,7.11,7.105,7.11,2413
1703271420,2023-12-22T13:57:00.000-05:00,7.11,7.11,7.105,7.105,1541
1703271480,2023-12-22T13:58:00.000-05:00,7.1,7.1,7.1,7.1,136
1703271600,2023-12-22T14:00:00.000-05:00,7.1,7.1,7.1,7.1,2830
1703271720,2023-12-22T14:02:00.000-05:00,7.1,7.1,7.1,7.1,895
1703271780,2023-12-22T14:03:00.000-05:00,7.1,7.1,7.1,7.1,882
1703271840,2023-12-22T14:04:00.000-05:00,7.11,7.11,7.11,7.11,141
1703271900,2023-12-22T14:05:00.000-05:00,7.1,7.1,7.1,7.1,2050
1703271960,2023-12-22T14:06:00.000-05:00,7.1,7.105,7.095,7.1,2161
1703272260,2023-12-22T14:11:00.000-05:00,7.11,7.11,7.105,7.105,223
1703272320,2023-12-22T14:12:00.000-05:00,7.1,7.1,7.085,7.085,2651
1703272380,2023-12-22T14:13:00.000-05:00,7.08,7.08,7.08,7.08,113
1703272440,2023-12-22T14:14:00.000-05:00,7.09,7.09,7.09,7.09,117
1703272620,2023-12-22T14:17:00.000-05:00,7.085,7.085,7.07,7.07,2472
1703272680,2023-12-22T14:18:00.000-05:00,7.07,7.075,7.07,7.07,5400
1703272740,2023-12-22T14:19:00.000-05:00,7.08,7.09,7.08,7.09,2695
1703272800,2023-12-22T14:20:00.000-05:00,7.09,7.095,7.09,7.095,4267
1703272860,2023-12-22T14:21:00.000-05:00,7.09,7.1,7.09,7.1,519
1703272920,2023-12-22T14:22:00.000-05:00,7.091,7.091,7.09,7.09,2946
1703272980,2023-12-22T14:23:00.000-05:00,7.08,7.08,7.08,7.08,1344
1703273040,2023-12-22T14:24:00.000-05:00,7.07,7.075,7.065,7.075,3225
1703273100,2023-12-22T14:25:00.000-05:00,7.07,7.07,7.07,7.07,214
1703273160,2023-12-22T14:26:00.000-05:00,7.06,7.06,7.06,7.06,2684
1703273220,2023-12-22T14:27:00.000-05:00,7.06,7.06,7.06,7.06,184
1703273280,2023-12-22T14:28:00.000-05:00,7.06,7.07,7.06,7.064,1361
1703273340,2023-12-22T14:29:00.000-05:00,7.06,7.06,7.06,7.06,1276
1703273400,2023-12-22T14:30:00.000-05:00,7.055,7.06,7.045,7.0594,6444
1703273460,2023-12-22T14:31:00.000-05:00,7.05,7.05,7.05,7.05,908
1703273520,2023-12-22T14:32:00.000-05:00,7.05,7.055,7.05,7.05,1373
1703273580,2023-12-22T14:33:00.000-05:00,7.05,7.051,7.05,7.05,1590
1703273640,2023-12-22T14:34:00.000-05:00,7.06,7.06,7.05,7.05,598
1703273700,2023-12-22T14:35:00.000-05:00,7.05,7.05,7.05,7.05,356
1703273760,2023-12-22T14:36:00.000-05:00,7.05,7.05,7.05,7.05,2038
1703273820,2023-12-22T14:37:00.000-05:00,7.05,7.065,7.05,7.065,2491
1703273880,2023-12-22T14:38:00.000-05:00,7.07,7.07,7.07,7.07,3431
1703273940,2023-12-22T14:39:00.000-05:00,7.07,7.07,7.07,7.07,211
1703274000,2023-12-22T14:40:00.000-05:00,7.07,7.07,7.07,7.07,940
1703274060,2023-12-22T14:41:00.000-05:00,7.07,7.07,7.07,7.07,1374
1703274120,2023-12-22T14:42:00.000-05:00,7.071,7.08,7.07,7.08,862
1703274180,2023-12-22T14:43:00.000-05:00,7.085,7.085,7.08,7.08,620
1703274240,2023-12-22T14:44:00.000-05:00,7.0744,7.0744,7.0744,7.0744,108
1703274300,2023-12-22T14:45:00.000-05:00,7.08,7.08,7.08,7.08,531
1703274360,2023-12-22T14:46:00.000-05:00,7.081,7.081,7.08,7.08,646
1703274480,2023-12-22T14:48:00.000-05:00,7.07,7.07,7.07,7.07,100
1703274540,2023-12-22T14:49:00.000-05:00,7.07,7.07,7.07,7.07,793
1703274600,2023-12-22T14:50:00.000-05:00,7.07,7.075,7.07,7.075,321
1703274660,2023-12-22T14:51:00.000-05:00,7.08,7.08,7.08,7.08,1106
1703274780,2023-12-22T14:53:00.000-05:00,7.09,7.09,7.08,7.08,470
1703274840,2023-12-22T14:54:00.000-05:00,7.09,7.09,7.085,7.085,401
1703274900,2023-12-22T14:55:00.000-05:00,7.08,7.085,7.08,7.085,210
1703274960,2023-12-22T14:56:00.000-05:00,7.09,7.09,7.085,7.085,222
1703275020,2023-12-22T14:57:00.000-05:00,7.085,7.09,7.085,7.085,8933
1703275080,2023-12-22T14:58:00.000-05:00,7.085,7.085,7.085,7.085,655
1703275140,2023-12-22T14:59:00.000-05:00,7.09,7.09,7.085,7.085,3841
1703275200,2023-12-22T15:00:00.000-05:00,7.09,7.09,7.0801,7.085,1303
1703275260,2023-12-22T15:01:00.000-05:00,7.085,7.085,7.085,7.085,100
1703275380,2023-12-22T15:03:00.000-05:00,7.085,7.085,7.085,7.085,200
1703275440,2023-12-22T15:04:00.000-05:00,7.09,7.095,7.09,7.095,1387
1703275500,2023-12-22T15:05:00.000-05:00,7.095,7.095,7.095,7.095,201
1703275560,2023-12-22T15:06:00.000-05:00,7.1,7.1,7.1,7.1,3144
1703275620,2023-12-22T15:07:00.000-05:00,7.1,7.1,7.1,7.1,458
1703275680,2023-12-22T15:08:00.000-05:00,7.1,7.105,7.1,7.105,204
1703275740,2023-12-22T15:09:00.000-05:00,7.1,7.1,7.085,7.085,5190
1703275800,2023-12-22T15:10:00.000-05:00,7.085,7.085,7.075,7.08,3149
1703275860,2023-12-22T15:11:00.000-05:00,7.08,7.09,7.07,7.09,8163
1703275980,2023-12-22T15:13:00.000-05:00,7.0801,7.085,7.08,7.085,556
1703276040,2023-12-22T15:14:00.000-05:00,7.09,7.09,7.09,7.09,3169
1703276100,2023-12-22T15:15:00.000-05:00,7.09,7.09,7.085,7.085,5252
1703276220,2023-12-22T15:17:00.000-05:00,7.08,7.08,7.0726,7.075,3685
1703276280,2023-12-22T15:18:00.000-05:00,7.07,7.08,7.07,7.08,464
1703276340,2023-12-22T15:19:00.000-05:00,7.08,7.08,7.08,7.08,1197
1703276400,2023-12-22T15:20:00.000-05:00,7.08,7.08,7.08,7.08,1645
1703276460,2023-12-22T15:21:00.000-05:00,7.0703,7.0703,7.0703,7.0703,138
1703276520,2023-12-22T15:22:00.000-05:00,7.07,7.08,7.07,7.07,3633
1703276580,2023-12-22T15:23:00.000-05:00,7.065,7.065,7.065,7.065,657
1703276640,2023-12-22T15:24:00.000-05:00,7.07,7.07,7.07,7.07,1021
1703276700,2023-12-22T15:25:00.000-05:00,7.07,7.07,7.07,7.07,1318
1703276820,2023-12-22T15:27:00.000-05:00,7.08,7.08,7.075,7.075,617
1703276880,2023-12-22T15:28:00.000-05:00,7.075,7.08,7.075,7.075,459
1703276940,2023-12-22T15:29:00.000-05:00,7.075,7.08,7.075,7.08,630
1703277000,2023-12-22T15:30:00.000-05:00,7.075,7.085,7.075,7.085,5940
1703277060,2023-12-22T15:31:00.000-05:00,7.09,7.09,7.08,7.08,2848
1703277120,2023-12-22T15:32:00.000-05:00,7.08,7.08,7.08,7.08,427
1703277180,2023-12-22T15:33:00.000-05:00,7.075,7.075,7.075,7.075,300
1703277240,2023-12-22T15:34:00.000-05:00,7.07,7.075,7.065,7.075,6329
1703277300,2023-12-22T15:35:00.000-05:00,7.07,7.07,7.07,7.07,1313
1703277360,2023-12-22T15:36:00.000-05:00,7.07,7.07,7.065,7.07,2866
1703277480,2023-12-22T15:38:00.000-05:00,7.075,7.075,7.07,7.075,2756
1703277540,2023-12-22T15:39:00.000-05:00,7.07,7.075,7.07,7.075,200
1703277600,2023-12-22T15:40:00.000-05:00,7.07,7.07,7.065,7.065,2074
1703277660,2023-12-22T15:41:00.000-05:00,7.065,7.07,7.065,7.065,951
1703277720,2023-12-22T15:42:00.000-05:00,7.0628,7.065,7.0628,7.065,948
1703277780,2023-12-22T15:43:00.000-05:00,7.065,7.07,7.06,7.065,1932
1703277840,2023-12-22T15:44:00.000-05:00,7.07,7.07,7.07,7.07,2198
1703277900,2023-12-22T15:45:00.000-05:00,7.075,7.08,7.07,7.08,1559
1703277960,2023-12-22T15:46:00.000-05:00,7.08,7.08,7.07,7.075,1030
1703278020,2023-12-22T15:47:00.000-05:00,7.075,7.075,7.065,7.07,5017
1703278080,2023-12-22T15:48:00.000-05:00,7.065,7.065,7.06,7.065,1682
1703278140,2023-12-22T15:49:00.000-05:00,7.07,7.07,7.06,7.065,4708
1703278200,2023-12-22T15:50:00.000-05:00,7.065,7.07,7.06,7.065,9261
1703278260,2023-12-22T15:51:00.000-05:00,7.07,7.085,7.07,7.08,8206
1703278320,2023-12-22T15:52:00.000-05:00,7.075,7.08,7.07,7.075,3834
1703278380,2023-12-22T15:53:00.000-05:00,7.075,7.08,7.071,7.075,2937
1703278440,2023-12-22T15:54:00.000-05:00,7.075,7.08,7.071,7.071,7387
1703278500,2023-12-22T15:55:00.000-05:00,7.075,7.08,7.075,7.075,3859
1703278560,2023-12-22T15:56:00.000-05:00,7.075,7.08,7.07,7.08,8234
1703278620,2023-12-22T15:57:00.000-05:00,7.08,7.08,7.07,7.08,11743
1703278680,2023-12-22T15:58:00.000-05:00,7.08,7.09,7.075,7.085,12649
1703278740,2023-12-22T15:59:00.000-05:00,7.09,7.09,7.08,7.09,26380
1703278800,2023-12-22T16:00:00.000-05:00,7.09,7.09,7.09,7.09,111798
1703601000,2023-12-26T09:30:00.000-05:00,7.1,7.12,7.1,7.11,4619
1703601060,2023-12-26T09:31:00.000-05:00,7.11,7.11,7.09,7.09,1029
1703601120,2023-12-26T09:32:00.000-05:00,7.08,7.08,7.08,7.08,210
1703601300,2023-12-26T09:35:00.000-05:00,7.075,7.09,7.075,7.08,1069
1703601360,2023-12-26T09:36:00.000-05:00,7.08,7.0801,7.08,7.0801,216
1703601420,2023-12-26T09:37:00.000-05:00,7.09,7.1,7.09,7.1,3345
1703601480,2023-12-26T09:38:00.000-05:00,7.1,7.1,7.1,7.1,110
1703601540,2023-12-26T09:39:00.000-05:00,7.1,7.105,7.09,7.09,6872
1703601600,2023-12-26T09:40:00.000-05:00,7.08,7.09,7.08,7.09,1510
1703601660,2023-12-26T09:41:00.000-05:00,7.11,7.11,7.1,7.1,201
1703601720,2023-12-26T09:42:00.000-05:00,7.09,7.095,7.09,7.09,1636
1703601780,2023-12-26T09:43:00.000-05:00,7.09,7.09,7.09,7.09,100
1703601900,2023-12-26T09:45:00.000-05:00,7.0887,7.09,7.0887,7.09,1207
1703602020,2023-12-26T09:47:00.000-05:00,7.095,7.095,7.0901,7.0901,229
1703602080,2023-12-26T09:48:00.000-05:00,7.09,7.09,7.07,7.07,858
1703602140,2023-12-26T09:49:00.000-05:00,7.08,7.08,7.08,7.08,272
1703602200,2023-12-26T09:50:00.000-05:00,7.07,7.07,7.07,7.07,571
1703602260,2023-12-26T09:51:00.000-05:00,7.07,7.07,7.07,7.07,113
1703602380,2023-12-26T09:53:00.000-05:00,7.1,7.1,7.1,7.1,360
1703602620,2023-12-26T09:57:00.000-05:00,7.11,7.11,7.11,7.11,222
1703602680,2023-12-26T09:58:00.000-05:00,7.115,7.115,7.1,7.1,1290
1703602800,2023-12-26T10:00:00.000-05:00,7.11,7.11,7.11,7.11,2153
1703602860,2023-12-26T10:01:00.000-05:00,7.12,7.1245,7.12,7.12,645
1703602980,2023-12-26T10:03:00.000-05:00,7.11,7.1101,7.11,7.11,1877
1703603040,2023-12-26T10:04:00.000-05:00,7.11,7.11,7.11,7.11,730
1703603100,2023-12-26T10:05:00.000-05:00,7.11,7.11,7.11,7.11,132
1703603220,2023-12-26T10:07:00.000-05:00,7.1081,7.11,7.1081,7.11,444
1703603280,2023-12-26T10:08:00.000-05:00,7.1195,7.12,7.1195,7.12,1165
1703603340,2023-12-26T10:09:00.000-05:00,7.125,7.125,7.125,7.125,133
1703603400,2023-12-26T10:10:00.000-05:00,7.13,7.135,7.13,7.135,1037
1703603520,2023-12-26T10:12:00.000-05:00,7.13,7.13,7.115,7.115,2725
1703603700,2023-12-26T10:15:00.000-05:00,7.12,7.12,7.12,7.12,458
1703603820,2023-12-26T10:17:00.000-05:00,7.12,7.12,7.12,7.12,111
1703603940,2023-12-26T10:19:00.000-05:00,7.12,7.12,7.12,7.12,780
1703604120,2023-12-26T10:22:00.000-05:00,7.12,7.12,7.12,7.12,101
1703604180,2023-12-26T10:23:00.000-05:00,7.1294,7.13,7.1294,7.13,708
1703604240,2023-12-26T10:24:00.000-05:00,7.13,7.13,7.13,7.13,666
1703604300,2023-12-26T10:25:00.000-05:00,7.14,7.14,7.14,7.14,427
1703604360,2023-12-26T10:26:00.000-05:00,7.15,7.15,7.15,7.15,303
1703604480,2023-12-26T10:28:00.000-05:00,7.15,7.15,7.15,7.15,151
1703604600,2023-12-26T10:30:00.000-05:00,7.16,7.16,7.16,7.16,659
1703604720,2023-12-26T10:32:00.000-05:00,7.17,7.17,7.17,7.17,1444
1703604780,2023-12-26T10:33:00.000-05:00,7.17,7.17,7.17,7.17,1363
1703604840,2023-12-26T10:34:00.000-05:00,7.17,7.17,7.17,7.17,512
1703604900,2023-12-26T10:35:00.000-05:00,7.16,7.16,7.16,7.16,330
1703605020,2023-12-26T10:37:00.000-05:00,7.15,7.15,7.15,7.15,2019
1703605140,2023-12-26T10:39:00.000-05:00,7.16,7.16,7.16,7.16,1370
1703605260,2023-12-26T10:41:00.000-05:00,7.16,7.16,7.16,7.16,507
1703605320,2023-12-26T10:42:00.000-05:00,7.16,7.16,7.16,7.16,1126
1703605380,2023-12-26T10:43:00.000-05:00,7.15,7.15,7.15,7.15,576
1703605500,2023-12-26T10:45:00.000-05:00,7.145,7.16,7.145,7.15,6089
1703605560,2023-12-26T10:46:00.000-05:00,7.145,7.145,7.145,7.145,449
1703605680,2023-12-26T10:48:00.000-05:00,7.14,7.14,7.135,7.14,706
1703605740,2023-12-26T10:49:00.000-05:00,7.13,7.13,7.13,7.13,416
1703605800,2023-12-26T10:50:00.000-05:00,7.13,7.135,7.13,7.135,471
1703605860,2023-12-26T10:51:00.000-05:00,7.1301,7.1301,7.13,7.13,6021
1703606040,2023-12-26T10:54:00.000-05:00,7.1233,7.1233,7.1233,7.1233,701
1703606100,2023-12-26T10:55:00.000-05:00,7.125,7.125,7.125,7.125,317
1703606280,2023-12-26T10:58:00.000-05:00,7.13,7.13,7.13,7.13,564
1703606400,2023-12-26T11:00:00.000-05:00,7.14,7.14,7.14,7.14,137
1703606580,2023-12-26T11:03:00.000-05:00,7.145,7.145,7.145,7.145,218
1703606640,2023-12-26T11:04:00.000-05:00,7.1471,7.1471,7.1471,7.1471,121
1703606760,2023-12-26T11:06:00.000-05:00,7.145,7.145,7.145,7.145,646
1703606820,2023-12-26T11:07:00.000-05:00,7.145,7.145,7.145,7.145,205
1703606880,2023-12-26T11:08:00.000-05:00,7.145,7.145,7.145,7.145,200
1703606940,2023-12-26T11:09:00.000-05:00,7.14,7.14,7.14,7.14,130
1703607000,2023-12-26T11:10:00.000-05:00,7.14,7.14,7.14,7.14,4254
1703607060,2023-12-26T11:11:00.000-05:00,7.14,7.14,7.14,7.14,3336
1703607300,2023-12-26T11:15:00.000-05:00,7.15,7.15,7.145,7.145,233
1703607420,2023-12-26T11:17:00.000-05:00,7.149,7.149,7.1463,7.1463,280
1703607720,2023-12-26T11:22:00.000-05:00,7.1498,7.155,7.145,7.155,2945
1703607780,2023-12-26T11:23:00.000-05:00,7.155,7.155,7.155,7.155,110
1703607900,2023-12-26T11:25:00.000-05:00,7.155,7.155,7.15,7.15,2320
1703608140,2023-12-26T11:29:00.000-05:00,7.14,7.14,7.14,7.14,130
1703608200,2023-12-26T11:30:00.000-05:00,7.1408,7.1408,7.1408,7.1408,2006
1703608320,2023-12-26T11:32:00.000-05:00,7.145,7.145,7.145,7.145,4017
1703608440,2023-12-26T11:34:00.000-05:00,7.15,7.15,7.15,7.15,524
1703608560,2023-12-26T11:36:00.000-05:00,7.16,7.165,7.16,7.165,527
1703608680,2023-12-26T11:38:00.000-05:00,7.165,7.165,7.165,7.165,130
1703608800,2023-12-26T11:40:00.000-05:00,7.165,7.165,7.165,7.165,284
1703608920,2023-12-26T11:42:00.000-05:00,7.16,7.16,7.16,7.16,938
1703608980,2023-12-26T11:43:00.000-05:00,7.16,7.16,7.16,7.16,146
1703609100,2023-12-26T11:45:00.000-05:00,7.165,7.165,7.165,7.165,100
1703609280,2023-12-26T11:48:00.000-05:00,7.16,7.16,7.16,7.16,2041
1703609340,2023-12-26T11:49:00.000-05:00,7.155,7.155,7.155,7.155,104
1703609460,2023-12-26T11:51:00.000-05:00,7.15,7.15,7.15,7.15,3740
1703609640,2023-12-26T11:54:00.000-05:00,7.145,7.15,7.145,7.15,3343
1703609700,2023-12-26T11:55:00.000-05:00,7.16,7.16,7.155,7.155,384
1703609880,2023-12-26T11:58:00.000-05:00,7.16,7.16,7.16,7.16,358
1703610000,2023-12-26T12:00:00.000-05:00,7.17,7.17,7.17,7.17,105
1703610060,2023-12-26T12:01:00.000-05:00,7.165,7.165,7.165,7.165,187
1703610120,2023-12-26T12:02:00.000-05:00,7.165,7.165,7.165,7.165,168
1703610360,2023-12-26T12:06:00.000-05:00,7.165,7.165,7.165,7.165,134
1703610420,2023-12-26T12:07:00.000-05:00,7.17,7.17,7.17,7.17,1213
1703610480,2023-12-26T12:08:00.000-05:00,7.17,7.17,7.17,7.17,3431
1703610600,2023-12-26T12:10:00.000-05:00,7.18,7.18,7.18,7.18,4901
1703610660,2023-12-26T12:11:00.000-05:00,7.18,7.18,7.18,7.18,3990
1703610720,2023-12-26T12:12:00.000-05:00,7.17,7.17,7.17,7.17,2356
1703610780,2023-12-26T12:13:00.000-05:00,7.17,7.17,7.17,7.17,180
1703610900,2023-12-26T12:15:00.000-05:00,7.165,7.17,7.165,7.17,648
1703611020,2023-12-26T12:17:00.000-05:00,7.165,7.165,7.165,7.165,116
1703611200,2023-12-26T12:20:00.000-05:00,7.165,7.165,7.165,7.165,176
1703611380,2023-12-26T12:23:00.000-05:00,7.17,7.17,7.17,7.17,1916
1703611440,2023-12-26T12:24:00.000-05:00,7.175,7.175,7.17,7.17,308
1703611500,2023-12-26T12:25:00.000-05:00,7.175,7.175,7.175,7.175,106
1703611560,2023-12-26T12:26:00.000-05:00,7.18,7.18,7.18,7.18,142
1703611680,2023-12-26T12:28:00.000-05:00,7.18,7.185,7.175,7.185,1962
1703611800,2023-12-26T12:30:00.000-05:00,7.19,7.19,7.19,7.19,1036
1703611860,2023-12-26T12:31:00.000-05:00,7.2,7.2,7.2,7.2,152
1703611980,2023-12-26T12:33:00.000-05:00,7.19,7.19,7.19,7.19,3203
1703612040,2023-12-26T12:34:00.000-05:00,7.18,7.18,7.18,7.18,1562
1703612100,2023-12-26T12:35:00.000-05:00,7.18,7.18,7.18,7.18,2454
1703612160,2023-12-26T12:36:00.000-05:00,7.185,7.185,7.185,7.185,140
1703612340,2023-12-26T12:39:00.000-05:00,7.18,7.18,7.18,7.18,505
1703612700,2023-12-26T12:45:00.000-05:00,7.1715,7.19,7.1715,7.19,2207
1703612880,2023-12-26T12:48:00.000-05:00,7.19,7.19,7.19,7.19,240
1703612940,2023-12-26T12:49:00.000-05:00,7.19,7.19,7.19,7.19,3219
1703613240,2023-12-26T12:54:00.000-05:00,7.2,7.2,7.195,7.195,305
1703613300,2023-12-26T12:55:00.000-05:00,7.195,7.195,7.195,7.195,103
1703613360,2023-12-26T12:56:00.000-05:00,7.19,7.195,7.19,7.195,1148
1703613420,2023-12-26T12:57:00.000-05:00,7.19,7.19,7.19,7.19,100
1703613480,2023-12-26T12:58:00.000-05:00,7.19,7.19,7.19,7.19,100
1703613540,2023-12-26T12:59:00.000-05:00,7.19,7.1901,7.1804,7.1804,5666
1703613960,2023-12-26T13:06:00.000-05:00,7.19,7.195,7.19,7.195,1949
1703614020,2023-12-26T13:07:00.000-05:00,7.19,7.195,7.19,7.19,1997
1703614200,2023-12-26T13:10:00.000-05:00,7.19,7.19,7.19,7.19,1431
1703614260,2023-12-26T13:11:00.000-05:00,7.1925,7.1925,7.19,7.19,341
1703614500,2023-12-26T13:15:00.000-05:00,7.195,7.195,7.195,7.195,100
1703614560,2023-12-26T13:16:00.000-05:00,7.195,7.195,7.195,7.195,311
1703614740,2023-12-26T13:19:00.000-05:00,7.195,7.195,7.195,7.195,140
1703614860,2023-12-26T13:21:00.000-05:00,7.195,7.195,7.195,7.195,126
1703614980,2023-12-26T13:23:00.000-05:00,7.2,7.21,7.2,7.21,2035
1703615160,2023-12-26T13:26:00.000-05:00,7.21,7.21,7.205,7.205,504
1703615220,2023-12-26T13:27:00.000-05:00,7.2,7.2,7.2,7.2,4260
1703615280,2023-12-26T13:28:00.000-05:00,7.195,7.195,7.19,7.19,310
1703615340,2023-12-26T13:29:00.000-05:00,7.19,7.19,7.19,7.19,1846
1703615400,2023-12-26T13:30:00.000-05:00,7.19,7.195,7.19,7.195,1134
1703615460,2023-12-26T13:31:00.000-05:00,7.19,7.19,7.19,7.19,1433
1703615580,2023-12-26T13:33:00.000-05:00,7.18,7.19,7.18,7.18,1966
1703615640,2023-12-26T13:34:00.000-05:00,7.18,7.19,7.18,7.19,2354
1703615700,2023-12-26T13:35:00.000-05:00,7.2,7.2,7.2,7.2,227
1703615880,2023-12-26T13:38:00.000-05:00,7.195,7.195,7.195,7.195,137
1703615940,2023-12-26T13:39:00.000-05:00,7.195,7.195,7.195,7.195,100
1703616000,2023-12-26T13:40:00.000-05:00,7.19,7.195,7.19,7.195,3606
1703616060,2023-12-26T13:41:00.000-05:00,7.19,7.195,7.19,7.1931,593
1703616180,2023-12-26T13:43:00.000-05:00,7.195,7.195,7.195,7.195,442
1703616240,2023-12-26T13:44:00.000-05:00,7.19,7.19,7.19,7.19,111
1703616360,2023-12-26T13:46:00.000-05:00,7.19,7.192,7.19,7.192,756
1703616540,2023-12-26T13:49:00.000-05:00,7.19,7.19,7.19,7.19,100
1703616600,2023-12-26T13:50:00.000-05:00,7.195,7.195,7.19,7.19,1256
1703616660,2023-12-26T13:51:00.000-05:00,7.1975,7.1975,7.1975,7.1975,624
1703616720,2023-12-26T13:52:00.000-05:00,7.19,7.19,7.19,7.19,694
1703616780,2023-12-26T13:53:00.000-05:00,7.18,7.18,7.18,7.18,307
1703616840,2023-12-26T13:54:00.000-05:00,7.19,7.19,7.185,7.19,4516
1703616960,2023-12-26T13:56:00.000-05:00,7.195,7.195,7.195,7.195,225
1703617140,2023-12-26T13:59:00.000-05:00,7.195,7.195,7.195,7.195,407
1703617380,2023-12-26T14:03:00.000-05:00,7.2,7.205,7.2,7.205,870
1703617560,2023-12-26T14:06:00.000-05:00,7.21,7.22,7.21,7.215,3306
1703617680,2023-12-26T14:08:00.000-05:00,7.22,7.22,7.21,7.21,367
1703617800,2023-12-26T14:10:00.000-05:00,7.2124,7.2124,7.2124,7.2124,1180
1703617860,2023-12-26T14:11:00.000-05:00,7.21,7.21,7.21,7.21,148
1703617980,2023-12-26T14:13:00.000-05:00,7.22,7.22,7.21,7.21,3347
1703618040,2023-12-26T14:14:00.000-05:00,7.205,7.205,7.205,7.205,250
1703618100,2023-12-26T14:15:00.000-05:00,7.205,7.205,7.2,7.205,325
1703618400,2023-12-26T14:20:00.000-05:00,7.205,7.21,7.205,7.21,229
1703618460,2023-12-26T14:21:00.000-05:00,7.21,7.21,7.21,7.21,177
1703618580,2023-12-26T14:23:00.000-05:00,7.2,7.2,7.2,7.2,204
1703618760,2023-12-26T14:26:00.000-05:00,7.21,7.21,7.21,7.21,262
1703618880,2023-12-26T14:28:00.000-05:00,7.2,7.2,7.2,7.2,512
1703619000,2023-12-26T14:30:00.000-05:00,7.205,7.205,7.205,7.205,900
1703619060,2023-12-26T14:31:00.000-05:00,7.205,7.205,7.205,7.205,559
1703619120,2023-12-26T14:32:00.000-05:00,7.205,7.205,7.205,7.205,204
1703619180,2023-12-26T14:33:00.000-05:00,7.2,7.2,7.2,7.2,134
1703619240,2023-12-26T14:34:00.000-05:00,7.21,7.21,7.205,7.205,1746
1703619300,2023-12-26T14:35:00.000-05:00,7.21,7.21,7.21,7.21,464
1703619360,2023-12-26T14:36:00.000-05:00,7.21,7.22,7.205,7.215,17029
1703619420,2023-12-26T14:37:00.000-05:00,7.22,7.225,7.22,7.225,3650
1703619480,2023-12-26T14:38:00.000-05:00,7.2229,7.23,7.2229,7.23,5238
1703619540,2023-12-26T14:39:00.000-05:00,7.23,7.235,7.23,7.235,821
1703619600,2023-12-26T14:40:00.000-05:00,7.24,7.24,7.24,7.24,100
1703619660,2023-12-26T14:41:00.000-05:00,7.24,7.24,7.235,7.235,1581
1703619840,2023-12-26T14:44:00.000-05:00,7.23,7.23,7.23,7.23,6170
1703619960,2023-12-26T14:46:00.000-05:00,7.2275,7.2275,7.225,7.225,365
1703620020,2023-12-26T14:47:00.000-05:00,7.23,7.23,7.23,7.23,7070
1703620080,2023-12-26T14:48:00.000-05:00,7.2312,7.2312,7.2312,7.2312,213
1703620200,2023-12-26T14:50:00.000-05:00,7.235,7.24,7.23,7.23,2054
1703620260,2023-12-26T14:51:00.000-05:00,7.23,7.23,7.22,7.22,14502
1703620320,2023-12-26T14:52:00.000-05:00,7.2208,7.2208,7.2208,7.2208,4001
1703620380,2023-12-26T14:53:00.000-05:00,7.23,7.23,7.22,7.22,5444
1703620440,2023-12-26T14:54:00.000-05:00,7.215,7.215,7.2,7.2,22305
1703620500,2023-12-26T14:55:00.000-05:00,7.2,7.21,7.2,7.205,5699
1703620560,2023-12-26T14:56:00.000-05:00,7.21,7.215,7.21,7.21,5811
1703620620,2023-12-26T14:57:00.000-05:00,7.21,7.21,7.21,7.21,1052
1703620740,2023-12-26T14:59:00.000-05:00,7.21,7.21,7.205,7.205,204
1703620800,2023-12-26T15:00:00.000-05:00,7.21,7.21,7.21,7.21,117
1703620860,2023-12-26T15:01:00.000-05:00,7.205,7.21,7.205,7.21,1774
1703620980,2023-12-26T15:03:00.000-05:00,7.21,7.215,7.21,7.21,6932
1703621040,2023-12-26T15:04:00.000-05:00,7.205,7.205,7.205,7.205,301
1703621100,2023-12-26T15:05:00.000-05:00,7.21,7.215,7.21,7.215,1585
1703621160,2023-12-26T15:06:00.000-05:00,7.22,7.22,7.22,7.22,131
1703621220,2023-12-26T15:07:00.000-05:00,7.215,7.215,7.215,7.215,329
1703621340,2023-12-26T15:09:00.000-05:00,7.215,7.215,7.215,7.215,242
1703621460,2023-12-26T15:11:00.000-05:00,7.215,7.215,7.21,7.215,446
1703621520,2023-12-26T15:12:00.000-05:00,7.215,7.215,7.215,7.215,220
1703621580,2023-12-26T15:13:00.000-05:00,7.21,7.215,7.21,7.21,6897
1703621700,2023-12-26T15:15:00.000-05:00,7.21,7.21,7.21,7.21,109
1703621760,2023-12-26T15:16:00.000-05:00,7.21,7.22,7.21,7.21,4551
1703621820,2023-12-26T15:17:00.000-05:00,7.21,7.21,7.21,7.21,2437
1703621880,2023-12-26T15:18:00.000-05:00,7.21,7.21,7.2,7.21,5320
1703621940,2023-12-26T15:19:00.000-05:00,7.21,7.21,7.21,7.21,2251
1703622000,2023-12-26T15:20:00.000-05:00,7.21,7.21,7.21,7.21,1012
1703622060,2023-12-26T15:21:00.000-05:00,7.215,7.215,7.21,7.21,308
1703622120,2023-12-26T15:22:00.000-05:00,7.215,7.215,7.215,7.215,108
1703622180,2023-12-26T15:23:00.000-05:00,7.22,7.22,7.22,7.22,208
1703622240,2023-12-26T15:24:00.000-05:00,7.22,7.22,7.22,7.22,1276
1703622300,2023-12-26T15:25:00.000-05:00,7.22,7.23,7.22,7.225,697
1703622360,2023-12-26T15:26:00.000-05:00,7.228,7.228,7.215,7.215,6720
1703622420,2023-12-26T15:27:00.000-05:00,7.22,7.22,7.215,7.215,215
1703622660,2023-12-26T15:31:00.000-05:00,7.22,7.23,7.22,7.23,732
1703622720,2023-12-26T15:32:00.000-05:00,7.23,7.23,7.23,7.23,400
1703622780,2023-12-26T15:33:00.000-05:00,7.23,7.23,7.23,7.23,209
1703622840,2023-12-26T15:34:00.000-05:00,7.23,7.235,7.23,7.235,1378
1703622900,2023-12-26T15:35:00.000-05:00,7.23,7.235,7.23,7.235,735
1703622960,2023-12-26T15:36:00.000-05:00,7.235,7.235,7.23,7.235,1459
1703623020,2023-12-26T15:37:00.000-05:00,7.235,7.235,7.23,7.23,2147
1703623080,2023-12-26T15:38:00.000-05:00,7.23,7.23,7.23,7.23,4762
1703623140,2023-12-26T15:39:00.000-05:00,7.23,7.23,7.23,7.23,1718
1703623320,2023-12-26T15:42:00.000-05:00,7.23,7.23,7.23,7.23,915
1703623380,2023-12-26T15:43:00.000-05:00,7.235,7.24,7.235,7.24,666
1703623440,2023-12-26T15:44:00.000-05:00,7.24,7.24,7.24,7.24,253
1703623500,2023-12-26T15:45:00.000-05:00,7.235,7.24,7.235,7.24,955
1703623560,2023-12-26T15:46:00.000-05:00,7.24,7.24,7.24,7.24,352
1703623620,2023-12-26T15:47:00.000-05:00,7.24,7.24,7.235,7.24,439
1703623680,2023-12-26T15:48:00.000-05:00,7.235,7.24,7.235,7.24,764
1703623740,2023-12-26T15:49:00.000-05:00,7.24,7.25,7.24,7.245,5476
1703623800,2023-12-26T15:50:00.000-05:00,7.24,7.24,7.23,7.23,4721
1703623860,2023-12-26T15:51:00.000-05:00,7.22,7.22,7.22,7.22,2268
1703623920,2023-12-26T15:52:00.000-05:00,7.215,7.22,7.215,7.215,757
1703623980,2023-12-26T15:53:00.000-05:00,7.21,7.215,7.21,7.215,321
1703624040,2023-12-26T15:54:00.000-05:00,7.21,7.21,7.2087,7.21,6994
1703624100,2023-12-26T15:55:00.000-05:00,7.21,7.21,7.21,7.21,872
1703624160,2023-12-26T15:56:00.000-05:00,7.21,7.21,7.2,7.205,4044
1703624220,2023-12-26T15:57:00.000-05:00,7.205,7.21,7.2,7.21,6649
1703624280,2023-12-26T15:58:00.000-05:00,7.205,7.21,7.205,7.21,3680
1703624340,2023-12-26T15:59:00.000-05:00,7.21,7.21,7.2,7.21,8659
1703624400,2023-12-26T16:00:00.000-05:00,7.21,7.21,7.21,7.21,71737
1703625600,2023-12-26T16:20:00.000-05:00,7.21,7.21,7.21,7.21,1315
1703687400,2023-12-27T09:30:00.000-05:00,7.2,7.2,7.13,7.13,15399
1703687460,2023-12-27T09:31:00.000-05:00,7.13,7.13,7.13,7.13,310
1703687520,2023-12-27T09:32:00.000-05:00,7.16,7.17,7.15,7.16,1108
1703687640,2023-12-27T09:34:00.000-05:00,7.165,7.165,7.165,7.165,216
1703687700,2023-12-27T09:35:00.000-05:00,7.145,7.145,7.13,7.131,988
1703687760,2023-12-27T09:36:00.000-05:00,7.13,7.13,7.12,7.12,5728
1703687820,2023-12-27T09:37:00.000-05:00,7.13,7.15,7.13,7.15,951
1703687880,2023-12-27T09:38:00.000-05:00,7.14,7.16,7.14,7.16,1242
1703687940,2023-12-27T09:39:00.000-05:00,7.155,7.16,7.155,7.16,1310
1703688000,2023-12-27T09:40:00.000-05:00,7.17,7.17,7.16,7.16,1120
1703688120,2023-12-27T09:42:00.000-05:00,7.145,7.16,7.145,7.16,410
1703688180,2023-12-27T09:43:00.000-05:00,7.165,7.165,7.165,7.165,110
1703688240,2023-12-27T09:44:00.000-05:00,7.17,7.19,7.17,7.185,5879
1703688300,2023-12-27T09:45:00.000-05:00,7.195,7.2,7.195,7.2,867
1703688360,2023-12-27T09:46:00.000-05:00,7.2,7.2,7.19,7.19,12612
1703688420,2023-12-27T09:47:00.000-05:00,7.17,7.17,7.17,7.17,136
1703688480,2023-12-27T09:48:00.000-05:00,7.17,7.17,7.17,7.17,306
1703688540,2023-12-27T09:49:00.000-05:00,7.17,7.17,7.162,7.165,316
1703688600,2023-12-27T09:50:00.000-05:00,7.17,7.17,7.165,7.165,1190
1703688660,2023-12-27T09:51:00.000-05:00,7.16,7.16,7.16,7.16,309
1703688720,2023-12-27T09:52:00.000-05:00,7.17,7.18,7.17,7.18,402
1703688840,2023-12-27T09:54:00.000-05:00,7.19,7.19,7.19,7.19,135
1703688900,2023-12-27T09:55:00.000-05:00,7.19,7.19,7.19,7.19,121
1703688960,2023-12-27T09:56:00.000-05:00,7.2,7.2,7.19,7.19,284
1703689080,2023-12-27T09:58:00.000-05:00,7.18,7.18,7.175,7.175,2155
1703689140,2023-12-27T09:59:00.000-05:00,7.1702,7.1702,7.1702,7.1702,136
1703689260,2023-12-27T10:01:00.000-05:00,7.181,7.181,7.181,7.181,315
1703689320,2023-12-27T10:02:00.000-05:00,7.185,7.185,7.185,7.185,201
1703689500,2023-12-27T10:05:00.000-05:00,7.1884,7.1884,7.1884,7.1884,408
1703689620,2023-12-27T10:07:00.000-05:00,7.19,7.195,7.19,7.195,609
1703689800,2023-12-27T10:10:00.000-05:00,7.22,7.23,7.22,7.23,2037
1703689860,2023-12-27T10:11:00.000-05:00,7.225,7.225,7.22,7.22,487
1703689920,2023-12-27T10:12:00.000-05:00,7.21,7.22,7.21,7.22,9776
1703689980,2023-12-27T10:13:00.000-05:00,7.21,7.21,7.21,7.21,383
1703690040,2023-12-27T10:14:00.000-05:00,7.2,7.2,7.18,7.1805,15445
1703690100,2023-12-27T10:15:00.000-05:00,7.18,7.18,7.18,7.18,225
1703690280,2023-12-27T10:18:00.000-05:00,7.18,7.18,7.18,7.18,415
1703690400,2023-12-27T10:20:00.000-05:00,7.17,7.17,7.17,7.17,100
1703690520,2023-12-27T10:22:00.000-05:00,7.18,7.18,7.18,7.18,1557
1703690580,2023-12-27T10:23:00.000-05:00,7.19,7.19,7.19,7.19,110
1703690640,2023-12-27T10:24:00.000-05:00,7.2,7.2,7.2,7.2,640
1703690760,2023-12-27T10:26:00.000-05:00,7.21,7.21,7.21,7.21,1487
1703690880,2023-12-27T10:28:00.000-05:00,7.2,7.2,7.2,7.2,856
1703690940,2023-12-27T10:29:00.000-05:00,7.1962,7.1962,7.1962,7.1962,726
1703691000,2023-12-27T10:30:00.000-05:00,7.2,7.2,7.195,7.195,1093
1703691060,2023-12-27T10:31:00.000-05:00,7.19,7.19,7.19,7.19,522
1703691120,2023-12-27T10:32:00.000-05:00,7.19,7.19,7.181,7.19,492
1703691240,2023-12-27T10:34:00.000-05:00,7.1808,7.185,7.1808,7.185,385
1703691300,2023-12-27T10:35:00.000-05:00,7.18,7.18,7.18,7.18,2616
1703691360,2023-12-27T10:36:00.000-05:00,7.19,7.19,7.19,7.19,430
1703691420,2023-12-27T10:37:00.000-05:00,7.185,7.185,7.185,7.185,109
1703691540,2023-12-27T10:39:00.000-05:00,7.19,7.195,7.19,7.195,1398
1703691600,2023-12-27T10:40:00.000-05:00,7.19,7.19,7.19,7.19,1784
1703691660,2023-12-27T10:41:00.000-05:00,7.19,7.195,7.19,7.195,409
1703691720,2023-12-27T10:42:00.000-05:00,7.19,7.19,7.18,7.18,1014
1703691780,2023-12-27T10:43:00.000-05:00,7.18,7.18,7.18,7.18,115
1703691840,2023-12-27T10:44:00.000-05:00,7.19,7.19,7.19,7.19,327
1703691900,2023-12-27T10:45:00.000-05:00,7.2,7.2,7.2,7.2,744
1703691960,2023-12-27T10:46:00.000-05:00,7.2,7.205,7.2,7.205,558
1703692020,2023-12-27T10:47:00.000-05:00,7.205,7.205,7.205,7.205,104
1703692080,2023-12-27T10:48:00.000-05:00,7.2,7.2,7.2,7.2,311
1703692200,2023-12-27T10:50:00.000-05:00,7.19,7.19,7.19,7.19,1636
1703692560,2023-12-27T10:56:00.000-05:00,7.18,7.18,7.18,7.18,581
1703692620,2023-12-27T10:57:00.000-05:00,7.17,7.17,7.17,7.17,710
1703692680,2023-12-27T10:58:00.000-05:00,7.17,7.175,7.17,7.175,2216
1703692740,2023-12-27T10:59:00.000-05:00,7.175,7.175,7.17,7.17,912
1703692800,2023-12-27T11:00:00.000-05:00,7.17,7.17,7.17,7.17,483
1703692920,2023-12-27T11:02:00.000-05:00,7.165,7.165,7.165,7.165,747
1703692980,2023-12-27T11:03:00.000-05:00,7.16,7.16,7.16,7.16,834
1703693040,2023-12-27T11:04:00.000-05:00,7.16,7.16,7.16,7.16,1048
1703693160,2023-12-27T11:06:00.000-05:00,7.17,7.17,7.17,7.17,221
1703693220,2023-12-27T11:07:00.000-05:00,7.1645,7.165,7.1645,7.165,462
1703693280,2023-12-27T11:08:00.000-05:00,7.165,7.165,7.165,7.165,161
1703693340,2023-12-27T11:09:00.000-05:00,7.165,7.165,7.165,7.165,344
1703693400,2023-12-27T11:10:00.000-05:00,7.16,7.16,7.155,7.155,1012
1703693460,2023-12-27T11:11:00.000-05:00,7.16,7.16,7.16,7.16,113
1703693520,2023-12-27T11:12:00.000-05:00,7.16,7.17,7.16,7.17,918
1703693640,2023-12-27T11:14:00.000-05:00,7.17,7.17,7.17,7.17,133
1703693700,2023-12-27T11:15:00.000-05:00,7.17,7.175,7.17,7.175,454
1703693760,2023-12-27T11:16:00.000-05:00,7.175,7.175,7.175,7.175,125
1703693820,2023-12-27T11:17:00.000-05:00,7.18,7.18,7.18,7.18,249
1703694000,2023-12-27T11:20:00.000-05:00,7.185,7.185,7.185,7.185,202
1703694060,2023-12-27T11:21:00.000-05:00,7.185,7.19,7.185,7.19,246
1703694300,2023-12-27T11:25:00.000-05:00,7.185,7.185,7.185,7.185,643
1703694360,2023-12-27T11:26:00.000-05:00,7.185,7.185,7.185,7.185,333
1703694420,2023-12-27T11:27:00.000-05:00,7.188,7.188,7.1875,7.1875,242
1703694480,2023-12-27T11:28:00.000-05:00,7.185,7.185,7.185,7.185,322
1703694540,2023-12-27T11:29:00.000-05:00,7.185,7.185,7.185,7.185,219
1703694600,2023-12-27T11:30:00.000-05:00,7.185,7.185,7.185,7.185,119
1703694660,2023-12-27T11:31:00.000-05:00,7.185,7.185,7.185,7.185,217
1703694720,2023-12-27T11:32:00.000-05:00,7.185,7.19,7.185,7.19,1543
1703694780,2023-12-27T11:33:00.000-05:00,7.191,7.191,7.17,7.18,23350
1703694840,2023-12-27T11:34:00.000-05:00,7.18,7.18,7.18,7.18,304
1703694900,2023-12-27T11:35:00.000-05:00,7.18,7.19,7.18,7.19,2819
1703694960,2023-12-27T11:36:00.000-05:00,7.185,7.185,7.18,7.185,808
1703695020,2023-12-27T11:37:00.000-05:00,7.18,7.18,7.17,7.17,2216
1703695080,2023-12-27T11:38:00.000-05:00,7.17,7.18,7.17,7.18,4118
1703695140,2023-12-27T11:39:00.000-05:00,7.18,7.1886,7.18,7.1886,1021
1703695320,2023-12-27T11:42:00.000-05:00,7.19,7.19,7.19,7.19,113
1703695440,2023-12-27T11:44:00.000-05:00,7.1801,7.1801,7.1801,7.1801,684
1703695500,2023-12-27T11:45:00.000-05:00,7.185,7.185,7.185,7.185,111
1703695560,2023-12-27T11:46:00.000-05:00,7.19,7.19,7.19,7.19,838
1703695620,2023-12-27T11:47:00.000-05:00,7.195,7.195,7.195,7.195,302
1703695920,2023-12-27T11:52:00.000-05:00,7.19,7.19,7.18,7.185,3142
1703695980,2023-12-27T11:53:00.000-05:00,7.18,7.18,7.18,7.18,161
1703696040,2023-12-27T11:54:00.000-05:00,7.18,7.184,7.18,7.184,3562
1703696100,2023-12-27T11:55:00.000-05:00,7.18,7.18,7.18,7.18,401
1703696160,2023-12-27T11:56:00.000-05:00,7.18,7.185,7.18,7.185,1165
1703696220,2023-12-27T11:57:00.000-05:00,7.18,7.18,7.175,7.175,439
1703696280,2023-12-27T11:58:00.000-05:00,7.175,7.175,7.175,7.175,164
1703696460,2023-12-27T12:01:00.000-05:00,7.18,7.18,7.1714,7.18,437
1703696520,2023-12-27T12:02:00.000-05:00,7.175,7.175,7.175,7.175,202
1703696640,2023-12-27T12:04:00.000-05:00,7.175,7.175,7.175,7.175,100
1703696700,2023-12-27T12:05:00.000-05:00,7.18,7.18,7.18,7.18,400
1703696760,2023-12-27T12:06:00.000-05:00,7.17,7.17,7.17,7.17,109
1703696820,2023-12-27T12:07:00.000-05:00,7.18,7.18,7.18,7.18,983
1703697000,2023-12-27T12:10:00.000-05:00,7.19,7.195,7.19,7.195,569
1703697060,2023-12-27T12:11:00.000-05:00,7.2,7.205,7.2,7.2,1129
1703697120,2023-12-27T12:12:00.000-05:00,7.2,7.2,7.2,7.2,112
1703697180,2023-12-27T12:13:00.000-05:00,7.2,7.2,7.2,7.2,1022
1703697240,2023-12-27T12:14:00.000-05:00,7.1902,7.1902,7.1902,7.1902,149
1703697300,2023-12-27T12:15:00.000-05:00,7.195,7.195,7.1901,7.1901,594
1703697420,2023-12-27T12:17:00.000-05:00,7.19,7.19,7.19,7.19,1132
1703697480,2023-12-27T12:18:00.000-05:00,7.19,7.195,7.19,7.195,2567
1703697600,2023-12-27T12:20:00.000-05:00,7.19,7.19,7.19,7.19,101
1703697660,2023-12-27T12:21:00.000-05:00,7.19,7.19,7.19,7.19,238
1703697720,2023-12-27T12:22:00.000-05:00,7.19,7.19,7.19,7.19,334
1703697840,2023-12-27T12:24:00.000-05:00,7.185,7.185,7.185,7.185,206
1703697900,2023-12-27T12:25:00.000-05:00,7.18,7.18,7.18,7.18,101
1703698080,2023-12-27T12:28:00.000-05:00,7.18,7.18,7.18,7.18,102
1703698140,2023-12-27T12:29:00.000-05:00,7.1801,7.1801,7.1801,7.1801,466
1703698200,2023-12-27T12:30:00.000-05:00,7.185,7.185,7.182,7.182,848
1703698380,2023-12-27T12:33:00.000-05:00,7.1899,7.1899,7.1844,7.1844,211
1703698500,2023-12-27T12:35:00.000-05:00,7.185,7.185,7.185,7.185,240
1703698560,2023-12-27T12:36:00.000-05:00,7.18,7.18,7.18,7.18,982
1703698680,2023-12-27T12:38:00.000-05:00,7.17,7.17,7.17,7.17,600
1703698860,2023-12-27T12:41:00.000-05:00,7.175,7.175,7.175,7.175,224
1703698920,2023-12-27T12:42:00.000-05:00,7.17,7.17,7.165,7.165,1360
1703699040,2023-12-27T12:44:00.000-05:00,7.165,7.165,7.165,7.165,297
1703699100,2023-12-27T12:45:00.000-05:00,7.165,7.165,7.165,7.165,251
1703699160,2023-12-27T12:46:00.000-05:00,7.17,7.175,7.17,7.175,1316
1703699280,2023-12-27T12:48:00.000-05:00,7.17,7.17,7.17,7.17,257
1703699340,2023-12-27T12:49:00.000-05:00,7.175,7.175,7.17,7.17,300
1703699400,2023-12-27T12:50:00.000-05:00,7.17,7.17,7.17,7.17,250
1703699700,2023-12-27T12:55:00.000-05:00,7.18,7.18,7.18,7.18,321
1703699760,2023-12-27T12:56:00.000-05:00,7.18,7.185,7.18,7.185,459
1703699880,2023-12-27T12:58:00.000-05:00,7.185,7.185,7.185,7.185,200
1703699940,2023-12-27T12:59:00.000-05:00,7.185,7.185,7.185,7.185,511
1703700060,2023-12-27T13:01:00.000-05:00,7.19,7.19,7.19,7.19,636
1703700120,2023-12-27T13:02:00.000-05:00,7.2,7.2,7.195,7.195,389
1703700180,2023-12-27T13:03:00.000-05:00,7.2,7.2,7.195,7.195,1170
1703700300,2023-12-27T13:05:00.000-05:00,7.2,7.2,7.195,7.195,3231
1703700360,2023-12-27T13:06:00.000-05:00,7.195,7.21,7.195,7.21,10111
1703700420,2023-12-27T13:07:00.000-05:00,7.2,7.2,7.2,7.2,626
1703700480,2023-12-27T13:08:00.000-05:00,7.21,7.21,7.21,7.21,614
1703700540,2023-12-27T13:09:00.000-05:00,7.21,7.21,7.21,7.21,110
1703700600,2023-12-27T13:10:00.000-05:00,7.21,7.21,7.21,7.21,121
1703700660,2023-12-27T13:11:00.000-05:00,7.21,7.215,7.21,7.215,3473
1703700720,2023-12-27T13:12:00.000-05:00,7.215,7.2299,7.21,7.2299,6930
1703700780,2023-12-27T13:13:00.000-05:00,7.22,7.23,7.22,7.22,2659
1703700840,2023-12-27T13:14:00.000-05:00,7.215,7.215,7.215,7.215,110
1703700900,2023-12-27T13:15:00.000-05:00,7.21,7.215,7.21,7.215,200
1703701020,2023-12-27T13:17:00.000-05:00,7.21,7.21,7.21,7.21,4249
1703701080,2023-12-27T13:18:00.000-05:00,7.21,7.215,7.21,7.215,698
1703701140,2023-12-27T13:19:00.000-05:00,7.21,7.21,7.21,7.21,740
1703701200,2023-12-27T13:20:00.000-05:00,7.21,7.21,7.21,7.21,386
1703701260,2023-12-27T13:21:00.000-05:00,7.2199,7.2199,7.2199,7.2199,332
1703701320,2023-12-27T13:22:00.000-05:00,7.21,7.21,7.21,7.21,429
1703701380,2023-12-27T13:23:00.000-05:00,7.21,7.21,7.21,7.21,1299
1703701500,2023-12-27T13:25:00.000-05:00,7.205,7.205,7.205,7.205,131
1703701560,2023-12-27T13:26:00.000-05:00,7.21,7.21,7.21,7.21,169
1703701680,2023-12-27T13:28:00.000-05:00,7.205,7.205,7.205,7.205,318
1703701740,2023-12-27T13:29:00.000-05:00,7.205,7.205,7.205,7.205,478
1703701860,2023-12-27T13:31:00.000-05:00,7.205,7.205,7.2001,7.2001,345
1703701920,2023-12-27T13:32:00.000-05:00,7.205,7.205,7.2,7.205,838
1703701980,2023-12-27T13:33:00.000-05:00,7.21,7.21,7.205,7.205,926
1703702040,2023-12-27T13:34:00.000-05:00,7.205,7.205,7.205,7.205,499
1703702100,2023-12-27T13:35:00.000-05:00,7.21,7.21,7.21,7.21,106
1703702160,2023-12-27T13:36:00.000-05:00,7.21,7.21,7.21,7.21,106
1703702220,2023-12-27T13:37:00.000-05:00,7.205,7.205,7.205,7.205,400
1703702340,2023-12-27T13:39:00.000-05:00,7.21,7.215,7.21,7.215,2738
1703702400,2023-12-27T13:40:00.000-05:00,7.22,7.22,7.22,7.22,306
1703702460,2023-12-27T13:41:00.000-05:00,7.22,7.22,7.215,7.215,420
1703702520,2023-12-27T13:42:00.000-05:00,7.215,7.215,7.215,7.215,212
1703702640,2023-12-27T13:44:00.000-05:00,7.22,7.225,7.22,7.225,4296
1703702700,2023-12-27T13:45:00.000-05:00,7.22,7.225,7.22,7.225,693
1703702820,2023-12-27T13:47:00.000-05:00,7.225,7.225,7.225,7.225,100
1703702880,2023-12-27T13:48:00.000-05:00,7.225,7.225,7.225,7.225,610
1703702940,2023-12-27T13:49:00.000-05:00,7.225,7.225,7.225,7.225,100
1703703060,2023-12-27T13:51:00.000-05:00,7.225,7.225,7.21,7.215,9685
1703703180,2023-12-27T13:53:00.000-05:00,7.211,7.211,7.211,7.211,1279
1703703240,2023-12-27T13:54:00.000-05:00,7.215,7.215,7.215,7.215,648
1703703300,2023-12-27T13:55:00.000-05:00,7.21,7.21,7.2,7.2,2722
1703703360,2023-12-27T13:56:00.000-05:00,7.205,7.205,7.2,7.2,6719
1703703420,2023-12-27T13:57:00.000-05:00,7.205,7.205,7.205,7.205,100
1703703480,2023-12-27T13:58:00.000-05:00,7.205,7.205,7.205,7.205,300
1703703540,2023-12-27T13:59:00.000-05:00,7.2,7.2,7.2,7.2,616
1703703600,2023-12-27T14:00:00.000-05:00,7.19,7.19,7.18,7.18,1884
1703703660,2023-12-27T14:01:00.000-05:00,7.19,7.19,7.185,7.185,217
1703703720,2023-12-27T14:02:00.000-05:00,7.18,7.18,7.18,7.18,1076
1703703780,2023-12-27T14:03:00.000-05:00,7.175,7.175,7.175,7.175,211
1703703840,2023-12-27T14:04:00.000-05:00,7.175,7.175,7.165,7.165,1109
1703703900,2023-12-27T14:05:00.000-05:00,7.165,7.17,7.165,7.17,215
1703703960,2023-12-27T14:06:00.000-05:00,7.165,7.175,7.165,7.175,813
1703704020,2023-12-27T14:07:00.000-05:00,7.18,7.18,7.18,7.18,1951
1703704080,2023-12-27T14:08:00.000-05:00,7.185,7.185,7.185,7.185,578
1703704200,2023-12-27T14:10:00.000-05:00,7.18,7.185,7.18,7.181,986
1703704260,2023-12-27T14:11:00.000-05:00,7.18,7.18,7.18,7.18,3148
1703704320,2023-12-27T14:12:00.000-05:00,7.175,7.175,7.175,7.175,204
1703704380,2023-12-27T14:13:00.000-05:00,7.18,7.185,7.18,7.185,821
1703704440,2023-12-27T14:14:00.000-05:00,7.19,7.19,7.185,7.185,1210
1703704560,2023-12-27T14:16:00.000-05:00,7.19,7.19,7.19,7.19,2711
1703704680,2023-12-27T14:18:00.000-05:00,7.19,7.19,7.185,7.185,323
1703704800,2023-12-27T14:20:00.000-05:00,7.19,7.195,7.19,7.195,1257
1703704860,2023-12-27T14:21:00.000-05:00,7.19,7.19,7.19,7.19,2265
1703704920,2023-12-27T14:22:00.000-05:00,7.19,7.195,7.19,7.195,2612
1703704980,2023-12-27T14:23:00.000-05:00,7.195,7.195,7.195,7.195,234
1703705040,2023-12-27T14:24:00.000-05:00,7.2,7.205,7.2,7.205,3073
1703705100,2023-12-27T14:25:00.000-05:00,7.21,7.21,7.2,7.2,1798
1703705160,2023-12-27T14:26:00.000-05:00,7.195,7.21,7.195,7.21,1034
1703705220,2023-12-27T14:27:00.000-05:00,7.2,7.2,7.19,7.19,1751
1703705340,2023-12-27T14:29:00.000-05:00,7.195,7.195,7.195,7.195,411
1703705400,2023-12-27T14:30:00.000-05:00,7.19,7.19,7.185,7.185,1373
1703705460,2023-12-27T14:31:00.000-05:00,7.185,7.185,7.18,7.18,463
1703705580,2023-12-27T14:33:00.000-05:00,7.18,7.18,7.18,7.18,612
1703705640,2023-12-27T14:34:00.000-05:00,7.18,7.18,7.175,7.175,1502
1703705700,2023-12-27T14:35:00.000-05:00,7.175,7.175,7.175,7.175,296
1703705760,2023-12-27T14:36:00.000-05:00,7.175,7.185,7.175,7.185,3405
1703705820,2023-12-27T14:37:00.000-05:00,7.1834,7.185,7.1834,7.185,296
1703705880,2023-12-27T14:38:00.000-05:00,7.185,7.185,7.185,7.185,306
1703705940,2023-12-27T14:39:00.000-05:00,7.18,7.18,7.18,7.18,201
1703706000,2023-12-27T14:40:00.000-05:00,7.185,7.185,7.18,7.18,928
1703706060,2023-12-27T14:41:00.000-05:00,7.18,7.18,7.18,7.18,3278
1703706120,2023-12-27T14:42:00.000-05:00,7.175,7.175,7.175,7.175,300
1703706180,2023-12-27T14:43:00.000-05:00,7.17,7.17,7.17,7.17,112
1703706240,2023-12-27T14:44:00.000-05:00,7.175,7.175,7.175,7.175,306
1703706300,2023-12-27T14:45:00.000-05:00,7.18,7.18,7.175,7.175,200
1703706360,2023-12-27T14:46:00.000-05:00,7.175,7.175,7.175,7.175,689
1703706420,2023-12-27T14:47:00.000-05:00,7.175,7.175,7.175,7.175,300
1703706480,2023-12-27T14:48:00.000-05:00,7.175,7.175,7.175,7.175,502
1703706540,2023-12-27T14:49:00.000-05:00,7.17,7.175,7.17,7.175,3149
1703706600,2023-12-27T14:50:00.000-05:00,7.17,7.17,7.17,7.17,309
1703706660,2023-12-27T14:51:00.000-05:00,7.17,7.17,7.17,7.17,390
1703706720,2023-12-27T14:52:00.000-05:00,7.17,7.17,7.16,7.16,300
1703706840,2023-12-27T14:54:00.000-05:00,7.165,7.165,7.16,7.16,444
1703706960,2023-12-27T14:56:00.000-05:00,7.165,7.165,7.16,7.1635,807
1703707080,2023-12-27T14:58:00.000-05:00,7.165,7.165,7.165,7.165,203
1703707140,2023-12-27T14:59:00.000-05:00,7.165,7.17,7.165,7.17,244
1703707200,2023-12-27T15:00:00.000-05:00,7.165,7.165,7.165,7.165,1370
1703707260,2023-12-27T15:01:00.000-05:00,7.165,7.18,7.165,7.18,4507
1703707320,2023-12-27T15:02:00.000-05:00,7.1701,7.1883,7.1701,7.185,3971
1703707380,2023-12-27T15:03:00.000-05:00,7.185,7.19,7.185,7.19,2579
1703707440,2023-12-27T15:04:00.000-05:00,7.19,7.19,7.19,7.19,100
1703707500,2023-12-27T15:05:00.000-05:00,7.185,7.185,7.185,7.185,1334
1703707560,2023-12-27T15:06:00.000-05:00,7.19,7.19,7.185,7.185,5618
1703707620,2023-12-27T15:07:00.000-05:00,7.185,7.185,7.185,7.185,436
1703707680,2023-12-27T15:08:00.000-05:00,7.185,7.185,7.185,7.185,221
1703707740,2023-12-27T15:09:00.000-05:00,7.185,7.185,7.185,7.185,818
1703707800,2023-12-27T15:10:00.000-05:00,7.185,7.185,7.185,7.185,758
1703707860,2023-12-27T15:11:00.000-05:00,7.185,7.185,7.185,7.185,498
1703707920,2023-12-27T15:12:00.000-05:00,7.18,7.185,7.18,7.185,1357
1703707980,2023-12-27T15:13:00.000-05:00,7.185,7.19,7.185,7.1895,1371
1703708040,2023-12-27T15:14:00.000-05:00,7.185,7.185,7.18,7.185,631
1703708100,2023-12-27T15:15:00.000-05:00,7.185,7.185,7.185,7.185,591
1703708160,2023-12-27T15:16:00.000-05:00,7.185,7.185,7.185,7.185,493
1703708220,2023-12-27T15:17:00.000-05:00,7.185,7.185,7.185,7.185,1411
1703708280,2023-12-27T15:18:00.000-05:00,7.185,7.185,7.18,7.185,733
1703708340,2023-12-27T15:19:00.000-05:00,7.185,7.19,7.185,7.185,697
1703708400,2023-12-27T15:20:00.000-05:00,7.185,7.185,7.185,7.185,1299
1703708460,2023-12-27T15:21:00.000-05:00,7.185,7.185,7.185,7.185,511
1703708580,2023-12-27T15:23:00.000-05:00,7.185,7.185,7.155,7.155,16507
1703708640,2023-12-27T15:24:00.000-05:00,7.16,7.16,7.155,7.16,7313
1703708700,2023-12-27T15:25:00.000-05:00,7.155,7.16,7.15,7.16,6223
1703708760,2023-12-27T15:26:00.000-05:00,7.16,7.16,7.16,7.16,486
1703708820,2023-12-27T15:27:00.000-05:00,7.16,7.165,7.155,7.155,4100
1703708880,2023-12-27T15:28:00.000-05:00,7.16,7.16,7.16,7.16,502
1703708940,2023-12-27T15:29:00.000-05:00,7.16,7.16,7.16,7.16,553
1703709000,2023-12-27T15:30:00.000-05:00,7.16,7.16,7.15,7.15,2332
1703709060,2023-12-27T15:31:00.000-05:00,7.155,7.155,7.155,7.155,151
1703709120,2023-12-27T15:32:00.000-05:00,7.155,7.16,7.155,7.16,958
1703709180,2023-12-27T15:33:00.000-05:00,7.16,7.165,7.16,7.165,4248
1703709240,2023-12-27T15:34:00.000-05:00,7.17,7.175,7.17,7.175,1455
1703709300,2023-12-27T15:35:00.000-05:00,7.175,7.18,7.175,7.175,1165
1703709360,2023-12-27T15:36:00.000-05:00,7.1701,7.18,7.1701,7.18,438
1703709420,2023-12-27T15:37:00.000-05:00,7.175,7.175,7.175,7.175,1400
1703709540,2023-12-27T15:39:00.000-05:00,7.18,7.185,7.18,7.185,2320
1703709600,2023-12-27T15:40:00.000-05:00,7.185,7.185,7.18,7.18,5106
1703709660,2023-12-27T15:41:00.000-05:00,7.18,7.18,7.17,7.17,1684
1703709720,2023-12-27T15:42:00.000-05:00,7.17,7.175,7.17,7.175,5818
1703709780,2023-12-27T15:43:00.000-05:00,7.17,7.17,7.17,7.17,1279
1703709840,2023-12-27T15:44:00.000-05:00,7.165,7.165,7.165,7.165,140
1703709900,2023-12-27T15:45:00.000-05:00,7.165,7.17,7.16,7.1655,2994
1703709960,2023-12-27T15:46:00.000-05:00,7.17,7.18,7.17,7.18,2696
1703710080,2023-12-27T15:48:00.000-05:00,7.175,7.18,7.175,7.18,846
1703710140,2023-12-27T15:49:00.000-05:00,7.175,7.175,7.175,7.175,2429
1703710200,2023-12-27T15:50:00.000-05:00,7.17,7.175,7.17,7.17,3230
1703710260,2023-12-27T15:51:00.000-05:00,7.17,7.175,7.165,7.165,6048
1703710320,2023-12-27T15:52:00.000-05:00,7.17,7.18,7.17,7.18,5276
1703710380,2023-12-27T15:53:00.000-05:00,7.18,7.18,7.175,7.175,764
1703710440,2023-12-27T15:54:00.000-05:00,7.18,7.18,7.175,7.18,1055
1703710500,2023-12-27T15:55:00.000-05:00,7.18,7.18,7.18,7.18,1781
1703710560,2023-12-27T15:56:00.000-05:00,7.175,7.18,7.175,7.175,3849
1703710620,2023-12-27T15:57:00.000-05:00,7.18,7.18,7.175,7.18,3444
1703710680,2023-12-27T15:58:00.000-05:00,7.175,7.19,7.175,7.185,10006
1703710740,2023-12-27T15:59:00.000-05:00,7.185,7.19,7.175,7.19,21816
1703710800,2023-12-27T16:00:00.000-05:00,7.19,7.19,7.19,7.19,89172
1703722140,2023-12-27T19:09:00.000-05:00,7.47,7.47,7.47,7.47,140
1703773800,2023-12-28T09:30:00.000-05:00,7.13,7.13,7.11,7.11,7134
1703773860,2023-12-28T09:31:00.000-05:00,7.14,7.14,7.14,7.14,221
1703773920,2023-12-28T09:32:00.000-05:00,7.15,7.16,7.15,7.16,318
1703774100,2023-12-28T09:35:00.000-05:00,7.145,7.15,7.13,7.14,10211
1703774160,2023-12-28T09:36:00.000-05:00,7.14,7.16,7.135,7.16,6567
1703774340,2023-12-28T09:39:00.000-05:00,7.17,7.18,7.17,7.18,1159
1703774400,2023-12-28T09:40:00.000-05:00,7.2,7.2,7.1925,7.195,807
1703774460,2023-12-28T09:41:00.000-05:00,7.19,7.19,7.18,7.18,685
1703774580,2023-12-28T09:43:00.000-05:00,7.17,7.1701,7.16,7.16,1605
1703774640,2023-12-28T09:44:00.000-05:00,7.15,7.15,7.15,7.15,107
1703774700,2023-12-28T09:45:00.000-05:00,7.145,7.161,7.145,7.161,1903
1703774760,2023-12-28T09:46:00.000-05:00,7.175,7.18,7.175,7.18,308
1703774880,2023-12-28T09:48:00.000-05:00,7.18,7.18,7.18,7.18,298
1703774940,2023-12-28T09:49:00.000-05:00,7.18,7.18,7.18,7.18,226
1703775000,2023-12-28T09:50:00.000-05:00,7.19,7.19,7.19,7.19,103
1703775060,2023-12-28T09:51:00.000-05:00,7.19,7.19,7.19,7.19,290
1703775120,2023-12-28T09:52:00.000-05:00,7.195,7.195,7.19,7.19,1580
1703775240,2023-12-28T09:54:00.000-05:00,7.195,7.195,7.195,7.195,143
1703775300,2023-12-28T09:55:00.000-05:00,7.2,7.2,7.2,7.2,663
1703775360,2023-12-28T09:56:00.000-05:00,7.2,7.2,7.2,7.2,761
1703775420,2023-12-28T09:57:00.000-05:00,7.205,7.205,7.205,7.205,426
1703775480,2023-12-28T09:58:00.000-05:00,7.205,7.21,7.205,7.205,1362
1703775540,2023-12-28T09:59:00.000-05:00,7.205,7.215,7.205,7.215,1328
1703775600,2023-12-28T10:00:00.000-05:00,7.21,7.21,7.21,7.21,2347
1703775660,2023-12-28T10:01:00.000-05:00,7.22,7.22,7.21,7.21,858
1703775720,2023-12-28T10:02:00.000-05:00,7.21,7.21,7.21,7.21,116
1703775780,2023-12-28T10:03:00.000-05:00,7.21,7.21,7.205,7.205,1118
1703775840,2023-12-28T10:04:00.000-05:00,7.205,7.205,7.205,7.205,200
1703775900,2023-12-28T10:05:00.000-05:00,7.205,7.21,7.205,7.21,500
1703775960,2023-12-28T10:06:00.000-05:00,7.205,7.205,7.2026,7.205,1083
1703776020,2023-12-28T10:07:00.000-05:00,7.205,7.205,7.205,7.205,177
1703776080,2023-12-28T10:08:00.000-05:00,7.21,7.21,7.21,7.21,238
1703776200,2023-12-28T10:10:00.000-05:00,7.205,7.205,7.205,7.205,119
1703776260,2023-12-28T10:11:00.000-05:00,7.2,7.21,7.2,7.21,4241
1703776320,2023-12-28T10:12:00.000-05:00,7.21,7.215,7.21,7.215,831
1703776380,2023-12-28T10:13:00.000-05:00,7.21,7.215,7.205,7.205,1752
1703776440,2023-12-28T10:14:00.000-05:00,7.205,7.21,7.205,7.21,405
1703776500,2023-12-28T10:15:00.000-05:00,7.205,7.21,7.205,7.21,819
1703776560,2023-12-28T10:16:00.000-05:00,7.21,7.21,7.21,7.21,152
1703776680,2023-12-28T10:18:00.000-05:00,7.21,7.21,7.21,7.21,2259
1703776740,2023-12-28T10:19:00.000-05:00,7.21,7.215,7.21,7.215,603
1703776860,2023-12-28T10:21:00.000-05:00,7.22,7.225,7.22,7.225,1368
1703776980,2023-12-28T10:23:00.000-05:00,7.22,7.22,7.22,7.22,1211
1703777040,2023-12-28T10:24:00.000-05:00,7.215,7.215,7.215,7.215,100
1703777220,2023-12-28T10:27:00.000-05:00,7.22,7.22,7.22,7.22,716
1703777280,2023-12-28T10:28:00.000-05:00,7.225,7.225,7.225,7.225,278
1703777340,2023-12-28T10:29:00.000-05:00,7.22,7.22,7.22,7.22,919
1703777400,2023-12-28T10:30:00.000-05:00,7.22,7.22,7.22,7.22,1007
1703777460,2023-12-28T10:31:00.000-05:00,7.22,7.225,7.22,7.225,406
1703777520,2023-12-28T10:32:00.000-05:00,7.225,7.225,7.225,7.225,127
1703777580,2023-12-28T10:33:00.000-05:00,7.23,7.2401,7.23,7.2401,4280
1703777640,2023-12-28T10:34:00.000-05:00,7.24,7.24,7.235,7.235,4544
1703777700,2023-12-28T10:35:00.000-05:00,7.23,7.23,7.23,7.23,311
1703777820,2023-12-28T10:37:00.000-05:00,7.225,7.225,7.22,7.22,2656
1703777880,2023-12-28T10:38:00.000-05:00,7.23,7.23,7.23,7.23,220
1703778000,2023-12-28T10:40:00.000-05:00,7.23,7.235,7.23,7.235,751
1703778060,2023-12-28T10:41:00.000-05:00,7.24,7.24,7.24,7.24,460
1703778120,2023-12-28T10:42:00.000-05:00,7.24,7.24,7.24,7.24,196
1703778180,2023-12-28T10:43:00.000-05:00,7.24,7.24,7.24,7.24,134
1703778240,2023-12-28T10:44:00.000-05:00,7.23,7.23,7.23,7.23,2310
1703778300,2023-12-28T10:45:00.000-05:00,7.23,7.23,7.23,7.23,358
1703778360,2023-12-28T10:46:00.000-05:00,7.23,7.23,7.23,7.23,1113
1703778420,2023-12-28T10:47:00.000-05:00,7.23,7.235,7.23,7.235,2376
1703778480,2023-12-28T10:48:00.000-05:00,7.23,7.23,7.23,7.23,2102
1703778540,2023-12-28T10:49:00.000-05:00,7.23,7.235,7.23,7.235,1512
1703778600,2023-12-28T10:50:00.000-05:00,7.23,7.235,7.23,7.23,860
1703778660,2023-12-28T10:51:00.000-05:00,7.23,7.235,7.23,7.235,343
1703778720,2023-12-28T10:52:00.000-05:00,7.23,7.23,7.23,7.23,1614
1703778780,2023-12-28T10:53:00.000-05:00,7.24,7.24,7.24,7.24,261
1703778900,2023-12-28T10:55:00.000-05:00,7.23,7.235,7.23,7.23,16116
1703778960,2023-12-28T10:56:00.000-05:00,7.23,7.23,7.225,7.2266,2310
1703779020,2023-12-28T10:57:00.000-05:00,7.23,7.23,7.22,7.225,300
1703779080,2023-12-28T10:58:00.000-05:00,7.225,7.225,7.225,7.225,829
1703779200,2023-12-28T11:00:00.000-05:00,7.23,7.23,7.23,7.23,402
1703779260,2023-12-28T11:01:00.000-05:00,7.23,7.23,7.221,7.225,1360
1703779320,2023-12-28T11:02:00.000-05:00,7.2209,7.225,7.22,7.225,3117
1703779380,2023-12-28T11:03:00.000-05:00,7.225,7.225,7.225,7.225,318
1703779440,2023-12-28T11:04:00.000-05:00,7.22,7.225,7.22,7.225,6707
1703779620,2023-12-28T11:07:00.000-05:00,7.215,7.215,7.205,7.215,6308
1703779680,2023-12-28T11:08:00.000-05:00,7.22,7.225,7.22,7.225,2253
1703779740,2023-12-28T11:09:00.000-05:00,7.225,7.225,7.225,7.225,150
1703779800,2023-12-28T11:10:00.000-05:00,7.23,7.235,7.23,7.235,740
1703779920,2023-12-28T11:12:00.000-05:00,7.24,7.24,7.24,7.24,487
1703779980,2023-12-28T11:13:00.000-05:00,7.24,7.24,7.24,7.24,731
1703780040,2023-12-28T11:14:00.000-05:00,7.235,7.235,7.235,7.235,160
1703780160,2023-12-28T11:16:00.000-05:00,7.235,7.235,7.235,7.235,130
1703780220,2023-12-28T11:17:00.000-05:00,7.23,7.23,7.23,7.23,2432
1703780280,2023-12-28T11:18:00.000-05:00,7.23,7.23,7.23,7.23,301
1703780340,2023-12-28T11:19:00.000-05:00,7.2303,7.2303,7.225,7.225,770
1703780400,2023-12-28T11:20:00.000-05:00,7.225,7.225,7.2225,7.2225,401
1703780520,2023-12-28T11:22:00.000-05:00,7.23,7.23,7.23,7.23,1373
1703780700,2023-12-28T11:25:00.000-05:00,7.2387,7.2387,7.23,7.23,800
1703780820,2023-12-28T11:27:00.000-05:00,7.235,7.24,7.235,7.24,1278
1703780880,2023-12-28T11:28:00.000-05:00,7.24,7.24,7.24,7.24,446
1703780940,2023-12-28T11:29:00.000-05:00,7.24,7.245,7.24,7.24,2631
1703781060,2023-12-28T11:31:00.000-05:00,7.235,7.235,7.235,7.235,200
1703781180,2023-12-28T11:33:00.000-05:00,7.235,7.24,7.235,7.24,707
1703781240,2023-12-28T11:34:00.000-05:00,7.235,7.235,7.225,7.225,2776
1703781300,2023-12-28T11:35:00.000-05:00,7.225,7.23,7.225,7.23,1213
1703781360,2023-12-28T11:36:00.000-05:00,7.23,7.235,7.23,7.235,275
1703781420,2023-12-28T11:37:00.000-05:00,7.23,7.235,7.23,7.23,563
1703781480,2023-12-28T11:38:00.000-05:00,7.23,7.235,7.23,7.235,338
1703781540,2023-12-28T11:39:00.000-05:00,7.235,7.235,7.23,7.235,651
1703781600,2023-12-28T11:40:00.000-05:00,7.24,7.24,7.235,7.235,300
1703781660,2023-12-28T11:41:00.000-05:00,7.24,7.24,7.24,7.24,151
1703781780,2023-12-28T11:43:00.000-05:00,7.24,7.24,7.24,7.24,130
1703781900,2023-12-28T11:45:00.000-05:00,7.24,7.24,7.235,7.235,2289
1703781960,2023-12-28T11:46:00.000-05:00,7.235,7.235,7.2308,7.2308,400
1703782020,2023-12-28T11:47:00.000-05:00,7.23,7.232,7.23,7.232,312
1703782080,2023-12-28T11:48:00.000-05:00,7.235,7.235,7.235,7.235,101
1703782140,2023-12-28T11:49:00.000-05:00,7.24,7.24,7.24,7.24,118
1703782320,2023-12-28T11:52:00.000-05:00,7.235,7.235,7.235,7.235,1001
1703782440,2023-12-28T11:54:00.000-05:00,7.23,7.24,7.23,7.24,305
1703782500,2023-12-28T11:55:00.000-05:00,7.24,7.245,7.24,7.245,1081
1703782680,2023-12-28T11:58:00.000-05:00,7.245,7.25,7.245,7.25,502
1703782740,2023-12-28T11:59:00.000-05:00,7.245,7.245,7.245,7.245,100
1703782800,2023-12-28T12:00:00.000-05:00,7.245,7.245,7.245,7.245,600
1703782860,2023-12-28T12:01:00.000-05:00,7.25,7.255,7.25,7.255,1150
1703782920,2023-12-28T12:02:00.000-05:00,7.25,7.25,7.25,7.25,1093
1703782980,2023-12-28T12:03:00.000-05:00,7.245,7.245,7.245,7.245,230
1703783220,2023-12-28T12:07:00.000-05:00,7.245,7.245,7.245,7.245,231
1703783340,2023-12-28T12:09:00.000-05:00,7.245,7.245,7.245,7.245,230
1703783580,2023-12-28T12:13:00.000-05:00,7.2487,7.2487,7.2487,7.2487,150
1703783640,2023-12-28T12:14:00.000-05:00,7.2427,7.2427,7.2427,7.2427,1166
1703783700,2023-12-28T12:15:00.000-05:00,7.25,7.255,7.25,7.255,730
1703783880,2023-12-28T12:18:00.000-05:00,7.25,7.255,7.25,7.255,570
1703783940,2023-12-28T12:19:00.000-05:00,7.255,7.255,7.255,7.255,206
1703784000,2023-12-28T12:20:00.000-05:00,7.255,7.255,7.255,7.255,106
1703784060,2023-12-28T12:21:00.000-05:00,7.25,7.25,7.245,7.245,2178
1703784120,2023-12-28T12:22:00.000-05:00,7.25,7.25,7.245,7.245,364
1703784240,2023-12-28T12:24:00.000-05:00,7.245,7.25,7.245,7.25,205
1703784420,2023-12-28T12:27:00.000-05:00,7.25,7.25,7.25,7.25,1007
1703784600,2023-12-28T12:30:00.000-05:00,7.245,7.245,7.245,7.245,358
1703784660,2023-12-28T12:31:00.000-05:00,7.245,7.25,7.245,7.25,300
1703784720,2023-12-28T12:32:00.000-05:00,7.245,7.25,7.245,7.25,1553
1703784900,2023-12-28T12:35:00.000-05:00,7.25,7.25,7.245,7.245,300
1703784960,2023-12-28T12:36:00.000-05:00,7.25,7.25,7.25,7.25,200
1703785020,2023-12-28T12:37:00.000-05:00,7.245,7.245,7.245,7.245,318
1703785080,2023-12-28T12:38:00.000-05:00,7.245,7.25,7.245,7.25,522
1703785140,2023-12-28T12:39:00.000-05:00,7.245,7.245,7.245,7.245,210
1703785200,2023-12-28T12:40:00.000-05:00,7.245,7.245,7.245,7.245,263
1703785260,2023-12-28T12:41:00.000-05:00,7.245,7.245,7.245,7.245,116
1703785380,2023-12-28T12:43:00.000-05:00,7.24,7.24,7.235,7.235,1472
1703785560,2023-12-28T12:46:00.000-05:00,7.2302,7.2302,7.23,7.23,640
1703785620,2023-12-28T12:47:00.000-05:00,7.23,7.23,7.23,7.23,1695
1703785740,2023-12-28T12:49:00.000-05:00,7.225,7.225,7.225,7.225,202
1703785800,2023-12-28T12:50:00.000-05:00,7.225,7.225,7.225,7.225,400
1703785920,2023-12-28T12:52:00.000-05:00,7.23,7.23,7.23,7.23,3375
1703785980,2023-12-28T12:53:00.000-05:00,7.225,7.225,7.225,7.225,420
1703786040,2023-12-28T12:54:00.000-05:00,7.225,7.225,7.225,7.225,504
1703786100,2023-12-28T12:55:00.000-05:00,7.225,7.225,7.225,7.225,249
1703786220,2023-12-28T12:57:00.000-05:00,7.23,7.23,7.23,7.23,210
1703786280,2023-12-28T12:58:00.000-05:00,7.225,7.23,7.225,7.23,239
1703786460,2023-12-28T13:01:00.000-05:00,7.23,7.235,7.225,7.225,3823
1703786520,2023-12-28T13:02:00.000-05:00,7.225,7.225,7.22,7.225,1600
1703786580,2023-12-28T13:03:00.000-05:00,7.225,7.225,7.22,7.225,3840
1703786640,2023-12-28T13:04:00.000-05:00,7.22,7.235,7.22,7.235,2343
1703786700,2023-12-28T13:05:00.000-05:00,7.23,7.23,7.23,7.23,1536
1703786760,2023-12-28T13:06:00.000-05:00,7.23,7.23,7.23,7.23,1920
1703786880,2023-12-28T13:08:00.000-05:00,7.23,7.23,7.23,7.23,751
1703787060,2023-12-28T13:11:00.000-05:00,7.24,7.24,7.24,7.24,792
1703787120,2023-12-28T13:12:00.000-05:00,7.235,7.235,7.23,7.23,1002
1703787180,2023-12-28T13:13:00.000-05:00,7.23,7.23,7.225,7.225,206
1703787420,2023-12-28T13:17:00.000-05:00,7.225,7.225,7.225,7.225,172
1703787480,2023-12-28T13:18:00.000-05:00,7.23,7.23,7.23,7.23,1977
1703787600,2023-12-28T13:20:00.000-05:00,7.24,7.24,7.2325,7.2325,2258
1703787660,2023-12-28T13:21:00.000-05:00,7.235,7.235,7.235,7.235,100
1703787720,2023-12-28T13:22:00.000-05:00,7.23,7.23,7.2299,7.23,6961
1703787840,2023-12-28T13:24:00.000-05:00,7.23,7.235,7.23,7.23,310
1703787960,2023-12-28T13:26:00.000-05:00,7.24,7.24,7.2325,7.2325,850
1703788020,2023-12-28T13:27:00.000-05:00,7.2325,7.2325,7.2325,7.2325,144
1703788080,2023-12-28T13:28:00.000-05:00,7.235,7.235,7.2325,7.2325,231
1703788200,2023-12-28T13:30:00.000-05:00,7.24,7.24,7.2325,7.2325,318
1703788260,2023-12-28T13:31:00.000-05:00,7.2325,7.245,7.2325,7.245,1019
1703788320,2023-12-28T13:32:00.000-05:00,7.245,7.245,7.245,7.245,237
1703788380,2023-12-28T13:33:00.000-05:00,7.24,7.245,7.24,7.245,310
1703788500,2023-12-28T13:35:00.000-05:00,7.24,7.25,7.24,7.24,371
1703788560,2023-12-28T13:36:00.000-05:00,7.245,7.25,7.24,7.25,1031
1703788620,2023-12-28T13:37:00.000-05:00,7.255,7.255,7.2525,7.255,364
1703788680,2023-12-28T13:38:00.000-05:00,7.25,7.25,7.25,7.25,107
1703788740,2023-12-28T13:39:00.000-05:00,7.25,7.26,7.25,7.25,502
1703788800,2023-12-28T13:40:00.000-05:00,7.25,7.25,7.25,7.25,2166
1703788860,2023-12-28T13:41:00.000-05:00,7.24,7.24,7.24,7.24,115
1703788920,2023-12-28T13:42:00.000-05:00,7.2425,7.25,7.2425,7.25,306
1703788980,2023-12-28T13:43:00.000-05:00,7.25,7.25,7.245,7.245,200
1703789040,2023-12-28T13:44:00.000-05:00,7.245,7.245,7.24,7.245,446
1703789100,2023-12-28T13:45:00.000-05:00,7.24,7.245,7.24,7.245,200
1703789160,2023-12-28T13:46:00.000-05:00,7.24,7.24,7.23,7.23,859
1703789220,2023-12-28T13:47:00.000-05:00,7.235,7.235,7.2311,7.2311,397
1703789280,2023-12-28T13:48:00.000-05:00,7.23,7.235,7.23,7.235,402
1703789340,2023-12-28T13:49:00.000-05:00,7.23,7.23,7.23,7.23,156
1703789400,2023-12-28T13:50:00.000-05:00,7.23,7.235,7.23,7.235,301
1703789460,2023-12-28T13:51:00.000-05:00,7.23,7.235,7.23,7.235,300
1703789520,2023-12-28T13:52:00.000-05:00,7.23,7.23,7.23,7.23,209
1703789580,2023-12-28T13:53:00.000-05:00,7.23,7.2347,7.23,7.2325,554
1703789640,2023-12-28T13:54:00.000-05:00,7.235,7.235,7.2325,7.2325,318
1703789700,2023-12-28T13:55:00.000-05:00,7.23,7.235,7.23,7.235,207
1703789760,2023-12-28T13:56:00.000-05:00,7.23,7.23,7.23,7.23,202
1703789820,2023-12-28T13:57:00.000-05:00,7.235,7.235,7.23,7.235,1117
1703789880,2023-12-28T13:58:00.000-05:00,7.23,7.23,7.23,7.23,286
1703789940,2023-12-28T13:59:00.000-05:00,7.235,7.235,7.23,7.235,461
1703790000,2023-12-28T14:00:00.000-05:00,7.2325,7.2325,7.2325,7.2325,210
1703790060,2023-12-28T14:01:00.000-05:00,7.2325,7.2325,7.2325,7.2325,122
1703790120,2023-12-28T14:02:00.000-05:00,7.23,7.23,7.23,7.23,219
1703790240,2023-12-28T14:04:00.000-05:00,7.24,7.24,7.2325,7.2325,683
1703790300,2023-12-28T14:05:00.000-05:00,7.24,7.24,7.24,7.24,233
1703790360,2023-12-28T14:06:00.000-05:00,7.2325,7.245,7.2325,7.245,2053
1703790420,2023-12-28T14:07:00.000-05:00,7.24,7.24,7.24,7.24,1391
1703790540,2023-12-28T14:09:00.000-05:00,7.235,7.24,7.235,7.24,424
1703790780,2023-12-28T14:13:00.000-05:00,7.23,7.235,7.23,7.235,201
1703790840,2023-12-28T14:14:00.000-05:00,7.23,7.23,7.23,7.23,119
1703790900,2023-12-28T14:15:00.000-05:00,7.23,7.23,7.23,7.23,274
1703790960,2023-12-28T14:16:00.000-05:00,7.2387,7.2387,7.2387,7.2387,627
1703791080,2023-12-28T14:18:00.000-05:00,7.23,7.23,7.23,7.23,225
1703791200,2023-12-28T14:20:00.000-05:00,7.235,7.235,7.235,7.235,450
1703791260,2023-12-28T14:21:00.000-05:00,7.24,7.245,7.24,7.245,838
1703791500,2023-12-28T14:25:00.000-05:00,7.245,7.245,7.245,7.245,114
1703791560,2023-12-28T14:26:00.000-05:00,7.24,7.24,7.24,7.24,102
1703791620,2023-12-28T14:27:00.000-05:00,7.245,7.245,7.245,7.245,1000
1703791680,2023-12-28T14:28:00.000-05:00,7.245,7.245,7.24,7.24,204
1703791740,2023-12-28T14:29:00.000-05:00,7.25,7.25,7.25,7.25,814
1703791800,2023-12-28T14:30:00.000-05:00,7.24,7.24,7.235,7.24,2697
1703791860,2023-12-28T14:31:00.000-05:00,7.24,7.245,7.235,7.245,3654
1703791980,2023-12-28T14:33:00.000-05:00,7.24,7.24,7.235,7.235,2127
1703792100,2023-12-28T14:35:00.000-05:00,7.2379,7.2379,7.235,7.235,469
1703792160,2023-12-28T14:36:00.000-05:00,7.24,7.24,7.24,7.24,130
1703792220,2023-12-28T14:37:00.000-05:00,7.24,7.245,7.24,7.245,2592
1703792280,2023-12-28T14:38:00.000-05:00,7.245,7.245,7.245,7.245,647
1703792400,2023-12-28T14:40:00.000-05:00,7.245,7.245,7.24,7.2401,1332
1703792460,2023-12-28T14:41:00.000-05:00,7.245,7.245,7.245,7.245,202
1703792520,2023-12-28T14:42:00.000-05:00,7.245,7.245,7.24,7.24,1724
1703792580,2023-12-28T14:43:00.000-05:00,7.24,7.24,7.24,7.24,284
1703792640,2023-12-28T14:44:00.000-05:00,7.24,7.24,7.24,7.24,371
1703792760,2023-12-28T14:46:00.000-05:00,7.24,7.24,7.24,7.24,500
1703792820,2023-12-28T14:47:00.000-05:00,7.235,7.235,7.235,7.235,112
1703792880,2023-12-28T14:48:00.000-05:00,7.235,7.24,7.2308,7.24,3261
1703792940,2023-12-28T14:49:00.000-05:00,7.24,7.24,7.24,7.24,125
1703793000,2023-12-28T14:50:00.000-05:00,7.24,7.245,7.24,7.245,1413
1703793060,2023-12-28T14:51:00.000-05:00,7.245,7.245,7.245,7.245,115
1703793120,2023-12-28T14:52:00.000-05:00,7.245,7.245,7.245,7.245,713
1703793180,2023-12-28T14:53:00.000-05:00,7.245,7.245,7.24,7.24,270
1703793240,2023-12-28T14:54:00.000-05:00,7.2409,7.2409,7.2409,7.2409,827
1703793300,2023-12-28T14:55:00.000-05:00,7.241,7.241,7.241,7.241,281
1703793360,2023-12-28T14:56:00.000-05:00,7.24,7.245,7.24,7.245,408
1703793420,2023-12-28T14:57:00.000-05:00,7.245,7.245,7.245,7.245,404
1703793480,2023-12-28T14:58:00.000-05:00,7.245,7.245,7.24,7.24,720
1703793540,2023-12-28T14:59:00.000-05:00,7.245,7.245,7.245,7.245,211
1703793660,2023-12-28T15:01:00.000-05:00,7.245,7.245,7.245,7.245,578
1703793720,2023-12-28T15:02:00.000-05:00,7.245,7.245,7.24,7.24,501
1703793780,2023-12-28T15:03:00.000-05:00,7.245,7.255,7.245,7.255,3309
1703793840,2023-12-28T15:04:00.000-05:00,7.255,7.255,7.25,7.25,2476
1703793900,2023-12-28T15:05:00.000-05:00,7.245,7.25,7.245,7.25,689
1703794020,2023-12-28T15:07:00.000-05:00,7.245,7.245,7.245,7.245,545
1703794080,2023-12-28T15:08:00.000-05:00,7.245,7.245,7.245,7.245,100
1703794200,2023-12-28T15:10:00.000-05:00,7.245,7.245,7.245,7.245,191
1703794320,2023-12-28T15:12:00.000-05:00,7.24,7.24,7.24,7.24,3513
1703794380,2023-12-28T15:13:00.000-05:00,7.235,7.235,7.235,7.235,1628
1703794500,2023-12-28T15:15:00.000-05:00,7.23,7.23,7.23,7.23,100
1703794560,2023-12-28T15:16:00.000-05:00,7.23,7.235,7.23,7.235,1112
1703794620,2023-12-28T15:17:00.000-05:00,7.235,7.24,7.235,7.24,400
1703794680,2023-12-28T15:18:00.000-05:00,7.235,7.24,7.235,7.24,896
1703794740,2023-12-28T15:19:00.000-05:00,7.24,7.245,7.24,7.245,5249
1703794800,2023-12-28T15:20:00.000-05:00,7.24,7.24,7.24,7.24,2283
1703794860,2023-12-28T15:21:00.000-05:00,7.235,7.235,7.235,7.235,210
1703795040,2023-12-28T15:24:00.000-05:00,7.235,7.245,7.235,7.245,1986
1703795220,2023-12-28T15:27:00.000-05:00,7.24,7.245,7.24,7.245,289
1703795280,2023-12-28T15:28:00.000-05:00,7.24,7.24,7.24,7.24,2390
1703795340,2023-12-28T15:29:00.000-05:00,7.24,7.24,7.24,7.24,1039
1703795400,2023-12-28T15:30:00.000-05:00,7.245,7.245,7.245,7.245,342
1703795520,2023-12-28T15:32:00.000-05:00,7.25,7.2508,7.25,7.2508,8051
1703795580,2023-12-28T15:33:00.000-05:00,7.255,7.26,7.255,7.26,545
1703795640,2023-12-28T15:34:00.000-05:00,7.26,7.26,7.26,7.26,442
1703795700,2023-12-28T15:35:00.000-05:00,7.26,7.265,7.26,7.265,1398
1703795760,2023-12-28T15:36:00.000-05:00,7.265,7.265,7.265,7.265,173
1703795820,2023-12-28T15:37:00.000-05:00,7.26,7.265,7.26,7.265,527
1703795880,2023-12-28T15:38:00.000-05:00,7.265,7.265,7.265,7.265,257
1703795940,2023-12-28T15:39:00.000-05:00,7.2687,7.2687,7.265,7.265,246
1703796000,2023-12-28T15:40:00.000-05:00,7.265,7.2699,7.265,7.2699,839
1703796060,2023-12-28T15:41:00.000-05:00,7.27,7.27,7.265,7.265,479
1703796120,2023-12-28T15:42:00.000-05:00,7.265,7.27,7.265,7.265,1624
1703796180,2023-12-28T15:43:00.000-05:00,7.27,7.27,7.27,7.27,670
1703796240,2023-12-28T15:44:00.000-05:00,7.27,7.27,7.27,7.27,694
1703796300,2023-12-28T15:45:00.000-05:00,7.27,7.27,7.265,7.27,3427
1703796360,2023-12-28T15:46:00.000-05:00,7.27,7.275,7.27,7.275,2936
1703796420,2023-12-28T15:47:00.000-05:00,7.27,7.27,7.26,7.26,10640
1703796480,2023-12-28T15:48:00.000-05:00,7.25,7.255,7.25,7.255,368
1703796540,2023-12-28T15:49:00.000-05:00,7.25,7.252,7.25,7.252,545
1703796600,2023-12-28T15:50:00.000-05:00,7.26,7.26,7.255,7.2568,1855
1703796660,2023-12-28T15:51:00.000-05:00,7.255,7.255,7.255,7.255,1405
1703796720,2023-12-28T15:52:00.000-05:00,7.26,7.26,7.26,7.26,1057
1703796780,2023-12-28T15:53:00.000-05:00,7.26,7.265,7.26,7.265,3648
1703796840,2023-12-28T15:54:00.000-05:00,7.265,7.27,7.265,7.27,2772
1703796900,2023-12-28T15:55:00.000-05:00,7.26,7.27,7.26,7.27,2735
1703796960,2023-12-28T15:56:00.000-05:00,7.27,7.27,7.265,7.27,3590
1703797020,2023-12-28T15:57:00.000-05:00,7.27,7.27,7.265,7.27,2308
1703797080,2023-12-28T15:58:00.000-05:00,7.27,7.27,7.265,7.27,5395
1703797140,2023-12-28T15:59:00.000-05:00,7.27,7.3,7.27,7.3,43314
1703797200,2023-12-28T16:00:00.000-05:00,7.3,7.3,7.3,7.3,109594
1703798400,2023-12-28T16:20:00.000-05:00,7.3,7.3,7.3,7.3,8401
1703799360,2023-12-28T16:36:00.000-05:00,7.05,7.05,7.05,7.05,139
1703860200,2023-12-29T09:30:00.000-05:00,7.25,7.25,7.19,7.19,8471
1703860260,2023-12-29T09:31:00.000-05:00,7.2,7.2,7.185,7.185,1190
1703860320,2023-12-29T09:32:00.000-05:00,7.17,7.1731,7.16,7.1731,8500
1703860380,2023-12-29T09:33:00.000-05:00,7.2,7.21,7.2,7.21,1008
1703860440,2023-12-29T09:34:00.000-05:00,7.215,7.215,7.21,7.21,1105
1703860500,2023-12-29T09:35:00.000-05:00,7.215,7.22,7.21,7.22,2795
1703860560,2023-12-29T09:36:00.000-05:00,7.215,7.215,7.215,7.215,368
1703860620,2023-12-29T09:37:00.000-05:00,7.24,7.24,7.24,7.24,111
1703860680,2023-12-29T09:38:00.000-05:00,7.24,7.24,7.24,7.24,128
1703860740,2023-12-29T09:39:00.000-05:00,7.255,7.255,7.24,7.24,312
1703860800,2023-12-29T09:40:00.000-05:00,7.24,7.24,7.24,7.24,228
1703860860,2023-12-29T09:41:00.000-05:00,7.23,7.23,7.23,7.23,543
1703860980,2023-12-29T09:43:00.000-05:00,7.25,7.25,7.25,7.25,622
1703861040,2023-12-29T09:44:00.000-05:00,7.25,7.25,7.25,7.25,109
1703861160,2023-12-29T09:46:00.000-05:00,7.24,7.24,7.24,7.24,505
1703861220,2023-12-29T09:47:00.000-05:00,7.25,7.26,7.25,7.26,4367
1703861280,2023-12-29T09:48:00.000-05:00,7.25,7.25,7.25,7.25,194
1703861340,2023-12-29T09:49:00.000-05:00,7.26,7.26,7.26,7.26,449
1703861400,2023-12-29T09:50:00.000-05:00,7.25,7.25,7.25,7.25,121
1703861520,2023-12-29T09:52:00.000-05:00,7.22,7.22,7.22,7.22,348
1703861760,2023-12-29T09:56:00.000-05:00,7.24,7.24,7.235,7.235,309
1703861820,2023-12-29T09:57:00.000-05:00,7.245,7.245,7.245,7.245,138
1703861880,2023-12-29T09:58:00.000-05:00,7.25,7.255,7.25,7.255,236
1703861940,2023-12-29T09:59:00.000-05:00,7.2505,7.2505,7.2505,7.2505,140
1703862060,2023-12-29T10:01:00.000-05:00,7.245,7.25,7.245,7.25,200
1703862120,2023-12-29T10:02:00.000-05:00,7.25,7.25,7.24,7.24,947
1703862240,2023-12-29T10:04:00.000-05:00,7.2391,7.2391,7.2391,7.2391,120
1703862300,2023-12-29T10:05:00.000-05:00,7.24,7.24,7.24,7.24,256
1703862420,2023-12-29T10:07:00.000-05:00,7.24,7.24,7.24,7.24,867
1703862480,2023-12-29T10:08:00.000-05:00,7.235,7.24,7.235,7.24,300
1703862600,2023-12-29T10:10:00.000-05:00,7.24,7.24,7.235,7.235,200
1703862660,2023-12-29T10:11:00.000-05:00,7.2301,7.235,7.225,7.225,3254
1703862720,2023-12-29T10:12:00.000-05:00,7.22,7.22,7.215,7.215,1241
1703862780,2023-12-29T10:13:00.000-05:00,7.22,7.22,7.22,7.22,610
1703862840,2023-12-29T10:14:00.000-05:00,7.215,7.22,7.215,7.215,731
1703862900,2023-12-29T10:15:00.000-05:00,7.215,7.215,7.205,7.215,3027
1703862960,2023-12-29T10:16:00.000-05:00,7.22,7.225,7.22,7.225,700
1703863020,2023-12-29T10:17:00.000-05:00,7.23,7.23,7.23,7.23,1985
1703863140,2023-12-29T10:19:00.000-05:00,7.2338,7.2338,7.2338,7.2338,393
1703863200,2023-12-29T10:20:00.000-05:00,7.235,7.235,7.235,7.235,112
1703863260,2023-12-29T10:21:00.000-05:00,7.23,7.23,7.23,7.23,1140
1703863320,2023-12-29T10:22:00.000-05:00,7.22,7.22,7.22,7.22,160
1703863380,2023-12-29T10:23:00.000-05:00,7.2209,7.2209,7.22,7.22,1355
1703863440,2023-12-29T10:24:00.000-05:00,7.225,7.225,7.2225,7.2225,200
1703863500,2023-12-29T10:25:00.000-05:00,7.22,7.22,7.215,7.22,2997
1703863560,2023-12-29T10:26:00.000-05:00,7.22,7.22,7.22,7.22,222
1703863620,2023-12-29T10:27:00.000-05:00,7.22,7.22,7.215,7.215,1030
1703863680,2023-12-29T10:28:00.000-05:00,7.215,7.215,7.215,7.215,699
1703863740,2023-12-29T10:29:00.000-05:00,7.215,7.215,7.2,7.215,7942
1703863800,2023-12-29T10:30:00.000-05:00,7.22,7.22,7.22,7.22,2539
1703863860,2023-12-29T10:31:00.000-05:00,7.225,7.225,7.225,7.225,211
1703863920,2023-12-29T10:32:00.000-05:00,7.22,7.22,7.22,7.22,121
1703863980,2023-12-29T10:33:00.000-05:00,7.2225,7.2225,7.2225,7.2225,204
1703864040,2023-12-29T10:34:00.000-05:00,7.23,7.23,7.215,7.215,3607
1703864100,2023-12-29T10:35:00.000-05:00,7.22,7.22,7.22,7.22,426
1703864160,2023-12-29T10:36:00.000-05:00,7.22,7.225,7.22,7.225,919
1703864220,2023-12-29T10:37:00.000-05:00,7.22,7.22,7.22,7.22,2666
1703864280,2023-12-29T10:38:00.000-05:00,7.2101,7.215,7.2101,7.215,336
1703864340,2023-12-29T10:39:00.000-05:00,7.22,7.22,7.22,7.22,117
1703864400,2023-12-29T10:40:00.000-05:00,7.22,7.22,7.215,7.215,1124
1703864460,2023-12-29T10:41:00.000-05:00,7.215,7.215,7.215,7.215,1129
1703864520,2023-12-29T10:42:00.000-05:00,7.215,7.215,7.21,7.21,3776
1703864580,2023-12-29T10:43:00.000-05:00,7.21,7.215,7.21,7.215,2153
1703864640,2023-12-29T10:44:00.000-05:00,7.215,7.215,7.21,7.215,1000
1703864700,2023-12-29T10:45:00.000-05:00,7.21,7.215,7.19,7.19,22991
1703864760,2023-12-29T10:46:00.000-05:00,7.19,7.195,7.19,7.195,1285
1703864820,2023-12-29T10:47:00.000-05:00,7.195,7.195,7.19,7.19,688
1703864880,2023-12-29T10:48:00.000-05:00,7.195,7.195,7.19,7.195,1796
1703864940,2023-12-29T10:49:00.000-05:00,7.2,7.215,7.2,7.215,19898
1703865000,2023-12-29T10:50:00.000-05:00,7.215,7.215,7.205,7.205,5909
1703865060,2023-12-29T10:51:00.000-05:00,7.21,7.215,7.21,7.215,2840
1703865120,2023-12-29T10:52:00.000-05:00,7.21,7.215,7.21,7.215,8029
1703865180,2023-12-29T10:53:00.000-05:00,7.2,7.205,7.2,7.2,3371
1703865240,2023-12-29T10:54:00.000-05:00,7.205,7.205,7.205,7.205,1000
1703865300,2023-12-29T10:55:00.000-05:00,7.205,7.21,7.205,7.21,713
1703865360,2023-12-29T10:56:00.000-05:00,7.21,7.21,7.21,7.21,835
1703865420,2023-12-29T10:57:00.000-05:00,7.21,7.215,7.205,7.215,2566
1703865480,2023-12-29T10:58:00.000-05:00,7.215,7.215,7.21,7.21,2937
1703865540,2023-12-29T10:59:00.000-05:00,7.21,7.215,7.21,7.215,300
1703865600,2023-12-29T11:00:00.000-05:00,7.215,7.215,7.215,7.215,348
1703865660,2023-12-29T11:01:00.000-05:00,7.215,7.215,7.215,7.215,167
1703865720,2023-12-29T11:02:00.000-05:00,7.22,7.22,7.22,7.22,474
1703865780,2023-12-29T11:03:00.000-05:00,7.22,7.22,7.215,7.215,501
1703865840,2023-12-29T11:04:00.000-05:00,7.22,7.22,7.22,7.22,2653
1703865900,2023-12-29T11:05:00.000-05:00,7.225,7.225,7.225,7.225,243
1703865960,2023-12-29T11:06:00.000-05:00,7.22,7.22,7.215,7.215,5338
1703866080,2023-12-29T11:08:00.000-05:00,7.215,7.215,7.215,7.215,244
1703866140,2023-12-29T11:09:00.000-05:00,7.215,7.215,7.215,7.215,517
1703866260,2023-12-29T11:11:00.000-05:00,7.22,7.22,7.22,7.22,185
1703866320,2023-12-29T11:12:00.000-05:00,7.215,7.215,7.215,7.215,251
1703866380,2023-12-29T11:13:00.000-05:00,7.2125,7.215,7.21,7.215,521
1703866440,2023-12-29T11:14:00.000-05:00,7.2149,7.215,7.21,7.215,770
1703866500,2023-12-29T11:15:00.000-05:00,7.215,7.215,7.215,7.215,375
1703866560,2023-12-29T11:16:00.000-05:00,7.21,7.215,7.19,7.2,12230
1703866620,2023-12-29T11:17:00.000-05:00,7.2,7.2,7.195,7.195,619
1703866680,2023-12-29T11:18:00.000-05:00,7.2,7.2,7.2,7.2,498
1703866740,2023-12-29T11:19:00.000-05:00,7.195,7.205,7.195,7.2,2045
1703866800,2023-12-29T11:20:00.000-05:00,7.2,7.205,7.2,7.205,347
1703867040,2023-12-29T11:24:00.000-05:00,7.205,7.205,7.205,7.205,235
1703867100,2023-12-29T11:25:00.000-05:00,7.2,7.2,7.18,7.18,6339
1703867160,2023-12-29T11:26:00.000-05:00,7.17,7.17,7.17,7.17,216
1703867220,2023-12-29T11:27:00.000-05:00,7.17,7.17,7.17,7.17,127
1703867280,2023-12-29T11:28:00.000-05:00,7.17,7.17,7.17,7.17,1079
1703867340,2023-12-29T11:29:00.000-05:00,7.17,7.17,7.17,7.17,1167
1703867400,2023-12-29T11:30:00.000-05:00,7.17,7.18,7.17,7.18,1044
1703867520,2023-12-29T11:32:00.000-05:00,7.17,7.17,7.17,7.17,143
1703867580,2023-12-29T11:33:00.000-05:00,7.175,7.175,7.175,7.175,100
1703867700,2023-12-29T11:35:00.000-05:00,7.17,7.17,7.17,7.17,240
1703867760,2023-12-29T11:36:00.000-05:00,7.17,7.17,7.16,7.16,972
1703867820,2023-12-29T11:37:00.000-05:00,7.17,7.17,7.165,7.165,310
1703867880,2023-12-29T11:38:00.000-05:00,7.17,7.175,7.17,7.175,828
1703868000,2023-12-29T11:40:00.000-05:00,7.18,7.18,7.18,7.18,1820
1703868060,2023-12-29T11:41:00.000-05:00,7.185,7.185,7.185,7.185,214
1703868120,2023-12-29T11:42:00.000-05:00,7.18,7.18,7.18,7.18,114
1703868240,2023-12-29T11:44:00.000-05:00,7.185,7.185,7.185,7.185,149
1703868300,2023-12-29T11:45:00.000-05:00,7.185,7.185,7.185,7.185,439
1703868360,2023-12-29T11:46:00.000-05:00,7.185,7.185,7.185,7.185,261
1703868420,2023-12-29T11:47:00.000-05:00,7.185,7.185,7.185,7.185,592
1703868480,2023-12-29T11:48:00.000-05:00,7.185,7.185,7.185,7.185,447
1703868540,2023-12-29T11:49:00.000-05:00,7.185,7.195,7.185,7.195,1610
1703868600,2023-12-29T11:50:00.000-05:00,7.19,7.19,7.185,7.185,3195
1703868660,2023-12-29T11:51:00.000-05:00,7.185,7.185,7.185,7.185,253
1703868720,2023-12-29T11:52:00.000-05:00,7.185,7.185,7.185,7.185,206
1703868780,2023-12-29T11:53:00.000-05:00,7.185,7.185,7.185,7.185,300
1703868840,2023-12-29T11:54:00.000-05:00,7.19,7.19,7.19,7.19,394
1703868900,2023-12-29T11:55:00.000-05:00,7.19,7.19,7.19,7.19,1445
1703868960,2023-12-29T11:56:00.000-05:00,7.19,7.19,7.1878,7.19,706
1703869140,2023-12-29T11:59:00.000-05:00,7.195,7.195,7.195,7.195,101
1703869200,2023-12-29T12:00:00.000-05:00,7.19,7.195,7.19,7.19,2081
1703869260,2023-12-29T12:01:00.000-05:00,7.19,7.19,7.19,7.19,378
1703869320,2023-12-29T12:02:00.000-05:00,7.19,7.19,7.19,7.19,939
1703869380,2023-12-29T12:03:00.000-05:00,7.185,7.185,7.185,7.185,300
1703869440,2023-12-29T12:04:00.000-05:00,7.185,7.19,7.185,7.19,3126
1703869500,2023-12-29T12:05:00.000-05:00,7.19,7.19,7.185,7.19,1096
1703869560,2023-12-29T12:06:00.000-05:00,7.185,7.185,7.185,7.185,900
1703869620,2023-12-29T12:07:00.000-05:00,7.185,7.185,7.185,7.185,713
1703869680,2023-12-29T12:08:00.000-05:00,7.19,7.195,7.19,7.19,1786
1703869740,2023-12-29T12:09:00.000-05:00,7.19,7.19,7.19,7.19,2526
1703869800,2023-12-29T12:10:00.000-05:00,7.19,7.19,7.19,7.19,421
1703869860,2023-12-29T12:11:00.000-05:00,7.19,7.195,7.19,7.195,1257
1703869980,2023-12-29T12:13:00.000-05:00,7.195,7.195,7.19,7.19,426
1703870040,2023-12-29T12:14:00.000-05:00,7.19,7.19,7.18,7.185,2206
1703870100,2023-12-29T12:15:00.000-05:00,7.185,7.185,7.185,7.185,300
1703870160,2023-12-29T12:16:00.000-05:00,7.19,7.19,7.19,7.19,625
1703870280,2023-12-29T12:18:00.000-05:00,7.1901,7.195,7.1901,7.195,5650
1703870340,2023-12-29T12:19:00.000-05:00,7.19,7.19,7.19,7.19,113
1703870400,2023-12-29T12:20:00.000-05:00,7.195,7.195,7.19,7.195,10539
1703870460,2023-12-29T12:21:00.000-05:00,7.2,7.2,7.195,7.195,361
1703870520,2023-12-29T12:22:00.000-05:00,7.19,7.2,7.185,7.2,2487
1703870580,2023-12-29T12:23:00.000-05:00,7.195,7.2,7.19,7.19,696
1703870640,2023-12-29T12:24:00.000-05:00,7.2,7.2,7.2,7.2,207
1703870700,2023-12-29T12:25:00.000-05:00,7.1925,7.1925,7.1925,7.1925,106
1703870760,2023-12-29T12:26:00.000-05:00,7.2,7.2,7.2,7.2,101
1703870820,2023-12-29T12:27:00.000-05:00,7.195,7.2,7.195,7.2,528
1703870880,2023-12-29T12:28:00.000-05:00,7.2,7.205,7.2,7.205,1375
1703871000,2023-12-29T12:30:00.000-05:00,7.2,7.2,7.195,7.2,2552
1703871060,2023-12-29T12:31:00.000-05:00,7.2,7.2,7.2,7.2,2472
1703871120,2023-12-29T12:32:00.000-05:00,7.2,7.2,7.2,7.2,1246
1703871180,2023-12-29T12:33:00.000-05:00,7.195,7.195,7.19,7.195,400
1703871240,2023-12-29T12:34:00.000-05:00,7.195,7.195,7.195,7.195,100
1703871300,2023-12-29T12:35:00.000-05:00,7.195,7.195,7.195,7.195,110
1703871420,2023-12-29T12:37:00.000-05:00,7.195,7.2,7.195,7.2,2137
1703871540,2023-12-29T12:39:00.000-05:00,7.21,7.21,7.21,7.21,116
1703871600,2023-12-29T12:40:00.000-05:00,7.21,7.21,7.21,7.21,111
1703871780,2023-12-29T12:43:00.000-05:00,7.21,7.21,7.21,7.21,167
1703871840,2023-12-29T12:44:00.000-05:00,7.21,7.215,7.21,7.215,1472
1703871900,2023-12-29T12:45:00.000-05:00,7.215,7.215,7.21,7.21,2600
1703871960,2023-12-29T12:46:00.000-05:00,7.21,7.21,7.21,7.21,312
1703872020,2023-12-29T12:47:00.000-05:00,7.2025,7.21,7.2025,7.21,1126
1703872080,2023-12-29T12:48:00.000-05:00,7.21,7.21,7.205,7.205,587
1703872140,2023-12-29T12:49:00.000-05:00,7.205,7.205,7.205,7.205,477
1703872200,2023-12-29T12:50:00.000-05:00,7.205,7.205,7.2,7.2,2710
1703872260,2023-12-29T12:51:00.000-05:00,7.205,7.205,7.205,7.205,184
1703872320,2023-12-29T12:52:00.000-05:00,7.205,7.205,7.205,7.205,112
1703872440,2023-12-29T12:54:00.000-05:00,7.205,7.205,7.205,7.205,1137
1703872500,2023-12-29T12:55:00.000-05:00,7.21,7.215,7.21,7.215,1218
1703872620,2023-12-29T12:57:00.000-05:00,7.22,7.22,7.215,7.215,483
1703872680,2023-12-29T12:58:00.000-05:00,7.22,7.22,7.22,7.22,1054
1703872740,2023-12-29T12:59:00.000-05:00,7.225,7.225,7.22,7.225,1931
1703872800,2023-12-29T13:00:00.000-05:00,7.22,7.225,7.22,7.225,1923
1703872860,2023-12-29T13:01:00.000-05:00,7.22,7.22,7.205,7.205,2093
1703872920,2023-12-29T13:02:00.000-05:00,7.205,7.205,7.205,7.205,107
1703872980,2023-12-29T13:03:00.000-05:00,7.21,7.215,7.21,7.215,915
1703873040,2023-12-29T13:04:00.000-05:00,7.21,7.21,7.21,7.21,205
1703873220,2023-12-29T13:07:00.000-05:00,7.215,7.215,7.21,7.21,200
1703873340,2023-12-29T13:09:00.000-05:00,7.215,7.2187,7.215,7.2187,417
1703873460,2023-12-29T13:11:00.000-05:00,7.215,7.215,7.215,7.215,100
1703873520,2023-12-29T13:12:00.000-05:00,7.22,7.22,7.22,7.22,125
1703873580,2023-12-29T13:13:00.000-05:00,7.22,7.22,7.215,7.215,1658
1703873700,2023-12-29T13:15:00.000-05:00,7.21,7.21,7.205,7.205,945
1703873760,2023-12-29T13:16:00.000-05:00,7.21,7.21,7.21,7.21,1317
1703873820,2023-12-29T13:17:00.000-05:00,7.21,7.21,7.205,7.205,200
1703873880,2023-12-29T13:18:00.000-05:00,7.21,7.21,7.21,7.21,200
1703873940,2023-12-29T13:19:00.000-05:00,7.2,7.2,7.2,7.2,130
1703874060,2023-12-29T13:21:00.000-05:00,7.21,7.21,7.21,7.21,201
1703874120,2023-12-29T13:22:00.000-05:00,7.21,7.21,7.205,7.21,703
1703874180,2023-12-29T13:23:00.000-05:00,7.21,7.21,7.205,7.205,403
1703874300,2023-12-29T13:25:00.000-05:00,7.21,7.21,7.21,7.21,107
1703874360,2023-12-29T13:26:00.000-05:00,7.21,7.215,7.21,7.215,511
1703874420,2023-12-29T13:27:00.000-05:00,7.215,7.215,7.215,7.215,400
1703874540,2023-12-29T13:29:00.000-05:00,7.215,7.215,7.215,7.215,160
1703874660,2023-12-29T13:31:00.000-05:00,7.22,7.22,7.22,7.22,100
1703874720,2023-12-29T13:32:00.000-05:00,7.22,7.22,7.22,7.22,151
1703874780,2023-12-29T13:33:00.000-05:00,7.215,7.215,7.215,7.215,713
1703874900,2023-12-29T13:35:00.000-05:00,7.215,7.215,7.215,7.215,132
1703874960,2023-12-29T13:36:00.000-05:00,7.215,7.215,7.215,7.215,145
1703875080,2023-12-29T13:38:00.000-05:00,7.215,7.215,7.215,7.215,381
1703875140,2023-12-29T13:39:00.000-05:00,7.2125,7.2125,7.2125,7.2125,100
1703875260,2023-12-29T13:41:00.000-05:00,7.2125,7.215,7.2125,7.215,301
1703875320,2023-12-29T13:42:00.000-05:00,7.22,7.23,7.22,7.225,2142
1703875440,2023-12-29T13:44:00.000-05:00,7.225,7.225,7.225,7.225,134
1703875500,2023-12-29T13:45:00.000-05:00,7.225,7.225,7.22,7.22,410
1703875680,2023-12-29T13:48:00.000-05:00,7.225,7.225,7.225,7.225,405
1703875740,2023-12-29T13:49:00.000-05:00,7.225,7.225,7.225,7.225,187
1703875800,2023-12-29T13:50:00.000-05:00,7.225,7.225,7.225,7.225,110
1703875860,2023-12-29T13:51:00.000-05:00,7.225,7.225,7.21,7.21,3650
1703875920,2023-12-29T13:52:00.000-05:00,7.215,7.215,7.215,7.215,679
1703875980,2023-12-29T13:53:00.000-05:00,7.215,7.215,7.215,7.215,249
1703876040,2023-12-29T13:54:00.000-05:00,7.22,7.22,7.22,7.22,664
1703876100,2023-12-29T13:55:00.000-05:00,7.21,7.215,7.205,7.205,3801
1703876160,2023-12-29T13:56:00.000-05:00,7.21,7.215,7.21,7.21,1298
1703876220,2023-12-29T13:57:00.000-05:00,7.215,7.215,7.2047,7.205,2397
1703876280,2023-12-29T13:58:00.000-05:00,7.2,7.205,7.2,7.2,500
1703876520,2023-12-29T14:02:00.000-05:00,7.2025,7.2025,7.2,7.2,728
1703876700,2023-12-29T14:05:00.000-05:00,7.19,7.195,7.19,7.195,471
1703876820,2023-12-29T14:07:00.000-05:00,7.195,7.195,7.195,7.195,234
1703876880,2023-12-29T14:08:00.000-05:00,7.19,7.195,7.19,7.19,1147
1703876940,2023-12-29T14:09:00.000-05:00,7.19,7.19,7.185,7.185,2218
1703877000,2023-12-29T14:10:00.000-05:00,7.185,7.19,7.1825,7.19,5551
1703877060,2023-12-29T14:11:00.000-05:00,7.19,7.19,7.185,7.185,2034
1703877120,2023-12-29T14:12:00.000-05:00,7.19,7.19,7.185,7.185,1600
1703877180,2023-12-29T14:13:00.000-05:00,7.185,7.19,7.185,7.185,1122
1703877240,2023-12-29T14:14:00.000-05:00,7.185,7.19,7.185,7.19,1205
1703877300,2023-12-29T14:15:00.000-05:00,7.185,7.2,7.185,7.195,2319
1703877360,2023-12-29T14:16:00.000-05:00,7.2,7.2,7.2,7.2,202
1703877420,2023-12-29T14:17:00.000-05:00,7.1925,7.2,7.1925,7.2,900
1703877480,2023-12-29T14:18:00.000-05:00,7.195,7.195,7.195,7.195,727
1703877540,2023-12-29T14:19:00.000-05:00,7.2,7.2,7.195,7.2,1843
1703877600,2023-12-29T14:20:00.000-05:00,7.195,7.2,7.195,7.2,4654
1703877660,2023-12-29T14:21:00.000-05:00,7.205,7.205,7.2,7.2,369
1703877720,2023-12-29T14:22:00.000-05:00,7.2,7.2,7.2,7.2,100
1703877780,2023-12-29T14:23:00.000-05:00,7.2,7.2,7.195,7.195,1477
1703877840,2023-12-29T14:24:00.000-05:00,7.195,7.2,7.195,7.195,1415
1703877900,2023-12-29T14:25:00.000-05:00,7.195,7.195,7.195,7.195,1227
1703877960,2023-12-29T14:26:00.000-05:00,7.195,7.195,7.19,7.19,2236
1703878020,2023-12-29T14:27:00.000-05:00,7.19,7.19,7.19,7.19,222
1703878080,2023-12-29T14:28:00.000-05:00,7.19,7.19,7.185,7.19,6555
1703878140,2023-12-29T14:29:00.000-05:00,7.1928,7.1928,7.1928,7.1928,603
1703878200,2023-12-29T14:30:00.000-05:00,7.195,7.195,7.195,7.195,394
1703878260,2023-12-29T14:31:00.000-05:00,7.2,7.2,7.195,7.195,346
1703878320,2023-12-29T14:32:00.000-05:00,7.195,7.195,7.19,7.19,609
1703878440,2023-12-29T14:34:00.000-05:00,7.19,7.195,7.185,7.185,4277
1703878500,2023-12-29T14:35:00.000-05:00,7.185,7.185,7.185,7.185,1809
1703878560,2023-12-29T14:36:00.000-05:00,7.185,7.19,7.185,7.19,650
1703878620,2023-12-29T14:37:00.000-05:00,7.185,7.19,7.185,7.19,920
1703878680,2023-12-29T14:38:00.000-05:00,7.185,7.185,7.185,7.185,511
1703878800,2023-12-29T14:40:00.000-05:00,7.185,7.185,7.185,7.185,1436
1703878860,2023-12-29T14:41:00.000-05:00,7.185,7.185,7.185,7.185,486
1703878920,2023-12-29T14:42:00.000-05:00,7.185,7.185,7.185,7.185,420
1703878980,2023-12-29T14:43:00.000-05:00,7.185,7.185,7.185,7.185,901
1703879040,2023-12-29T14:44:00.000-05:00,7.185,7.19,7.185,7.185,1112
1703879100,2023-12-29T14:45:00.000-05:00,7.19,7.19,7.185,7.185,1287
1703879160,2023-12-29T14:46:00.000-05:00,7.19,7.19,7.19,7.19,405
1703879220,2023-12-29T14:47:00.000-05:00,7.185,7.19,7.1825,7.185,772
1703879280,2023-12-29T14:48:00.000-05:00,7.19,7.19,7.185,7.19,636
1703879340,2023-12-29T14:49:00.000-05:00,7.19,7.195,7.19,7.195,3262
1703879400,2023-12-29T14:50:00.000-05:00,7.19,7.19,7.185,7.185,4011
1703879460,2023-12-29T14:51:00.000-05:00,7.19,7.19,7.185,7.185,786
1703879520,2023-12-29T14:52:00.000-05:00,7.185,7.185,7.185,7.185,1062
1703879580,2023-12-29T14:53:00.000-05:00,7.185,7.19,7.185,7.185,404
1703879640,2023-12-29T14:54:00.000-05:00,7.185,7.185,7.1801,7.1801,4514
1703879700,2023-12-29T14:55:00.000-05:00,7.185,7.185,7.185,7.185,1215
1703879760,2023-12-29T14:56:00.000-05:00,7.19,7.19,7.19,7.19,3610
1703879820,2023-12-29T14:57:00.000-05:00,7.195,7.195,7.195,7.195,332
1703879880,2023-12-29T14:58:00.000-05:00,7.2,7.2,7.195,7.195,919
1703879940,2023-12-29T14:59:00.000-05:00,7.2,7.2,7.2,7.2,551
1703880000,2023-12-29T15:00:00.000-05:00,7.2,7.205,7.195,7.195,5885
1703880060,2023-12-29T15:01:00.000-05:00,7.195,7.195,7.195,7.195,580
1703880120,2023-12-29T15:02:00.000-05:00,7.195,7.195,7.195,7.195,132
1703880180,2023-12-29T15:03:00.000-05:00,7.195,7.195,7.185,7.185,5970
1703880240,2023-12-29T15:04:00.000-05:00,7.19,7.195,7.19,7.19,2605
1703880360,2023-12-29T15:06:00.000-05:00,7.195,7.195,7.19,7.19,617
1703880420,2023-12-29T15:07:00.000-05:00,7.195,7.195,7.195,7.195,821
1703880480,2023-12-29T15:08:00.000-05:00,7.195,7.2,7.195,7.2,1036
1703880540,2023-12-29T15:09:00.000-05:00,7.19,7.19,7.19,7.19,521
1703880600,2023-12-29T15:10:00.000-05:00,7.195,7.195,7.19,7.19,425
1703880660,2023-12-29T15:11:00.000-05:00,7.19,7.195,7.19,7.19,951
1703880720,2023-12-29T15:12:00.000-05:00,7.19,7.19,7.185,7.19,7778
1703880780,2023-12-29T15:13:00.000-05:00,7.185,7.19,7.1825,7.1825,634
1703880840,2023-12-29T15:14:00.000-05:00,7.19,7.19,7.19,7.19,227
1703880900,2023-12-29T15:15:00.000-05:00,7.185,7.185,7.185,7.185,1055
1703880960,2023-12-29T15:16:00.000-05:00,7.1825,7.195,7.1825,7.19,5409
1703881080,2023-12-29T15:18:00.000-05:00,7.195,7.195,7.185,7.185,5692
1703881140,2023-12-29T15:19:00.000-05:00,7.185,7.19,7.185,7.19,714
1703881200,2023-12-29T15:20:00.000-05:00,7.19,7.19,7.19,7.19,143
1703881260,2023-12-29T15:21:00.000-05:00,7.185,7.185,7.1825,7.185,1630
1703881320,2023-12-29T15:22:00.000-05:00,7.19,7.195,7.19,7.19,7833
1703881440,2023-12-29T15:24:00.000-05:00,7.19,7.19,7.19,7.19,231
1703881500,2023-12-29T15:25:00.000-05:00,7.195,7.195,7.19,7.19,561
1703881560,2023-12-29T15:26:00.000-05:00,7.195,7.2,7.195,7.2,853
1703881680,2023-12-29T15:28:00.000-05:00,7.2,7.205,7.2,7.2,4554
1703881740,2023-12-29T15:29:00.000-05:00,7.2,7.2,7.195,7.2,2028
1703881800,2023-12-29T15:30:00.000-05:00,7.195,7.195,7.19,7.19,560
1703881860,2023-12-29T15:31:00.000-05:00,7.195,7.195,7.19,7.19,1621
1703881920,2023-12-29T15:32:00.000-05:00,7.19,7.19,7.185,7.19,3511
1703881980,2023-12-29T15:33:00.000-05:00,7.185,7.185,7.1825,7.1825,1746
1703882040,2023-12-29T15:34:00.000-05:00,7.1852,7.1852,7.185,7.185,1578
1703882100,2023-12-29T15:35:00.000-05:00,7.185,7.185,7.1825,7.185,3195
1703882160,2023-12-29T15:36:00.000-05:00,7.185,7.185,7.18,7.185,5332
1703882220,2023-12-29T15:37:00.000-05:00,7.185,7.19,7.18,7.185,3804
1703882280,2023-12-29T15:38:00.000-05:00,7.185,7.19,7.1825,7.185,3208
1703882340,2023-12-29T15:39:00.000-05:00,7.185,7.19,7.18,7.185,4635
1703882400,2023-12-29T15:40:00.000-05:00,7.19,7.19,7.1825,7.19,3527
1703882460,2023-12-29T15:41:00.000-05:00,7.19,7.19,7.185,7.185,3541
1703882520,2023-12-29T15:42:00.000-05:00,7.19,7.19,7.1825,7.185,4596
1703882580,2023-12-29T15:43:00.000-05:00,7.185,7.19,7.185,7.185,3628
1703882640,2023-12-29T15:44:00.000-05:00,7.1825,7.19,7.1825,7.19,4356
1703882700,2023-12-29T15:45:00.000-05:00,7.185,7.19,7.1825,7.19,4453
1703882760,2023-12-29T15:46:00.000-05:00,7.185,7.19,7.18,7.185,3386
1703882820,2023-12-29T15:47:00.000-05:00,7.1825,7.19,7.18,7.185,3846
1703882880,2023-12-29T15:48:00.000-05:00,7.185,7.19,7.18,7.19,8091
1703882940,2023-12-29T15:49:00.000-05:00,7.19,7.19,7.1825,7.185,4105
1703883000,2023-12-29T15:50:00.000-05:00,7.18,7.19,7.175,7.175,23977
1703883060,2023-12-29T15:51:00.000-05:00,7.175,7.175,7.1725,7.175,5787
1703883120,2023-12-29T15:52:00.000-05:00,7.175,7.175,7.165,7.1695,17161
1703883180,2023-12-29T15:53:00.000-05:00,7.165,7.165,7.15,7.15,9443
1703883240,2023-12-29T15:54:00.000-05:00,7.15,7.15,7.13,7.13,13876
1703883300,2023-12-29T15:55:00.000-05:00,7.13,7.14,7.13,7.13,8228
1703883360,2023-12-29T15:56:00.000-05:00,7.13,7.135,7.125,7.13,9410
1703883420,2023-12-29T15:57:00.000-05:00,7.12,7.125,7.12,7.12,2901
1703883480,2023-12-29T15:58:00.000-05:00,7.13,7.13,7.12,7.13,4095
1703883540,2023-12-29T15:59:00.000-05:00,7.12,7.13,7.12,7.12,39798
1703883600,2023-12-29T16:00:00.000-05:00,7.11,7.11,7.11,7.11,253445
1703884800,2023-12-29T16:20:00.000-05:00,7.11,7.11,7.11,7.11,2011
1704197040,2024-01-02T07:04:00.000-05:00,7.1,7.1,7.1,7.1,141
1704201300,2024-01-02T08:15:00.000-05:00,7.04,7.04,7.04,7.04,100
1704205740,2024-01-02T09:29:00.000-05:00,7.19,7.19,7.19,7.19,100
1704205800,2024-01-02T09:30:00.000-05:00,7.12,7.12,7.12,7.12,21272
1704205860,2024-01-02T09:31:00.000-05:00,7.1,7.11,7.05,7.11,6333
1704205920,2024-01-02T09:32:00.000-05:00,7.12,7.155,7.1115,7.15,4757
1704205980,2024-01-02T09:33:00.000-05:00,7.15,7.15,7.1383,7.1383,2869
1704206040,2024-01-02T09:34:00.000-05:00,7.15,7.15,7.15,7.15,1845
1704206100,2024-01-02T09:35:00.000-05:00,7.14,7.14,7.11,7.11,2857
1704206160,2024-01-02T09:36:00.000-05:00,7.11,7.13,7.11,7.13,1478
1704206220,2024-01-02T09:37:00.000-05:00,7.125,7.17,7.125,7.16,2689
1704206280,2024-01-02T09:38:00.000-05:00,7.16,7.16,7.16,7.16,435
1704206340,2024-01-02T09:39:00.000-05:00,7.13,7.13,7.12,7.13,2663
1704206400,2024-01-02T09:40:00.000-05:00,7.13,7.14,7.13,7.13,2094
1704206460,2024-01-02T09:41:00.000-05:00,7.13,7.1401,7.125,7.1401,6055
1704206520,2024-01-02T09:42:00.000-05:00,7.1499,7.15,7.1499,7.15,2743
1704206580,2024-01-02T09:43:00.000-05:00,7.16,7.16,7.145,7.15,1240
1704206640,2024-01-02T09:44:00.000-05:00,7.15,7.155,7.15,7.15,3700
1704206700,2024-01-02T09:45:00.000-05:00,7.15,7.15,7.15,7.15,1601
1704206760,2024-01-02T09:46:00.000-05:00,7.15,7.1544,7.135,7.135,1439
1704206820,2024-01-02T09:47:00.000-05:00,7.13,7.14,7.13,7.14,1594
1704206940,2024-01-02T09:49:00.000-05:00,7.14,7.15,7.14,7.15,1753
1704207000,2024-01-02T09:50:00.000-05:00,7.1601,7.18,7.1601,7.18,2905
1704207060,2024-01-02T09:51:00.000-05:00,7.19,7.2,7.19,7.2,1305
1704207120,2024-01-02T09:52:00.000-05:00,7.21,7.21,7.2,7.2,1578
1704207180,2024-01-02T09:53:00.000-05:00,7.185,7.185,7.185,7.185,158
1704207240,2024-01-02T09:54:00.000-05:00,7.185,7.185,7.18,7.18,241
1704207300,2024-01-02T09:55:00.000-05:00,7.18,7.19,7.18,7.1882,1369
1704207360,2024-01-02T09:56:00.000-05:00,7.19,7.19,7.19,7.19,337
1704207420,2024-01-02T09:57:00.000-05:00,7.2,7.22,7.2,7.215,3596
1704207480,2024-01-02T09:58:00.000-05:00,7.22,7.225,7.22,7.225,835
1704207540,2024-01-02T09:59:00.000-05:00,7.22,7.22,7.205,7.21,6560
1704207600,2024-01-02T10:00:00.000-05:00,7.215,7.215,7.215,7.215,515
1704207660,2024-01-02T10:01:00.000-05:00,7.215,7.22,7.215,7.22,933
1704207720,2024-01-02T10:02:00.000-05:00,7.22,7.22,7.205,7.22,4251
1704207780,2024-01-02T10:03:00.000-05:00,7.22,7.22,7.22,7.22,217
1704207840,2024-01-02T10:04:00.000-05:00,7.215,7.215,7.215,7.215,151
1704207900,2024-01-02T10:05:00.000-05:00,7.205,7.21,7.205,7.21,782
1704207960,2024-01-02T10:06:00.000-05:00,7.22,7.22,7.22,7.22,224
1704208020,2024-01-02T10:07:00.000-05:00,7.22,7.22,7.22,7.22,3350
1704208140,2024-01-02T10:09:00.000-05:00,7.22,7.22,7.22,7.22,447
1704208200,2024-01-02T10:10:00.000-05:00,7.24,7.24,7.23,7.23,1692
1704208260,2024-01-02T10:11:00.000-05:00,7.225,7.225,7.225,7.225,264
1704208320,2024-01-02T10:12:00.000-05:00,7.22,7.22,7.22,7.22,771
1704208380,2024-01-02T10:13:00.000-05:00,7.21,7.21,7.2,7.2097,4811
1704208440,2024-01-02T10:14:00.000-05:00,7.205,7.21,7.195,7.195,814
1704208500,2024-01-02T10:15:00.000-05:00,7.2,7.21,7.2,7.21,1067
1704208620,2024-01-02T10:17:00.000-05:00,7.23,7.24,7.23,7.24,1655
1704208680,2024-01-02T10:18:00.000-05:00,7.24,7.24,7.23,7.23,1213
1704208740,2024-01-02T10:19:00.000-05:00,7.25,7.25,7.24,7.24,712
1704208860,2024-01-02T10:21:00.000-05:00,7.23,7.26,7.23,7.24,22008
1704208920,2024-01-02T10:22:00.000-05:00,7.2399,7.255,7.2399,7.255,14115
1704209040,2024-01-02T10:24:00.000-05:00,7.245,7.25,7.245,7.25,1103
1704209100,2024-01-02T10:25:00.000-05:00,7.235,7.235,7.225,7.225,1438
1704209160,2024-01-02T10:26:00.000-05:00,7.22,7.22,7.22,7.22,1257
1704209220,2024-01-02T10:27:00.000-05:00,7.23,7.235,7.23,7.23,1455
1704209280,2024-01-02T10:28:00.000-05:00,7.23,7.265,7.225,7.255,18509
1704209340,2024-01-02T10:29:00.000-05:00,7.265,7.265,7.265,7.265,101
1704209400,2024-01-02T10:30:00.000-05:00,7.27,7.27,7.26,7.26,3470
1704209580,2024-01-02T10:33:00.000-05:00,7.265,7.27,7.255,7.27,3285
1704209640,2024-01-02T10:34:00.000-05:00,7.27,7.28,7.27,7.28,7577
1704209700,2024-01-02T10:35:00.000-05:00,7.28,7.28,7.27,7.275,1205
1704209760,2024-01-02T10:36:00.000-05:00,7.27,7.28,7.265,7.28,2701
1704209880,2024-01-02T10:38:00.000-05:00,7.28,7.29,7.275,7.29,5188
1704209940,2024-01-02T10:39:00.000-05:00,7.29,7.3,7.29,7.295,1217
1704210000,2024-01-02T10:40:00.000-05:00,7.3,7.305,7.3,7.3,6345
1704210060,2024-01-02T10:41:00.000-05:00,7.3,7.3,7.3,7.3,2235
1704210120,2024-01-02T10:42:00.000-05:00,7.3,7.32,7.3,7.32,2910
1704210180,2024-01-02T10:43:00.000-05:00,7.325,7.325,7.325,7.325,109
1704210240,2024-01-02T10:44:00.000-05:00,7.33,7.335,7.33,7.33,4421
1704210300,2024-01-02T10:45:00.000-05:00,7.32,7.32,7.32,7.32,1098
1704210360,2024-01-02T10:46:00.000-05:00,7.32,7.32,7.31,7.32,3381
1704210420,2024-01-02T10:47:00.000-05:00,7.32,7.34,7.32,7.34,18904
1704210480,2024-01-02T10:48:00.000-05:00,7.34,7.34,7.34,7.34,3161
1704210540,2024-01-02T10:49:00.000-05:00,7.34,7.355,7.34,7.345,1210
1704210600,2024-01-02T10:50:00.000-05:00,7.345,7.36,7.345,7.36,965
1704210660,2024-01-02T10:51:00.000-05:00,7.36,7.36,7.36,7.36,1079
1704210720,2024-01-02T10:52:00.000-05:00,7.36,7.365,7.36,7.365,2086
1704210780,2024-01-02T10:53:00.000-05:00,7.36,7.36,7.35,7.35,1982
1704210840,2024-01-02T10:54:00.000-05:00,7.345,7.345,7.34,7.34,2070
1704210960,2024-01-02T10:56:00.000-05:00,7.32,7.32,7.32,7.32,1464
1704211020,2024-01-02T10:57:00.000-05:00,7.315,7.315,7.31,7.31,442
1704211080,2024-01-02T10:58:00.000-05:00,7.3,7.3,7.3,7.3,1126
1704211140,2024-01-02T10:59:00.000-05:00,7.29,7.29,7.29,7.29,612
1704211200,2024-01-02T11:00:00.000-05:00,7.29,7.29,7.28,7.29,8710
1704211260,2024-01-02T11:01:00.000-05:00,7.29,7.29,7.29,7.29,572
1704211380,2024-01-02T11:03:00.000-05:00,7.295,7.295,7.295,7.295,830
1704211440,2024-01-02T11:04:00.000-05:00,7.3,7.305,7.299,7.3,7367
1704211500,2024-01-02T11:05:00.000-05:00,7.295,7.295,7.29,7.29,9390
1704211560,2024-01-02T11:06:00.000-05:00,7.275,7.28,7.275,7.28,1338
1704211620,2024-01-02T11:07:00.000-05:00,7.27,7.27,7.27,7.27,848
1704211680,2024-01-02T11:08:00.000-05:00,7.27,7.27,7.27,7.27,964
1704211740,2024-01-02T11:09:00.000-05:00,7.28,7.28,7.28,7.28,252
1704211860,2024-01-02T11:11:00.000-05:00,7.285,7.285,7.285,7.285,101
1704211980,2024-01-02T11:13:00.000-05:00,7.28,7.285,7.28,7.285,703
1704212040,2024-01-02T11:14:00.000-05:00,7.29,7.295,7.29,7.29,1499
1704212100,2024-01-02T11:15:00.000-05:00,7.295,7.3,7.295,7.3,759
1704212160,2024-01-02T11:16:00.000-05:00,7.305,7.305,7.3,7.3,1748
1704212340,2024-01-02T11:19:00.000-05:00,7.29,7.29,7.285,7.285,1038
1704212400,2024-01-02T11:20:00.000-05:00,7.29,7.2902,7.2821,7.29,2889
1704212460,2024-01-02T11:21:00.000-05:00,7.295,7.3,7.295,7.3,1138
1704212520,2024-01-02T11:22:00.000-05:00,7.31,7.31,7.31,7.31,207
1704212640,2024-01-02T11:24:00.000-05:00,7.31,7.315,7.31,7.31,2169
1704212760,2024-01-02T11:26:00.000-05:00,7.31,7.31,7.3,7.3,933
1704212940,2024-01-02T11:29:00.000-05:00,7.29,7.29,7.29,7.29,135
1704213000,2024-01-02T11:30:00.000-05:00,7.29,7.29,7.28,7.28,1507
1704213060,2024-01-02T11:31:00.000-05:00,7.28,7.28,7.275,7.275,3544
1704213180,2024-01-02T11:33:00.000-05:00,7.275,7.275,7.275,7.275,148
1704213300,2024-01-02T11:35:00.000-05:00,7.28,7.28,7.28,7.28,514
1704213360,2024-01-02T11:36:00.000-05:00,7.285,7.29,7.285,7.29,753
1704213480,2024-01-02T11:38:00.000-05:00,7.3,7.3,7.3,7.3,235
1704213540,2024-01-02T11:39:00.000-05:00,7.3,7.305,7.3,7.305,1626
1704213600,2024-01-02T11:40:00.000-05:00,7.3,7.3,7.3,7.3,220
1704213660,2024-01-02T11:41:00.000-05:00,7.3,7.3,7.295,7.295,1168
1704213780,2024-01-02T11:43:00.000-05:00,7.3,7.3,7.3,7.3,642
1704213960,2024-01-02T11:46:00.000-05:00,7.305,7.305,7.305,7.305,277
1704214020,2024-01-02T11:47:00.000-05:00,7.31,7.31,7.31,7.31,472
1704214080,2024-01-02T11:48:00.000-05:00,7.31,7.31,7.31,7.31,101
1704214140,2024-01-02T11:49:00.000-05:00,7.31,7.31,7.31,7.31,237
1704214260,2024-01-02T11:51:00.000-05:00,7.31,7.31,7.31,7.31,221
1704214320,2024-01-02T11:52:00.000-05:00,7.31,7.31,7.31,7.31,206
1704214440,2024-01-02T11:54:00.000-05:00,7.31,7.32,7.31,7.315,1776
1704214500,2024-01-02T11:55:00.000-05:00,7.315,7.315,7.315,7.315,361
1704214560,2024-01-02T11:56:00.000-05:00,7.32,7.32,7.32,7.32,1364
1704214620,2024-01-02T11:57:00.000-05:00,7.32,7.32,7.32,7.32,219
1704214680,2024-01-02T11:58:00.000-05:00,7.32,7.32,7.3157,7.3157,795
1704214860,2024-01-02T12:01:00.000-05:00,7.32,7.32,7.32,7.32,986
1704214920,2024-01-02T12:02:00.000-05:00,7.32,7.32,7.32,7.32,152
1704215040,2024-01-02T12:04:00.000-05:00,7.33,7.33,7.33,7.33,142
1704215100,2024-01-02T12:05:00.000-05:00,7.3281,7.3281,7.32,7.32,389
1704215160,2024-01-02T12:06:00.000-05:00,7.32,7.32,7.32,7.32,258
1704215220,2024-01-02T12:07:00.000-05:00,7.32,7.33,7.32,7.33,226
1704215280,2024-01-02T12:08:00.000-05:00,7.33,7.33,7.33,7.33,3904
1704215340,2024-01-02T12:09:00.000-05:00,7.33,7.33,7.33,7.33,923
1704215400,2024-01-02T12:10:00.000-05:00,7.335,7.34,7.335,7.34,1000
1704215520,2024-01-02T12:12:00.000-05:00,7.35,7.35,7.35,7.35,610
1704215580,2024-01-02T12:13:00.000-05:00,7.35,7.35,7.35,7.35,862
1704215700,2024-01-02T12:15:00.000-05:00,7.36,7.365,7.36,7.36,1136
1704215760,2024-01-02T12:16:00.000-05:00,7.36,7.36,7.36,7.36,1088
1704215820,2024-01-02T12:17:00.000-05:00,7.36,7.36,7.36,7.36,226
1704215880,2024-01-02T12:18:00.000-05:00,7.36,7.36,7.36,7.36,226
1704216000,2024-01-02T12:20:00.000-05:00,7.365,7.375,7.365,7.375,716
1704216120,2024-01-02T12:22:00.000-05:00,7.375,7.375,7.37,7.375,2875
1704216180,2024-01-02T12:23:00.000-05:00,7.375,7.375,7.375,7.375,378
1704216300,2024-01-02T12:25:00.000-05:00,7.375,7.375,7.375,7.375,401
1704216420,2024-01-02T12:27:00.000-05:00,7.38,7.38,7.38,7.38,823
1704216480,2024-01-02T12:28:00.000-05:00,7.39,7.39,7.39,7.39,620
1704216540,2024-01-02T12:29:00.000-05:00,7.39,7.39,7.39,7.39,3072
1704216600,2024-01-02T12:30:00.000-05:00,7.39,7.39,7.39,7.39,169
1704216660,2024-01-02T12:31:00.000-05:00,7.385,7.385,7.38,7.38,575
1704216780,2024-01-02T12:33:00.000-05:00,7.39,7.39,7.39,7.39,3161
1704216840,2024-01-02T12:34:00.000-05:00,7.39,7.39,7.39,7.39,1043
1704216900,2024-01-02T12:35:00.000-05:00,7.39,7.395,7.39,7.395,715
1704216960,2024-01-02T12:36:00.000-05:00,7.39,7.39,7.38,7.38,2843
1704217020,2024-01-02T12:37:00.000-05:00,7.38,7.38,7.38,7.38,1664
1704217080,2024-01-02T12:38:00.000-05:00,7.38,7.38,7.38,7.38,381
1704217140,2024-01-02T12:39:00.000-05:00,7.38,7.38,7.38,7.38,215
1704217200,2024-01-02T12:40:00.000-05:00,7.39,7.39,7.39,7.39,2529
1704217260,2024-01-02T12:41:00.000-05:00,7.39,7.39,7.39,7.39,158
1704217320,2024-01-02T12:42:00.000-05:00,7.39,7.39,7.39,7.39,120
1704217560,2024-01-02T12:46:00.000-05:00,7.38,7.38,7.38,7.38,1529
1704217620,2024-01-02T12:47:00.000-05:00,7.375,7.375,7.375,7.375,301
1704217680,2024-01-02T12:48:00.000-05:00,7.37,7.37,7.37,7.37,1415
1704217740,2024-01-02T12:49:00.000-05:00,7.375,7.375,7.375,7.375,526
1704217800,2024-01-02T12:50:00.000-05:00,7.38,7.38,7.38,7.38,306
1704217860,2024-01-02T12:51:00.000-05:00,7.38,7.38,7.38,7.38,1453
1704217920,2024-01-02T12:52:00.000-05:00,7.38,7.38,7.38,7.38,157
1704217980,2024-01-02T12:53:00.000-05:00,7.38,7.38,7.38,7.38,1063
1704218100,2024-01-02T12:55:00.000-05:00,7.37,7.37,7.37,7.37,325
1704218280,2024-01-02T12:58:00.000-05:00,7.365,7.365,7.365,7.365,110
1704218340,2024-01-02T12:59:00.000-05:00,7.37,7.37,7.37,7.37,1284
1704218400,2024-01-02T13:00:00.000-05:00,7.375,7.375,7.375,7.375,439
1704218460,2024-01-02T13:01:00.000-05:00,7.375,7.38,7.375,7.38,6707
1704218520,2024-01-02T13:02:00.000-05:00,7.39,7.39,7.385,7.385,989
1704218640,2024-01-02T13:04:00.000-05:00,7.38,7.385,7.38,7.385,621
1704218700,2024-01-02T13:05:00.000-05:00,7.385,7.385,7.385,7.385,1797
1704218760,2024-01-02T13:06:00.000-05:00,7.39,7.39,7.385,7.385,2362
1704218820,2024-01-02T13:07:00.000-05:00,7.385,7.385,7.38,7.385,2293
1704218880,2024-01-02T13:08:00.000-05:00,7.385,7.385,7.38,7.385,15236
1704218940,2024-01-02T13:09:00.000-05:00,7.385,7.39,7.3821,7.3821,1897
1704219000,2024-01-02T13:10:00.000-05:00,7.385,7.39,7.385,7.385,435
1704219060,2024-01-02T13:11:00.000-05:00,7.385,7.395,7.385,7.39,2457
1704219120,2024-01-02T13:12:00.000-05:00,7.395,7.395,7.395,7.395,580
1704219180,2024-01-02T13:13:00.000-05:00,7.395,7.4,7.395,7.395,406
1704219240,2024-01-02T13:14:00.000-05:00,7.4,7.4,7.4,7.4,733
1704219300,2024-01-02T13:15:00.000-05:00,7.4,7.405,7.4,7.405,748
1704219360,2024-01-02T13:16:00.000-05:00,7.4,7.41,7.4,7.4,21360
1704219420,2024-01-02T13:17:00.000-05:00,7.4,7.4,7.395,7.395,2382
1704219480,2024-01-02T13:18:00.000-05:00,7.4,7.405,7.4,7.4,1549
1704219540,2024-01-02T13:19:00.000-05:00,7.4,7.4,7.4,7.4,591
1704219600,2024-01-02T13:20:00.000-05:00,7.4,7.4,7.4,7.4,113
1704219720,2024-01-02T13:22:00.000-05:00,7.4,7.4,7.4,7.4,953
1704219780,2024-01-02T13:23:00.000-05:00,7.4,7.4,7.4,7.4,130
1704219840,2024-01-02T13:24:00.000-05:00,7.4,7.4,7.395,7.395,3519
1704219900,2024-01-02T13:25:00.000-05:00,7.4,7.4,7.4,7.4,245
1704220020,2024-01-02T13:27:00.000-05:00,7.395,7.41,7.395,7.405,6770
1704220140,2024-01-02T13:29:00.000-05:00,7.4,7.4,7.385,7.39,2026
1704220200,2024-01-02T13:30:00.000-05:00,7.37,7.375,7.37,7.375,1838
1704220320,2024-01-02T13:32:00.000-05:00,7.375,7.375,7.37,7.37,622
1704220380,2024-01-02T13:33:00.000-05:00,7.365,7.37,7.36,7.37,2592
1704220440,2024-01-02T13:34:00.000-05:00,7.37,7.37,7.37,7.37,628
1704220500,2024-01-02T13:35:00.000-05:00,7.38,7.39,7.38,7.385,729
1704220560,2024-01-02T13:36:00.000-05:00,7.38,7.38,7.375,7.375,928
1704220620,2024-01-02T13:37:00.000-05:00,7.3713,7.38,7.37,7.37,1167
1704220800,2024-01-02T13:40:00.000-05:00,7.38,7.38,7.38,7.38,123
1704220860,2024-01-02T13:41:00.000-05:00,7.375,7.38,7.375,7.38,265
1704220920,2024-01-02T13:42:00.000-05:00,7.375,7.38,7.375,7.38,1103
1704220980,2024-01-02T13:43:00.000-05:00,7.38,7.39,7.38,7.39,1713
1704221100,2024-01-02T13:45:00.000-05:00,7.38,7.39,7.38,7.385,1519
1704221160,2024-01-02T13:46:00.000-05:00,7.385,7.39,7.385,7.39,268
1704221280,2024-01-02T13:48:00.000-05:00,7.38,7.385,7.38,7.385,921
1704221340,2024-01-02T13:49:00.000-05:00,7.38,7.39,7.38,7.385,1174
1704221460,2024-01-02T13:51:00.000-05:00,7.385,7.39,7.38,7.385,14574
1704221520,2024-01-02T13:52:00.000-05:00,7.39,7.395,7.385,7.385,7134
1704221580,2024-01-02T13:53:00.000-05:00,7.39,7.39,7.385,7.385,277
1704221640,2024-01-02T13:54:00.000-05:00,7.385,7.385,7.385,7.385,207
1704221760,2024-01-02T13:56:00.000-05:00,7.39,7.395,7.385,7.395,4197
1704221940,2024-01-02T13:59:00.000-05:00,7.39,7.39,7.385,7.39,3924
1704222000,2024-01-02T14:00:00.000-05:00,7.39,7.39,7.39,7.39,2645
1704222060,2024-01-02T14:01:00.000-05:00,7.39,7.395,7.3801,7.39,4819
1704222120,2024-01-02T14:02:00.000-05:00,7.385,7.39,7.38,7.39,11371
1704222180,2024-01-02T14:03:00.000-05:00,7.385,7.385,7.385,7.385,113
1704222240,2024-01-02T14:04:00.000-05:00,7.39,7.39,7.3807,7.385,3840
1704222300,2024-01-02T14:05:00.000-05:00,7.3817,7.3817,7.3817,7.3817,470
1704222360,2024-01-02T14:06:00.000-05:00,7.38,7.38,7.375,7.38,3280
1704222420,2024-01-02T14:07:00.000-05:00,7.3759,7.3759,7.3759,7.3759,249
1704222480,2024-01-02T14:08:00.000-05:00,7.375,7.375,7.375,7.375,360
1704222540,2024-01-02T14:09:00.000-05:00,7.375,7.39,7.375,7.385,2099
1704222780,2024-01-02T14:13:00.000-05:00,7.39,7.39,7.385,7.39,323
1704222840,2024-01-02T14:14:00.000-05:00,7.39,7.39,7.38,7.38,1198
1704222900,2024-01-02T14:15:00.000-05:00,7.37,7.37,7.36,7.36,5822
1704222960,2024-01-02T14:16:00.000-05:00,7.355,7.355,7.355,7.355,101
1704223020,2024-01-02T14:17:00.000-05:00,7.35,7.35,7.35,7.35,520
1704223080,2024-01-02T14:18:00.000-05:00,7.35,7.355,7.35,7.355,427
1704223140,2024-01-02T14:19:00.000-05:00,7.355,7.355,7.355,7.355,148
1704223200,2024-01-02T14:20:00.000-05:00,7.36,7.36,7.36,7.36,461
1704223260,2024-01-02T14:21:00.000-05:00,7.352,7.352,7.352,7.352,111
1704223320,2024-01-02T14:22:00.000-05:00,7.355,7.355,7.355,7.355,240
1704223380,2024-01-02T14:23:00.000-05:00,7.355,7.355,7.355,7.355,428
1704223440,2024-01-02T14:24:00.000-05:00,7.355,7.355,7.355,7.355,404
1704223500,2024-01-02T14:25:00.000-05:00,7.355,7.355,7.355,7.355,538
1704223620,2024-01-02T14:27:00.000-05:00,7.355,7.36,7.355,7.36,292
1704223680,2024-01-02T14:28:00.000-05:00,7.36,7.365,7.355,7.36,9884
1704223740,2024-01-02T14:29:00.000-05:00,7.36,7.36,7.3586,7.36,1598
1704223800,2024-01-02T14:30:00.000-05:00,7.36,7.36,7.36,7.36,3167
1704223920,2024-01-02T14:32:00.000-05:00,7.35,7.35,7.35,7.35,1193
1704223980,2024-01-02T14:33:00.000-05:00,7.345,7.345,7.345,7.345,761
1704224040,2024-01-02T14:34:00.000-05:00,7.34,7.345,7.34,7.34,1441
1704224100,2024-01-02T14:35:00.000-05:00,7.34,7.3447,7.34,7.34,980
1704224160,2024-01-02T14:36:00.000-05:00,7.34,7.345,7.335,7.345,7546
1704224220,2024-01-02T14:37:00.000-05:00,7.34,7.34,7.34,7.34,245
1704224340,2024-01-02T14:39:00.000-05:00,7.34,7.34,7.34,7.34,202
1704224400,2024-01-02T14:40:00.000-05:00,7.345,7.345,7.345,7.345,200
1704224460,2024-01-02T14:41:00.000-05:00,7.345,7.345,7.345,7.345,327
1704224520,2024-01-02T14:42:00.000-05:00,7.345,7.35,7.345,7.35,301
1704224580,2024-01-02T14:43:00.000-05:00,7.345,7.345,7.345,7.345,298
1704224640,2024-01-02T14:44:00.000-05:00,7.345,7.345,7.345,7.345,383
1704224700,2024-01-02T14:45:00.000-05:00,7.35,7.35,7.345,7.345,435
1704224820,2024-01-02T14:47:00.000-05:00,7.345,7.36,7.345,7.345,19517
1704224880,2024-01-02T14:48:00.000-05:00,7.345,7.345,7.335,7.34,4281
1704224940,2024-01-02T14:49:00.000-05:00,7.34,7.34,7.34,7.34,340
1704225000,2024-01-02T14:50:00.000-05:00,7.35,7.35,7.345,7.35,856
1704225060,2024-01-02T14:51:00.000-05:00,7.35,7.35,7.35,7.35,101
1704225120,2024-01-02T14:52:00.000-05:00,7.3498,7.35,7.345,7.345,1650
1704225180,2024-01-02T14:53:00.000-05:00,7.345,7.345,7.345,7.345,213
1704225240,2024-01-02T14:54:00.000-05:00,7.345,7.345,7.345,7.345,332
1704225300,2024-01-02T14:55:00.000-05:00,7.345,7.345,7.345,7.345,231
1704225360,2024-01-02T14:56:00.000-05:00,7.34,7.35,7.34,7.345,1522
1704225480,2024-01-02T14:58:00.000-05:00,7.34,7.35,7.34,7.35,416
1704225540,2024-01-02T14:59:00.000-05:00,7.35,7.35,7.34,7.345,2814
1704225600,2024-01-02T15:00:00.000-05:00,7.345,7.35,7.34,7.34,1621
1704225660,2024-01-02T15:01:00.000-05:00,7.345,7.345,7.345,7.345,306
1704225720,2024-01-02T15:02:00.000-05:00,7.35,7.35,7.345,7.345,329
1704225780,2024-01-02T15:03:00.000-05:00,7.345,7.35,7.345,7.35,317
1704225840,2024-01-02T15:04:00.000-05:00,7.345,7.345,7.345,7.345,1933
1704225900,2024-01-02T15:05:00.000-05:00,7.35,7.355,7.35,7.355,6660
1704225960,2024-01-02T15:06:00.000-05:00,7.355,7.355,7.345,7.345,7449
1704226020,2024-01-02T15:07:00.000-05:00,7.34,7.34,7.325,7.33,4833
1704226080,2024-01-02T15:08:00.000-05:00,7.33,7.335,7.33,7.335,1716
1704226140,2024-01-02T15:09:00.000-05:00,7.34,7.34,7.335,7.34,5097
1704226200,2024-01-02T15:10:00.000-05:00,7.335,7.34,7.335,7.34,305
1704226260,2024-01-02T15:11:00.000-05:00,7.33,7.33,7.33,7.33,508
1704226320,2024-01-02T15:12:00.000-05:00,7.33,7.33,7.33,7.33,5436
1704226380,2024-01-02T15:13:00.000-05:00,7.325,7.325,7.325,7.325,117
1704226500,2024-01-02T15:15:00.000-05:00,7.33,7.33,7.3215,7.3215,406
1704226560,2024-01-02T15:16:00.000-05:00,7.325,7.33,7.325,7.33,3194
1704226620,2024-01-02T15:17:00.000-05:00,7.34,7.34,7.34,7.34,1293
1704226680,2024-01-02T15:18:00.000-05:00,7.34,7.36,7.34,7.36,5297
1704226740,2024-01-02T15:19:00.000-05:00,7.355,7.36,7.35,7.36,948
1704226800,2024-01-02T15:20:00.000-05:00,7.36,7.36,7.355,7.355,345
1704226860,2024-01-02T15:21:00.000-05:00,7.35,7.36,7.35,7.36,1686
1704226920,2024-01-02T15:22:00.000-05:00,7.36,7.36,7.355,7.355,406
1704226980,2024-01-02T15:23:00.000-05:00,7.355,7.36,7.355,7.36,1614
1704227040,2024-01-02T15:24:00.000-05:00,7.36,7.37,7.36,7.37,2693
1704227100,2024-01-02T15:25:00.000-05:00,7.36,7.365,7.35,7.355,16972
1704227160,2024-01-02T15:26:00.000-05:00,7.35,7.36,7.35,7.36,1421
1704227220,2024-01-02T15:27:00.000-05:00,7.36,7.36,7.355,7.355,1756
1704227280,2024-01-02T15:28:00.000-05:00,7.36,7.365,7.35,7.36,17994
1704227340,2024-01-02T15:29:00.000-05:00,7.36,7.36,7.355,7.36,3738
1704227400,2024-01-02T15:30:00.000-05:00,7.36,7.365,7.36,7.365,2338
1704227460,2024-01-02T15:31:00.000-05:00,7.365,7.365,7.365,7.365,106
1704227520,2024-01-02T15:32:00.000-05:00,7.365,7.365,7.36,7.36,5108
1704227580,2024-01-02T15:33:00.000-05:00,7.36,7.37,7.36,7.37,1797
1704227640,2024-01-02T15:34:00.000-05:00,7.365,7.365,7.36,7.36,338
1704227700,2024-01-02T15:35:00.000-05:00,7.36,7.36,7.355,7.36,3978
1704227820,2024-01-02T15:37:00.000-05:00,7.355,7.365,7.355,7.365,5530
1704227880,2024-01-02T15:38:00.000-05:00,7.365,7.365,7.365,7.365,729
1704227940,2024-01-02T15:39:00.000-05:00,7.365,7.365,7.35,7.35,10472
1704228000,2024-01-02T15:40:00.000-05:00,7.35,7.35,7.345,7.345,2829
1704228060,2024-01-02T15:41:00.000-05:00,7.35,7.35,7.35,7.35,135
1704228120,2024-01-02T15:42:00.000-05:00,7.345,7.35,7.345,7.345,1382
1704228180,2024-01-02T15:43:00.000-05:00,7.35,7.35,7.3461,7.35,670
1704228240,2024-01-02T15:44:00.000-05:00,7.345,7.35,7.345,7.35,3017
1704228300,2024-01-02T15:45:00.000-05:00,7.35,7.35,7.345,7.345,1112
1704228360,2024-01-02T15:46:00.000-05:00,7.35,7.35,7.34,7.345,2457
1704228420,2024-01-02T15:47:00.000-05:00,7.35,7.35,7.345,7.35,2380
1704228480,2024-01-02T15:48:00.000-05:00,7.35,7.35,7.345,7.35,3232
1704228540,2024-01-02T15:49:00.000-05:00,7.345,7.355,7.345,7.355,4359
1704228600,2024-01-02T15:50:00.000-05:00,7.355,7.37,7.355,7.365,12110
1704228660,2024-01-02T15:51:00.000-05:00,7.365,7.37,7.36,7.37,3936
1704228720,2024-01-02T15:52:00.000-05:00,7.365,7.365,7.36,7.365,5246
1704228780,2024-01-02T15:53:00.000-05:00,7.36,7.365,7.355,7.36,19838
1704228840,2024-01-02T15:54:00.000-05:00,7.36,7.365,7.36,7.365,1218
1704228900,2024-01-02T15:55:00.000-05:00,7.365,7.37,7.365,7.37,5036
1704228960,2024-01-02T15:56:00.000-05:00,7.37,7.38,7.37,7.375,10723
1704229020,2024-01-02T15:57:00.000-05:00,7.375,7.38,7.37,7.38,8874
1704229080,2024-01-02T15:58:00.000-05:00,7.375,7.38,7.375,7.38,4833
1704229140,2024-01-02T15:59:00.000-05:00,7.38,7.39,7.37,7.38,37089
1704229200,2024-01-02T16:00:00.000-05:00,7.38,7.38,7.38,7.38,149107
1704291840,2024-01-03T09:24:00.000-05:00,7.24,7.24,7.24,7.24,400
1704291960,2024-01-03T09:26:00.000-05:00,7.24,7.24,7.24,7.24,1000
1704292020,2024-01-03T09:27:00.000-05:00,7.24,7.24,7.24,7.24,200
1704292140,2024-01-03T09:29:00.000-05:00,7.22,7.23,7.22,7.23,1600
1704292200,2024-01-03T09:30:00.000-05:00,7.24,7.29,7.13,7.1812,25809
1704292260,2024-01-03T09:31:00.000-05:00,7.2,7.2,7.17,7.17,5323
1704292320,2024-01-03T09:32:00.000-05:00,7.16,7.17,7.15,7.17,2720
1704292380,2024-01-03T09:33:00.000-05:00,7.16,7.16,7.16,7.16,100
1704292440,2024-01-03T09:34:00.000-05:00,7.16,7.16,7.16,7.16,676
1704292500,2024-01-03T09:35:00.000-05:00,7.14,7.14,7.13,7.14,3528
1704292560,2024-01-03T09:36:00.000-05:00,7.135,7.15,7.13,7.13,2724
1704292620,2024-01-03T09:37:00.000-05:00,7.13,7.13,7.1212,7.1212,1618
1704292680,2024-01-03T09:38:00.000-05:00,7.1205,7.125,7.1,7.12,4867
1704292740,2024-01-03T09:39:00.000-05:00,7.13,7.13,7.12,7.12,1944
1704292800,2024-01-03T09:40:00.000-05:00,7.12,7.12,7.11,7.11,1307
1704292860,2024-01-03T09:41:00.000-05:00,7.11,7.135,7.11,7.135,5344
1704292920,2024-01-03T09:42:00.000-05:00,7.13,7.145,7.12,7.145,3249
1704292980,2024-01-03T09:43:00.000-05:00,7.15,7.15,7.15,7.15,305
1704293040,2024-01-03T09:44:00.000-05:00,7.15,7.15,7.12,7.12,1221
1704293100,2024-01-03T09:45:00.000-05:00,7.11,7.1296,7.11,7.125,7352
1704293160,2024-01-03T09:46:00.000-05:00,7.13,7.14,7.12,7.12,2073
1704293220,2024-01-03T09:47:00.000-05:00,7.12,7.14,7.12,7.12,978
1704293280,2024-01-03T09:48:00.000-05:00,7.12,7.13,7.105,7.11,6364
1704293340,2024-01-03T09:49:00.000-05:00,7.11,7.111,7.11,7.11,1769
1704293400,2024-01-03T09:50:00.000-05:00,7.12,7.145,7.12,7.145,2544
1704293460,2024-01-03T09:51:00.000-05:00,7.145,7.16,7.145,7.155,2351
1704293520,2024-01-03T09:52:00.000-05:00,7.15,7.15,7.14,7.14,765
1704293580,2024-01-03T09:53:00.000-05:00,7.14,7.14,7.12,7.12,4328
1704293640,2024-01-03T09:54:00.000-05:00,7.11,7.11,7.11,7.11,571
1704293700,2024-01-03T09:55:00.000-05:00,7.11,7.11,7.1,7.1,905
1704293820,2024-01-03T09:57:00.000-05:00,7.1,7.1,7.075,7.075,4617
1704293880,2024-01-03T09:58:00.000-05:00,7.08,7.085,7.08,7.08,1714
1704293940,2024-01-03T09:59:00.000-05:00,7.075,7.085,7.075,7.085,2244
1704294000,2024-01-03T10:00:00.000-05:00,7.09,7.13,7.09,7.115,15779
1704294060,2024-01-03T10:01:00.000-05:00,7.11,7.11,7.11,7.11,1415
1704294120,2024-01-03T10:02:00.000-05:00,7.115,7.12,7.1,7.12,3371
1704294180,2024-01-03T10:03:00.000-05:00,7.12,7.12,7.11,7.11,2902
1704294240,2024-01-03T10:04:00.000-05:00,7.11,7.11,7.08,7.08,2523
1704294300,2024-01-03T10:05:00.000-05:00,7.09,7.13,7.09,7.125,3092
1704294360,2024-01-03T10:06:00.000-05:00,7.125,7.125,7.12,7.12,1385
1704294420,2024-01-03T10:07:00.000-05:00,7.12,7.12,7.11,7.11,2100
1704294480,2024-01-03T10:08:00.000-05:00,7.11,7.11,7.1,7.1,1598
1704294540,2024-01-03T10:09:00.000-05:00,7.11,7.11,7.1,7.1,520
1704294600,2024-01-03T10:10:00.000-05:00,7.1,7.1,7.1,7.1,300
1704294660,2024-01-03T10:11:00.000-05:00,7.095,7.095,7.075,7.075,1442
1704294720,2024-01-03T10:12:00.000-05:00,7.08,7.08,7.08,7.08,2427
1704294780,2024-01-03T10:13:00.000-05:00,7.08,7.08,7.07,7.07,5799
1704294840,2024-01-03T10:14:00.000-05:00,7.06,7.06,7.05,7.05,2018
1704294900,2024-01-03T10:15:00.000-05:00,7.05,7.05,7.05,7.05,5493
1704294960,2024-01-03T10:16:00.000-05:00,7.05,7.05,7.05,7.05,318
1704295020,2024-01-03T10:17:00.000-05:00,7.05,7.06,7.05,7.05,856
1704295080,2024-01-03T10:18:00.000-05:00,7.06,7.065,7.06,7.065,2834
1704295140,2024-01-03T10:19:00.000-05:00,7.06,7.06,7.06,7.06,1012
1704295200,2024-01-03T10:20:00.000-05:00,7.06,7.06,7.05,7.05,3721
1704295260,2024-01-03T10:21:00.000-05:00,7.05,7.05,7.05,7.05,1959
1704295320,2024-01-03T10:22:00.000-05:00,7.05,7.065,7.05,7.065,1025
1704295380,2024-01-03T10:23:00.000-05:00,7.07,7.075,7.07,7.075,989
1704295440,2024-01-03T10:24:00.000-05:00,7.07,7.08,7.07,7.08,1050
1704295500,2024-01-03T10:25:00.000-05:00,7.08,7.08,7.06,7.06,1983
1704295560,2024-01-03T10:26:00.000-05:00,7.06,7.06,7.06,7.06,1226
1704295680,2024-01-03T10:28:00.000-05:00,7.06,7.06,7.03,7.04,4558
1704295740,2024-01-03T10:29:00.000-05:00,7.045,7.045,7.03,7.03,1577
1704295800,2024-01-03T10:30:00.000-05:00,7.02,7.02,7.015,7.02,6191
1704295860,2024-01-03T10:31:00.000-05:00,7.02,7.03,7.02,7.03,1194
1704295920,2024-01-03T10:32:00.000-05:00,7.02,7.02,7.0096,7.0096,3112
1704295980,2024-01-03T10:33:00.000-05:00,7.0099,7.01,7.005,7.005,7420
1704296040,2024-01-03T10:34:00.000-05:00,7.0,7.0,6.99,6.995,7897
1704296100,2024-01-03T10:35:00.000-05:00,6.98,6.98,6.98,6.98,3886
1704296160,2024-01-03T10:36:00.000-05:00,6.97,6.979,6.9699,6.975,3488
1704296220,2024-01-03T10:37:00.000-05:00,6.97,6.97,6.96,6.96,1604
1704296280,2024-01-03T10:38:00.000-05:00,6.965,6.97,6.9619,6.97,3891
1704296340,2024-01-03T10:39:00.000-05:00,6.9687,6.9687,6.95,6.955,2282
1704296460,2024-01-03T10:41:00.000-05:00,6.96,6.96,6.96,6.96,2262
1704296520,2024-01-03T10:42:00.000-05:00,6.9582,6.9582,6.945,6.945,3039
1704296580,2024-01-03T10:43:00.000-05:00,6.94,6.94,6.93,6.93,1642
1704296640,2024-01-03T10:44:00.000-05:00,6.93,6.935,6.93,6.93,1344
1704296700,2024-01-03T10:45:00.000-05:00,6.93,6.93,6.92,6.92,1023
1704296760,2024-01-03T10:46:00.000-05:00,6.92,6.92,6.92,6.92,410
1704296820,2024-01-03T10:47:00.000-05:00,6.915,6.92,6.915,6.92,5233
1704296880,2024-01-03T10:48:00.000-05:00,6.925,6.935,6.925,6.93,1777
1704297060,2024-01-03T10:51:00.000-05:00,6.94,6.96,6.94,6.96,9463
1704297120,2024-01-03T10:52:00.000-05:00,6.97,6.975,6.97,6.975,867
1704297180,2024-01-03T10:53:00.000-05:00,6.98,6.98,6.98,6.98,468
1704297240,2024-01-03T10:54:00.000-05:00,6.98,6.985,6.97,6.97,5217
1704297300,2024-01-03T10:55:00.000-05:00,6.965,6.97,6.965,6.97,5314
1704297360,2024-01-03T10:56:00.000-05:00,6.97,6.975,6.97,6.97,2652
1704297420,2024-01-03T10:57:00.000-05:00,6.97,6.97,6.95,6.95,2797
1704297480,2024-01-03T10:58:00.000-05:00,6.96,6.97,6.96,6.97,6019
1704297540,2024-01-03T10:59:00.000-05:00,6.98,6.98,6.98,6.98,986
1704297600,2024-01-03T11:00:00.000-05:00,6.98,6.99,6.98,6.99,960
1704297660,2024-01-03T11:01:00.000-05:00,6.99,6.99,6.98,6.99,2549
1704297720,2024-01-03T11:02:00.000-05:00,6.995,7.0,6.99,7.0,1433
1704297780,2024-01-03T11:03:00.000-05:00,7.005,7.005,7.0,7.0,6185
1704297840,2024-01-03T11:04:00.000-05:00,7.0,7.0,6.995,7.0,3647
1704297900,2024-01-03T11:05:00.000-05:00,7.0,7.0,7.0,7.0,1009
1704298020,2024-01-03T11:07:00.000-05:00,6.995,7.0,6.99,7.0,5488
1704298080,2024-01-03T11:08:00.000-05:00,7.0,7.0,7.0,7.0,152
1704298140,2024-01-03T11:09:00.000-05:00,6.99,7.0,6.99,7.0,419
1704298200,2024-01-03T11:10:00.000-05:00,7.0,7.0,6.99,6.99,1608
1704298260,2024-01-03T11:11:00.000-05:00,6.99,6.995,6.99,6.995,568
1704298320,2024-01-03T11:12:00.000-05:00,6.995,6.995,6.99,6.99,249
1704298380,2024-01-03T11:13:00.000-05:00,7.0,7.0,7.0,7.0,207
1704298440,2024-01-03T11:14:00.000-05:00,6.99,7.0,6.99,7.0,1793
1704298500,2024-01-03T11:15:00.000-05:00,7.0,7.0,7.0,7.0,2248
1704298560,2024-01-03T11:16:00.000-05:00,7.01,7.01,7.01,7.01,301
1704298620,2024-01-03T11:17:00.000-05:00,7.0,7.0,7.0,7.0,2428
1704298680,2024-01-03T11:18:00.000-05:00,7.0,7.01,7.0,7.01,2877
1704298800,2024-01-03T11:20:00.000-05:00,7.01,7.01,7.0,7.005,1370
1704298860,2024-01-03T11:21:00.000-05:00,7.005,7.005,7.0,7.0,1778
1704298920,2024-01-03T11:22:00.000-05:00,7.0,7.0,6.9999,6.9999,1401
1704298980,2024-01-03T11:23:00.000-05:00,6.99,6.99,6.99,6.99,3529
1704299040,2024-01-03T11:24:00.000-05:00,6.99,6.99,6.99,6.99,136
1704299100,2024-01-03T11:25:00.000-05:00,6.98,6.98,6.97,6.97,3378
1704299160,2024-01-03T11:26:00.000-05:00,6.975,6.98,6.975,6.98,8125
1704299220,2024-01-03T11:27:00.000-05:00,6.985,6.985,6.985,6.985,1498
1704299280,2024-01-03T11:28:00.000-05:00,6.985,6.985,6.98,6.98,1473
1704299400,2024-01-03T11:30:00.000-05:00,6.985,6.995,6.985,6.995,3024
1704299460,2024-01-03T11:31:00.000-05:00,6.99,6.99,6.99,6.99,1545
1704299520,2024-01-03T11:32:00.000-05:00,6.99,6.995,6.99,6.99,2262
1704299640,2024-01-03T11:34:00.000-05:00,6.995,6.995,6.995,6.995,229
1704299700,2024-01-03T11:35:00.000-05:00,7.0,7.0,7.0,7.0,162
1704299760,2024-01-03T11:36:00.000-05:00,6.99,6.99,6.98,6.98,5312
1704299820,2024-01-03T11:37:00.000-05:00,6.975,6.98,6.975,6.98,2576
1704299880,2024-01-03T11:38:00.000-05:00,6.9863,6.9863,6.985,6.985,295
1704299940,2024-01-03T11:39:00.000-05:00,6.985,6.99,6.985,6.985,1694
1704300000,2024-01-03T11:40:00.000-05:00,6.99,6.99,6.98,6.99,4110
1704300060,2024-01-03T11:41:00.000-05:00,6.99,6.99,6.985,6.985,838
1704300120,2024-01-03T11:42:00.000-05:00,6.98,6.98,6.98,6.98,3061
1704300180,2024-01-03T11:43:00.000-05:00,6.985,6.99,6.985,6.99,400
1704300240,2024-01-03T11:44:00.000-05:00,6.985,6.99,6.985,6.99,4692
1704300300,2024-01-03T11:45:00.000-05:00,7.0,7.005,7.0,7.0,3170
1704300420,2024-01-03T11:47:00.000-05:00,6.99,6.99,6.98,6.98,4954
1704300480,2024-01-03T11:48:00.000-05:00,6.98,6.98,6.98,6.98,342
1704300540,2024-01-03T11:49:00.000-05:00,6.985,6.985,6.985,6.985,364
1704300660,2024-01-03T11:51:00.000-05:00,6.98,6.98,6.98,6.98,1221
1704300720,2024-01-03T11:52:00.000-05:00,6.98,6.98,6.98,6.98,1068
1704300840,2024-01-03T11:54:00.000-05:00,6.97,6.975,6.97,6.97,7035
1704300900,2024-01-03T11:55:00.000-05:00,6.97,6.97,6.97,6.97,3346
1704300960,2024-01-03T11:56:00.000-05:00,6.975,6.975,6.975,6.975,198
1704301080,2024-01-03T11:58:00.000-05:00,6.97,6.97,6.97,6.97,1228
1704301140,2024-01-03T11:59:00.000-05:00,6.97,6.975,6.97,6.975,2223
1704301200,2024-01-03T12:00:00.000-05:00,6.97,6.97,6.97,6.97,521
1704301260,2024-01-03T12:01:00.000-05:00,6.97,6.97,6.965,6.965,670
1704301320,2024-01-03T12:02:00.000-05:00,6.9699,6.9699,6.9699,6.9699,227
1704301380,2024-01-03T12:03:00.000-05:00,6.97,6.97,6.96,6.96,6583
1704301440,2024-01-03T12:04:00.000-05:00,6.96,6.96,6.96,6.96,1977
1704301500,2024-01-03T12:05:00.000-05:00,6.96,6.96,6.96,6.96,4828
1704301620,2024-01-03T12:07:00.000-05:00,6.96,6.96,6.955,6.955,386
1704301680,2024-01-03T12:08:00.000-05:00,6.96,6.96,6.96,6.96,3366
1704301920,2024-01-03T12:12:00.000-05:00,6.95,6.955,6.95,6.95,1699
1704302100,2024-01-03T12:15:00.000-05:00,6.955,6.955,6.955,6.955,418
1704302160,2024-01-03T12:16:00.000-05:00,6.955,6.955,6.955,6.955,427
1704302220,2024-01-03T12:17:00.000-05:00,6.96,6.965,6.96,6.965,7399
1704302280,2024-01-03T12:18:00.000-05:00,6.965,6.965,6.965,6.965,111
1704302340,2024-01-03T12:19:00.000-05:00,6.96,6.96,6.96,6.96,1832
1704302400,2024-01-03T12:20:00.000-05:00,6.95,6.955,6.95,6.955,300
1704302460,2024-01-03T12:21:00.000-05:00,6.955,6.955,6.955,6.955,121
1704302520,2024-01-03T12:22:00.000-05:00,6.955,6.96,6.955,6.96,2421
1704302580,2024-01-03T12:23:00.000-05:00,6.96,6.965,6.96,6.965,2727
1704302640,2024-01-03T12:24:00.000-05:00,6.97,6.97,6.965,6.965,4801
1704302700,2024-01-03T12:25:00.000-05:00,6.97,6.98,6.97,6.98,4699
1704302760,2024-01-03T12:26:00.000-05:00,6.98,6.98,6.975,6.975,502
1704302820,2024-01-03T12:27:00.000-05:00,6.975,6.98,6.975,6.98,463
1704302880,2024-01-03T12:28:00.000-05:00,6.98,6.985,6.975,6.975,3957
1704302940,2024-01-03T12:29:00.000-05:00,6.98,6.98,6.98,6.98,420
1704303000,2024-01-03T12:30:00.000-05:00,6.98,6.985,6.98,6.985,3912
1704303060,2024-01-03T12:31:00.000-05:00,6.985,6.985,6.98,6.98,481
1704303120,2024-01-03T12:32:00.000-05:00,6.98,6.98,6.98,6.98,4494
1704303180,2024-01-03T12:33:00.000-05:00,6.98,6.98,6.9781,6.9781,214
1704303300,2024-01-03T12:35:00.000-05:00,6.975,6.975,6.975,6.975,400
1704303360,2024-01-03T12:36:00.000-05:00,6.975,6.98,6.975,6.98,1382
1704303420,2024-01-03T12:37:00.000-05:00,6.98,6.99,6.98,6.99,4433
1704303480,2024-01-03T12:38:00.000-05:00,6.995,7.0,6.9904,7.0,4101
1704303540,2024-01-03T12:39:00.000-05:00,7.005,7.005,7.005,7.005,105
1704303600,2024-01-03T12:40:00.000-05:00,7.01,7.02,7.01,7.02,2079
1704303660,2024-01-03T12:41:00.000-05:00,7.02,7.02,7.02,7.02,788
1704303720,2024-01-03T12:42:00.000-05:00,7.025,7.03,7.025,7.03,1223
1704303780,2024-01-03T12:43:00.000-05:00,7.02,7.02,7.02,7.02,200
1704303840,2024-01-03T12:44:00.000-05:00,7.02,7.02,7.02,7.02,1460
1704303900,2024-01-03T12:45:00.000-05:00,7.02,7.02,7.02,7.02,1505
1704303960,2024-01-03T12:46:00.000-05:00,7.02,7.02,7.02,7.02,114
1704304020,2024-01-03T12:47:00.000-05:00,7.02,7.02,7.02,7.02,2402
1704304080,2024-01-03T12:48:00.000-05:00,7.02,7.02,7.02,7.02,937
1704304200,2024-01-03T12:50:00.000-05:00,7.02,7.03,7.02,7.02,3928
1704304260,2024-01-03T12:51:00.000-05:00,7.02,7.02,7.02,7.02,1108
1704304320,2024-01-03T12:52:00.000-05:00,7.025,7.03,7.025,7.03,1551
1704304380,2024-01-03T12:53:00.000-05:00,7.03,7.03,7.03,7.03,1301
1704304500,2024-01-03T12:55:00.000-05:00,7.035,7.04,7.035,7.04,1728
1704304560,2024-01-03T12:56:00.000-05:00,7.035,7.035,7.035,7.035,100
1704304620,2024-01-03T12:57:00.000-05:00,7.04,7.04,7.035,7.04,3876
1704304680,2024-01-03T12:58:00.000-05:00,7.04,7.04,7.04,7.04,114
1704304800,2024-01-03T13:00:00.000-05:00,7.04,7.04,7.035,7.0399,2041
1704304860,2024-01-03T13:01:00.000-05:00,7.04,7.05,7.04,7.05,10584
1704304920,2024-01-03T13:02:00.000-05:00,7.06,7.06,7.06,7.06,1511
1704304980,2024-01-03T13:03:00.000-05:00,7.065,7.065,7.06,7.06,1018
1704305040,2024-01-03T13:04:00.000-05:00,7.065,7.065,7.065,7.065,448
1704305100,2024-01-03T13:05:00.000-05:00,7.07,7.07,7.07,7.07,3601
1704305160,2024-01-03T13:06:00.000-05:00,7.065,7.07,7.065,7.07,2487
1704305220,2024-01-03T13:07:00.000-05:00,7.07,7.07,7.07,7.07,4414
1704305280,2024-01-03T13:08:00.000-05:00,7.065,7.065,7.065,7.065,100
1704305340,2024-01-03T13:09:00.000-05:00,7.07,7.07,7.07,7.07,614
1704305400,2024-01-03T13:10:00.000-05:00,7.07,7.08,7.07,7.075,1342
1704305460,2024-01-03T13:11:00.000-05:00,7.075,7.075,7.075,7.075,2263
1704305520,2024-01-03T13:12:00.000-05:00,7.075,7.075,7.065,7.065,1088
1704305640,2024-01-03T13:14:00.000-05:00,7.07,7.07,7.07,7.07,635
1704305700,2024-01-03T13:15:00.000-05:00,7.07,7.075,7.07,7.075,4593
1704305760,2024-01-03T13:16:00.000-05:00,7.075,7.085,7.075,7.08,8112
1704305820,2024-01-03T13:17:00.000-05:00,7.089,7.09,7.085,7.085,963
1704305880,2024-01-03T13:18:00.000-05:00,7.085,7.085,7.075,7.075,8068
1704305940,2024-01-03T13:19:00.000-05:00,7.08,7.08,7.08,7.08,490
1704306000,2024-01-03T13:20:00.000-05:00,7.075,7.075,7.07,7.07,705
1704306060,2024-01-03T13:21:00.000-05:00,7.07,7.07,7.07,7.07,1141
1704306180,2024-01-03T13:23:00.000-05:00,7.065,7.07,7.065,7.07,1010
1704306300,2024-01-03T13:25:00.000-05:00,7.07,7.075,7.07,7.075,4834
1704306360,2024-01-03T13:26:00.000-05:00,7.075,7.075,7.075,7.075,100
1704306420,2024-01-03T13:27:00.000-05:00,7.08,7.085,7.08,7.085,1446
1704306480,2024-01-03T13:28:00.000-05:00,7.08,7.08,7.08,7.08,2704
1704306540,2024-01-03T13:29:00.000-05:00,7.08,7.08,7.08,7.08,224
1704306600,2024-01-03T13:30:00.000-05:00,7.075,7.075,7.075,7.075,328
1704306660,2024-01-03T13:31:00.000-05:00,7.07,7.08,7.07,7.07,2440
1704306720,2024-01-03T13:32:00.000-05:00,7.07,7.07,7.07,7.07,226
1704306780,2024-01-03T13:33:00.000-05:00,7.07,7.0701,7.07,7.07,5707
1704306900,2024-01-03T13:35:00.000-05:00,7.07,7.07,7.07,7.07,314
1704306960,2024-01-03T13:36:00.000-05:00,7.075,7.075,7.075,7.075,208
1704307020,2024-01-03T13:37:00.000-05:00,7.075,7.075,7.075,7.075,327
1704307080,2024-01-03T13:38:00.000-05:00,7.08,7.085,7.08,7.085,3370
1704307140,2024-01-03T13:39:00.000-05:00,7.09,7.09,7.07,7.07,1521
1704307260,2024-01-03T13:41:00.000-05:00,7.07,7.07,7.07,7.07,1759
1704307380,2024-01-03T13:43:00.000-05:00,7.0603,7.065,7.0603,7.065,1377
1704307440,2024-01-03T13:44:00.000-05:00,7.065,7.075,7.065,7.07,2993
1704307500,2024-01-03T13:45:00.000-05:00,7.075,7.08,7.075,7.08,465
1704307560,2024-01-03T13:46:00.000-05:00,7.075,7.09,7.075,7.09,2605
1704307620,2024-01-03T13:47:00.000-05:00,7.08,7.08,7.075,7.075,4035
1704307680,2024-01-03T13:48:00.000-05:00,7.076,7.076,7.075,7.075,1322
1704307740,2024-01-03T13:49:00.000-05:00,7.08,7.08,7.075,7.075,201
1704307800,2024-01-03T13:50:00.000-05:00,7.07,7.07,7.07,7.07,1498
1704307860,2024-01-03T13:51:00.000-05:00,7.07,7.08,7.07,7.075,2668
1704307920,2024-01-03T13:52:00.000-05:00,7.075,7.075,7.07,7.07,392
1704307980,2024-01-03T13:53:00.000-05:00,7.07,7.08,7.07,7.08,410
1704308040,2024-01-03T13:54:00.000-05:00,7.08,7.08,7.07,7.07,1225
1704308100,2024-01-03T13:55:00.000-05:00,7.065,7.07,7.0615,7.07,894
1704308220,2024-01-03T13:57:00.000-05:00,7.07,7.07,7.07,7.07,200
1704308280,2024-01-03T13:58:00.000-05:00,7.065,7.065,7.065,7.065,234
1704308340,2024-01-03T13:59:00.000-05:00,7.07,7.07,7.06,7.065,1065
1704308400,2024-01-03T14:00:00.000-05:00,7.06,7.08,7.05,7.065,6978
1704308460,2024-01-03T14:01:00.000-05:00,7.06,7.06,7.06,7.06,2218
1704308520,2024-01-03T14:02:00.000-05:00,7.06,7.06,7.05,7.05,1744
1704308580,2024-01-03T14:03:00.000-05:00,7.05,7.05,7.05,7.05,3477
1704308640,2024-01-03T14:04:00.000-05:00,7.055,7.055,7.055,7.055,220
1704308760,2024-01-03T14:06:00.000-05:00,7.04,7.05,7.04,7.05,926
1704308820,2024-01-03T14:07:00.000-05:00,7.055,7.06,7.055,7.06,2494
1704308880,2024-01-03T14:08:00.000-05:00,7.065,7.065,7.06,7.06,818
1704308940,2024-01-03T14:09:00.000-05:00,7.05,7.055,7.05,7.055,334
1704309000,2024-01-03T14:10:00.000-05:00,7.055,7.06,7.055,7.055,721
1704309060,2024-01-03T14:11:00.000-05:00,7.06,7.065,7.06,7.06,1660
1704309120,2024-01-03T14:12:00.000-05:00,7.065,7.065,7.06,7.06,1042
1704309180,2024-01-03T14:13:00.000-05:00,7.06,7.06,7.055,7.055,307
1704309240,2024-01-03T14:14:00.000-05:00,7.055,7.055,7.055,7.055,258
1704309300,2024-01-03T14:15:00.000-05:00,7.05,7.05,7.05,7.05,2419
1704309360,2024-01-03T14:16:00.000-05:00,7.05,7.05,7.05,7.05,1775
1704309420,2024-01-03T14:17:00.000-05:00,7.06,7.06,7.06,7.06,1467
1704309480,2024-01-03T14:18:00.000-05:00,7.055,7.06,7.055,7.06,506
1704309540,2024-01-03T14:19:00.000-05:00,7.05,7.06,7.05,7.06,4335
1704309600,2024-01-03T14:20:00.000-05:00,7.069,7.069,7.06,7.06,4349
1704309660,2024-01-03T14:21:00.000-05:00,7.06,7.06,7.06,7.06,479
1704309840,2024-01-03T14:24:00.000-05:00,7.05,7.06,7.05,7.055,729
1704309900,2024-01-03T14:25:00.000-05:00,7.05,7.06,7.05,7.06,1225
1704309960,2024-01-03T14:26:00.000-05:00,7.06,7.075,7.06,7.075,13986
1704310020,2024-01-03T14:27:00.000-05:00,7.075,7.085,7.075,7.08,5125
1704310080,2024-01-03T14:28:00.000-05:00,7.085,7.09,7.08,7.08,3445
1704310140,2024-01-03T14:29:00.000-05:00,7.085,7.085,7.085,7.085,796
1704310200,2024-01-03T14:30:00.000-05:00,7.085,7.1,7.085,7.1,3905
1704310260,2024-01-03T14:31:00.000-05:00,7.1,7.11,7.1,7.11,2534
1704310320,2024-01-03T14:32:00.000-05:00,7.1,7.1,7.08,7.08,5085
1704310380,2024-01-03T14:33:00.000-05:00,7.08,7.09,7.08,7.09,1008
1704310440,2024-01-03T14:34:00.000-05:00,7.08,7.09,7.08,7.09,8019
1704310500,2024-01-03T14:35:00.000-05:00,7.09,7.09,7.07,7.07,3018
1704310560,2024-01-03T14:36:00.000-05:00,7.07,7.07,7.065,7.065,999
1704310620,2024-01-03T14:37:00.000-05:00,7.07,7.07,7.06,7.065,8825
1704310680,2024-01-03T14:38:00.000-05:00,7.065,7.07,7.065,7.07,217
1704310740,2024-01-03T14:39:00.000-05:00,7.065,7.075,7.065,7.0708,34837
1704310800,2024-01-03T14:40:00.000-05:00,7.07,7.07,7.065,7.07,3669
1704310860,2024-01-03T14:41:00.000-05:00,7.065,7.065,7.065,7.065,663
1704310920,2024-01-03T14:42:00.000-05:00,7.065,7.07,7.065,7.065,505
1704310980,2024-01-03T14:43:00.000-05:00,7.07,7.08,7.07,7.075,3368
1704311040,2024-01-03T14:44:00.000-05:00,7.08,7.08,7.07,7.07,5290
1704311100,2024-01-03T14:45:00.000-05:00,7.07,7.07,7.055,7.055,1597
1704311160,2024-01-03T14:46:00.000-05:00,7.055,7.06,7.055,7.0599,1484
1704311220,2024-01-03T14:47:00.000-05:00,7.06,7.06,7.06,7.06,1218
1704311280,2024-01-03T14:48:00.000-05:00,7.065,7.065,7.065,7.065,147
1704311340,2024-01-03T14:49:00.000-05:00,7.06,7.06,7.0514,7.055,1682
1704311400,2024-01-03T14:50:00.000-05:00,7.055,7.07,7.055,7.07,7936
1704311520,2024-01-03T14:52:00.000-05:00,7.07,7.0761,7.07,7.075,6519
1704311580,2024-01-03T14:53:00.000-05:00,7.0784,7.08,7.075,7.08,1200
1704311700,2024-01-03T14:55:00.000-05:00,7.075,7.075,7.075,7.075,2245
1704311760,2024-01-03T14:56:00.000-05:00,7.08,7.08,7.075,7.08,1742
1704311820,2024-01-03T14:57:00.000-05:00,7.075,7.075,7.075,7.075,2687
1704311880,2024-01-03T14:58:00.000-05:00,7.08,7.08,7.065,7.065,7457
1704311940,2024-01-03T14:59:00.000-05:00,7.065,7.065,7.065,7.065,1614
1704312000,2024-01-03T15:00:00.000-05:00,7.065,7.065,7.065,7.065,1345
1704312060,2024-01-03T15:01:00.000-05:00,7.065,7.065,7.055,7.055,7209
1704312120,2024-01-03T15:02:00.000-05:00,7.055,7.065,7.055,7.065,11353
1704312180,2024-01-03T15:03:00.000-05:00,7.055,7.055,7.055,7.055,327
1704312240,2024-01-03T15:04:00.000-05:00,7.055,7.055,7.05,7.055,8684
1704312300,2024-01-03T15:05:00.000-05:00,7.055,7.055,7.05,7.055,1401
1704312360,2024-01-03T15:06:00.000-05:00,7.055,7.055,7.05,7.055,2585
1704312420,2024-01-03T15:07:00.000-05:00,7.055,7.055,7.045,7.045,7470
1704312480,2024-01-03T15:08:00.000-05:00,7.04,7.045,7.035,7.035,7827
1704312600,2024-01-03T15:10:00.000-05:00,7.03,7.035,7.03,7.035,1188
1704312660,2024-01-03T15:11:00.000-05:00,7.04,7.04,7.035,7.035,2727
1704312720,2024-01-03T15:12:00.000-05:00,7.03,7.035,7.03,7.035,8119
1704312780,2024-01-03T15:13:00.000-05:00,7.02,7.025,7.015,7.015,3137
1704312840,2024-01-03T15:14:00.000-05:00,7.02,7.02,7.015,7.015,806
1704312900,2024-01-03T15:15:00.000-05:00,7.015,7.015,7.01,7.015,4504
1704312960,2024-01-03T15:16:00.000-05:00,7.015,7.015,7.01,7.015,3496
1704313020,2024-01-03T15:17:00.000-05:00,7.02,7.02,7.015,7.015,2484
1704313080,2024-01-03T15:18:00.000-05:00,7.02,7.02,7.02,7.02,425
1704313140,2024-01-03T15:19:00.000-05:00,7.02,7.02,7.02,7.02,610
1704313200,2024-01-03T15:20:00.000-05:00,7.02,7.02,7.015,7.015,2510
1704313260,2024-01-03T15:21:00.000-05:00,7.01,7.015,7.01,7.015,1978
1704313320,2024-01-03T15:22:00.000-05:00,7.015,7.02,7.01,7.02,692
1704313380,2024-01-03T15:23:00.000-05:00,7.02,7.025,7.02,7.025,5642
1704313440,2024-01-03T15:24:00.000-05:00,7.025,7.03,7.02,7.02,6847
1704313500,2024-01-03T15:25:00.000-05:00,7.025,7.025,7.02,7.02,12040
1704313560,2024-01-03T15:26:00.000-05:00,7.015,7.015,7.015,7.015,210
1704313620,2024-01-03T15:27:00.000-05:00,7.01,7.015,7.01,7.01,1638
1704313680,2024-01-03T15:28:00.000-05:00,7.015,7.02,7.01,7.015,3917
1704313740,2024-01-03T15:29:00.000-05:00,7.015,7.02,7.015,7.02,10463
1704313800,2024-01-03T15:30:00.000-05:00,7.025,7.03,7.0215,7.025,1207
1704313860,2024-01-03T15:31:00.000-05:00,7.03,7.04,7.03,7.04,10146
1704313920,2024-01-03T15:32:00.000-05:00,7.04,7.045,7.04,7.045,5273
1704313980,2024-01-03T15:33:00.000-05:00,7.045,7.05,7.04,7.045,1337
1704314040,2024-01-03T15:34:00.000-05:00,7.045,7.055,7.04,7.045,28733
1704314100,2024-01-03T15:35:00.000-05:00,7.05,7.05,7.05,7.05,1770
1704314160,2024-01-03T15:36:00.000-05:00,7.05,7.05,7.05,7.05,1721
1704314220,2024-01-03T15:37:00.000-05:00,7.045,7.05,7.04,7.04,6499
1704314280,2024-01-03T15:38:00.000-05:00,7.045,7.05,7.04,7.045,3150
1704314340,2024-01-03T15:39:00.000-05:00,7.045,7.05,7.045,7.05,1528
1704314400,2024-01-03T15:40:00.000-05:00,7.045,7.05,7.045,7.05,922
1704314460,2024-01-03T15:41:00.000-05:00,7.05,7.05,7.05,7.05,640
1704314520,2024-01-03T15:42:00.000-05:00,7.05,7.05,7.045,7.045,1800
1704314580,2024-01-03T15:43:00.000-05:00,7.045,7.05,7.04,7.045,4541
1704314640,2024-01-03T15:44:00.000-05:00,7.045,7.05,7.04,7.045,4424
1704314700,2024-01-03T15:45:00.000-05:00,7.04,7.045,7.035,7.035,11280
1704314760,2024-01-03T15:46:00.000-05:00,7.035,7.04,7.03,7.04,11963
1704314820,2024-01-03T15:47:00.000-05:00,7.035,7.04,7.035,7.04,1486
1704314880,2024-01-03T15:48:00.000-05:00,7.04,7.0488,7.04,7.045,7238
1704314940,2024-01-03T15:49:00.000-05:00,7.045,7.045,7.025,7.025,19401
1704315000,2024-01-03T15:50:00.000-05:00,7.03,7.035,7.03,7.035,6807
1704315060,2024-01-03T15:51:00.000-05:00,7.03,7.04,7.03,7.035,13389
1704315120,2024-01-03T15:52:00.000-05:00,7.04,7.04,7.0384,7.04,3604
1704315180,2024-01-03T15:53:00.000-05:00,7.04,7.04,7.03,7.035,17101
1704315240,2024-01-03T15:54:00.000-05:00,7.035,7.04,7.03,7.04,5422
1704315300,2024-01-03T15:55:00.000-05:00,7.04,7.05,7.04,7.045,10825
1704315360,2024-01-03T15:56:00.000-05:00,7.05,7.05,7.045,7.05,4082
1704315420,2024-01-03T15:57:00.000-05:00,7.045,7.05,7.04,7.045,7850
1704315480,2024-01-03T15:58:00.000-05:00,7.045,7.045,7.03,7.03,27843
1704315540,2024-01-03T15:59:00.000-05:00,7.03,7.03,7.01,7.015,21700
1704315600,2024-01-03T16:00:00.000-05:00,7.01,7.01,7.01,7.01,166576
1704315840,2024-01-03T16:04:00.000-05:00,7.01,7.01,7.01,7.01,4628
1704316800,2024-01-03T16:20:00.000-05:00,7.01,7.01,7.01,7.01,118
1704378600,2024-01-04T09:30:00.000-05:00,6.99,6.99,6.91,6.91,3957
1704378660,2024-01-04T09:31:00.000-05:00,6.91,6.94,6.91,6.94,1865
1704378720,2024-01-04T09:32:00.000-05:00,6.95,6.95,6.95,6.95,153
1704378780,2024-01-04T09:33:00.000-05:00,6.97,6.97,6.96,6.96,2423
1704378840,2024-01-04T09:34:00.000-05:00,6.96,6.9749,6.96,6.96,1036
1704378900,2024-01-04T09:35:00.000-05:00,6.965,6.965,6.955,6.955,314
1704378960,2024-01-04T09:36:00.000-05:00,6.96,6.97,6.96,6.97,2546
1704379020,2024-01-04T09:37:00.000-05:00,6.98,6.99,6.98,6.99,601
1704379080,2024-01-04T09:38:00.000-05:00,7.0,7.0,7.0,7.0,326
1704379140,2024-01-04T09:39:00.000-05:00,6.99,6.99,6.99,6.99,231
1704379200,2024-01-04T09:40:00.000-05:00,6.98,6.98,6.97,6.98,2956
1704379260,2024-01-04T09:41:00.000-05:00,6.98,6.985,6.98,6.985,1450
1704379320,2024-01-04T09:42:00.000-05:00,7.0,7.02,7.0,7.02,9709
1704379380,2024-01-04T09:43:00.000-05:00,7.03,7.04,7.03,7.04,506
1704379500,2024-01-04T09:45:00.000-05:00,7.04,7.04,7.04,7.04,2588
1704379560,2024-01-04T09:46:00.000-05:00,7.04,7.04,7.03,7.03,1688
1704379620,2024-01-04T09:47:00.000-05:00,7.03,7.055,7.03,7.05,2529
1704379680,2024-01-04T09:48:00.000-05:00,7.05,7.05,7.05,7.05,427
1704379740,2024-01-04T09:49:00.000-05:00,7.04,7.0438,7.035,7.035,598
1704379800,2024-01-04T09:50:00.000-05:00,7.03,7.035,7.03,7.035,629
1704379860,2024-01-04T09:51:00.000-05:00,7.03,7.04,7.03,7.04,2434
1704379920,2024-01-04T09:52:00.000-05:00,7.035,7.035,7.035,7.035,102
1704380040,2024-01-04T09:54:00.000-05:00,7.03,7.035,7.03,7.035,1045
1704380100,2024-01-04T09:55:00.000-05:00,7.04,7.06,7.04,7.06,1836
1704380160,2024-01-04T09:56:00.000-05:00,7.0599,7.06,7.0599,7.06,341
1704380220,2024-01-04T09:57:00.000-05:00,7.065,7.065,7.06,7.06,1054
1704380280,2024-01-04T09:58:00.000-05:00,7.06,7.06,7.06,7.06,3091
1704380340,2024-01-04T09:59:00.000-05:00,7.05,7.05,7.05,7.05,600
1704380400,2024-01-04T10:00:00.000-05:00,7.04,7.049,7.04,7.049,500
1704380460,2024-01-04T10:01:00.000-05:00,7.05,7.055,7.05,7.055,548
1704380520,2024-01-04T10:02:00.000-05:00,7.05,7.05,7.04,7.04,787
1704380580,2024-01-04T10:03:00.000-05:00,7.045,7.045,7.04,7.04,915
1704380640,2024-01-04T10:04:00.000-05:00,7.04,7.04,7.04,7.04,242
1704380700,2024-01-04T10:05:00.000-05:00,7.035,7.035,7.02,7.02,824
1704380760,2024-01-04T10:06:00.000-05:00,7.025,7.025,7.015,7.015,205
1704380820,2024-01-04T10:07:00.000-05:00,7.02,7.025,7.02,7.02,969
1704380880,2024-01-04T10:08:00.000-05:00,7.025,7.025,7.025,7.025,107
1704380940,2024-01-04T10:09:00.000-05:00,7.03,7.04,7.03,7.04,1313
1704381000,2024-01-04T10:10:00.000-05:00,7.045,7.045,7.04,7.04,269
1704381060,2024-01-04T10:11:00.000-05:00,7.04,7.04,7.03,7.03,1257
1704381120,2024-01-04T10:12:00.000-05:00,7.03,7.04,7.03,7.04,798
1704381180,2024-01-04T10:13:00.000-05:00,7.04,7.04,7.035,7.035,202
1704381300,2024-01-04T10:15:00.000-05:00,7.025,7.025,7.025,7.025,232
1704381360,2024-01-04T10:16:00.000-05:00,7.03,7.03,7.03,7.03,113
1704381420,2024-01-04T10:17:00.000-05:00,7.03,7.03,7.03,7.03,264
1704381480,2024-01-04T10:18:00.000-05:00,7.04,7.05,7.04,7.05,1958
1704381540,2024-01-04T10:19:00.000-05:00,7.05,7.05,7.05,7.05,351
1704381600,2024-01-04T10:20:00.000-05:00,7.06,7.06,7.055,7.055,545
1704381660,2024-01-04T10:21:00.000-05:00,7.055,7.055,7.05,7.05,517
1704381780,2024-01-04T10:23:00.000-05:00,7.04,7.04,7.04,7.04,2576
1704381840,2024-01-04T10:24:00.000-05:00,7.04,7.04,7.04,7.04,1017
1704381900,2024-01-04T10:25:00.000-05:00,7.035,7.04,7.035,7.04,1397
1704381960,2024-01-04T10:26:00.000-05:00,7.04,7.04,7.035,7.035,494
1704382020,2024-01-04T10:27:00.000-05:00,7.04,7.05,7.04,7.05,1075
1704382080,2024-01-04T10:28:00.000-05:00,7.06,7.06,7.06,7.06,101
1704382200,2024-01-04T10:30:00.000-05:00,7.06,7.06,7.055,7.055,3019
1704382260,2024-01-04T10:31:00.000-05:00,7.06,7.06,7.06,7.06,1703
1704382320,2024-01-04T10:32:00.000-05:00,7.07,7.07,7.07,7.07,1043
1704382380,2024-01-04T10:33:00.000-05:00,7.08,7.08,7.08,7.08,1327
1704382440,2024-01-04T10:34:00.000-05:00,7.08,7.08,7.08,7.08,117
1704382500,2024-01-04T10:35:00.000-05:00,7.085,7.085,7.075,7.075,649
1704382560,2024-01-04T10:36:00.000-05:00,7.08,7.08,7.08,7.08,535
1704382620,2024-01-04T10:37:00.000-05:00,7.08,7.08,7.08,7.08,323
1704382680,2024-01-04T10:38:00.000-05:00,7.085,7.085,7.085,7.085,209
1704382740,2024-01-04T10:39:00.000-05:00,7.08,7.08,7.08,7.08,1300
1704382800,2024-01-04T10:40:00.000-05:00,7.07,7.07,7.07,7.07,507
1704382860,2024-01-04T10:41:00.000-05:00,7.08,7.08,7.08,7.08,304
1704382920,2024-01-04T10:42:00.000-05:00,7.08,7.085,7.08,7.085,936
1704382980,2024-01-04T10:43:00.000-05:00,7.09,7.1,7.09,7.095,671
1704383040,2024-01-04T10:44:00.000-05:00,7.1,7.1,7.1,7.1,301
1704383100,2024-01-04T10:45:00.000-05:00,7.1,7.1,7.1,7.1,707
1704383160,2024-01-04T10:46:00.000-05:00,7.1,7.105,7.1,7.105,589
1704383220,2024-01-04T10:47:00.000-05:00,7.105,7.105,7.1,7.1,434
1704383280,2024-01-04T10:48:00.000-05:00,7.1,7.1,7.1,7.1,653
1704383340,2024-01-04T10:49:00.000-05:00,7.09,7.09,7.07,7.07,1796
1704383460,2024-01-04T10:51:00.000-05:00,7.08,7.085,7.08,7.085,1156
1704383580,2024-01-04T10:53:00.000-05:00,7.08,7.09,7.08,7.09,615
1704383640,2024-01-04T10:54:00.000-05:00,7.095,7.095,7.095,7.095,104
1704383700,2024-01-04T10:55:00.000-05:00,7.1,7.105,7.095,7.095,3773
1704383760,2024-01-04T10:56:00.000-05:00,7.1,7.1,7.1,7.1,3041
1704383820,2024-01-04T10:57:00.000-05:00,7.1,7.1,7.1,7.1,1446
1704383880,2024-01-04T10:58:00.000-05:00,7.1,7.1,7.09,7.09,1116
1704383940,2024-01-04T10:59:00.000-05:00,7.095,7.095,7.0837,7.0837,1720
1704384000,2024-01-04T11:00:00.000-05:00,7.09,7.09,7.09,7.09,1765
1704384120,2024-01-04T11:02:00.000-05:00,7.09,7.095,7.09,7.09,774
1704384180,2024-01-04T11:03:00.000-05:00,7.09,7.09,7.085,7.09,1448
1704384240,2024-01-04T11:04:00.000-05:00,7.09,7.095,7.075,7.08,3956
1704384300,2024-01-04T11:05:00.000-05:00,7.0799,7.08,7.0799,7.08,261
1704384360,2024-01-04T11:06:00.000-05:00,7.0729,7.0729,7.0729,7.0729,2000
1704384420,2024-01-04T11:07:00.000-05:00,7.08,7.08,7.075,7.075,223
1704384480,2024-01-04T11:08:00.000-05:00,7.071,7.071,7.071,7.071,295
1704384540,2024-01-04T11:09:00.000-05:00,7.08,7.08,7.08,7.08,120
1704384600,2024-01-04T11:10:00.000-05:00,7.08,7.085,7.08,7.085,625
1704384660,2024-01-04T11:11:00.000-05:00,7.09,7.09,7.085,7.09,4625
1704384780,2024-01-04T11:13:00.000-05:00,7.1,7.1,7.1,7.1,1390
1704384840,2024-01-04T11:14:00.000-05:00,7.1,7.1,7.1,7.1,395
1704384900,2024-01-04T11:15:00.000-05:00,7.105,7.105,7.105,7.105,122
1704384960,2024-01-04T11:16:00.000-05:00,7.105,7.105,7.105,7.105,203
1704385020,2024-01-04T11:17:00.000-05:00,7.105,7.105,7.1,7.1,890
1704385080,2024-01-04T11:18:00.000-05:00,7.1,7.1,7.09,7.09,837
1704385440,2024-01-04T11:24:00.000-05:00,7.09,7.09,7.09,7.09,117
1704385500,2024-01-04T11:25:00.000-05:00,7.09,7.1,7.09,7.1,1929
1704385560,2024-01-04T11:26:00.000-05:00,7.105,7.105,7.105,7.105,308
1704385620,2024-01-04T11:27:00.000-05:00,7.11,7.11,7.11,7.11,715
1704385680,2024-01-04T11:28:00.000-05:00,7.11,7.11,7.11,7.11,2915
1704385740,2024-01-04T11:29:00.000-05:00,7.12,7.12,7.12,7.12,346
1704385920,2024-01-04T11:32:00.000-05:00,7.11,7.11,7.11,7.11,2392
1704385980,2024-01-04T11:33:00.000-05:00,7.115,7.115,7.115,7.115,100
1704386040,2024-01-04T11:34:00.000-05:00,7.11,7.11,7.105,7.105,1074
1704386100,2024-01-04T11:35:00.000-05:00,7.11,7.115,7.11,7.115,1087
1704386160,2024-01-04T11:36:00.000-05:00,7.115,7.115,7.115,7.115,119
1704386220,2024-01-04T11:37:00.000-05:00,7.12,7.125,7.12,7.125,3088
1704386280,2024-01-04T11:38:00.000-05:00,7.12,7.12,7.12,7.12,2102
1704386340,2024-01-04T11:39:00.000-05:00,7.12,7.12,7.12,7.12,478
1704386460,2024-01-04T11:41:00.000-05:00,7.12,7.12,7.115,7.115,1731
1704386520,2024-01-04T11:42:00.000-05:00,7.11,7.11,7.105,7.105,1181
1704386580,2024-01-04T11:43:00.000-05:00,7.105,7.105,7.105,7.105,100
1704386640,2024-01-04T11:44:00.000-05:00,7.105,7.105,7.105,7.105,119
1704386700,2024-01-04T11:45:00.000-05:00,7.1,7.1,7.1,7.1,1353
1704386760,2024-01-04T11:46:00.000-05:00,7.09,7.09,7.085,7.085,234
1704386820,2024-01-04T11:47:00.000-05:00,7.07,7.07,7.07,7.07,1070
1704386880,2024-01-04T11:48:00.000-05:00,7.07,7.07,7.06,7.06,2579
1704386940,2024-01-04T11:49:00.000-05:00,7.06,7.06,7.06,7.06,848
1704387000,2024-01-04T11:50:00.000-05:00,7.05,7.05,7.04,7.05,2505
1704387120,2024-01-04T11:52:00.000-05:00,7.04,7.055,7.04,7.05,2024
1704387180,2024-01-04T11:53:00.000-05:00,7.05,7.05,7.05,7.05,318
1704387240,2024-01-04T11:54:00.000-05:00,7.05,7.05,7.05,7.05,101
1704387300,2024-01-04T11:55:00.000-05:00,7.04,7.04,7.04,7.04,988
1704387420,2024-01-04T11:57:00.000-05:00,7.03,7.03,7.03,7.03,843
1704387540,2024-01-04T11:59:00.000-05:00,7.025,7.03,7.025,7.025,1194
1704387660,2024-01-04T12:01:00.000-05:00,7.0203,7.0203,7.02,7.02,786
1704387780,2024-01-04T12:03:00.000-05:00,7.01,7.015,7.01,7.015,211
1704387840,2024-01-04T12:04:00.000-05:00,7.02,7.02,7.02,7.02,182
1704387900,2024-01-04T12:05:00.000-05:00,7.02,7.02,7.02,7.02,1763
1704388020,2024-01-04T12:07:00.000-05:00,7.02,7.02,7.02,7.02,1044
1704388080,2024-01-04T12:08:00.000-05:00,7.025,7.025,7.02,7.02,207
1704388140,2024-01-04T12:09:00.000-05:00,7.02,7.02,7.02,7.02,337
1704388200,2024-01-04T12:10:00.000-05:00,7.025,7.025,7.025,7.025,102
1704388260,2024-01-04T12:11:00.000-05:00,7.0245,7.0245,7.0245,7.0245,1086
1704388320,2024-01-04T12:12:00.000-05:00,7.03,7.035,7.03,7.035,2764
1704388440,2024-01-04T12:14:00.000-05:00,7.03,7.03,7.03,7.03,3013
1704388500,2024-01-04T12:15:00.000-05:00,7.03,7.03,7.03,7.03,518
1704388560,2024-01-04T12:16:00.000-05:00,7.035,7.04,7.035,7.035,651
1704388620,2024-01-04T12:17:00.000-05:00,7.03,7.03,7.03,7.03,248
1704388680,2024-01-04T12:18:00.000-05:00,7.0308,7.0308,7.03,7.03,346
1704388740,2024-01-04T12:19:00.000-05:00,7.03,7.03,7.025,7.025,627
1704388800,2024-01-04T12:20:00.000-05:00,7.025,7.025,7.0211,7.0211,419
1704388920,2024-01-04T12:22:00.000-05:00,7.02,7.02,7.02,7.02,100
1704389040,2024-01-04T12:24:00.000-05:00,7.025,7.025,7.025,7.025,204
1704389100,2024-01-04T12:25:00.000-05:00,7.02,7.02,7.02,7.02,217
1704389160,2024-01-04T12:26:00.000-05:00,7.02,7.02,7.02,7.02,150
1704389220,2024-01-04T12:27:00.000-05:00,7.02,7.02,7.02,7.02,234
1704389280,2024-01-04T12:28:00.000-05:00,7.025,7.025,7.02,7.02,1169
1704389400,2024-01-04T12:30:00.000-05:00,7.0,7.0,6.99,6.99,2036
1704389460,2024-01-04T12:31:00.000-05:00,6.99,6.99,6.99,6.99,3516
1704389520,2024-01-04T12:32:00.000-05:00,6.995,6.995,6.995,6.995,147
1704389640,2024-01-04T12:34:00.000-05:00,6.995,7.0,6.99,6.99,304
1704389700,2024-01-04T12:35:00.000-05:00,7.0,7.0,7.0,7.0,240
1704389760,2024-01-04T12:36:00.000-05:00,6.99,6.99,6.99,6.99,306
1704389820,2024-01-04T12:37:00.000-05:00,6.99,6.99,6.99,6.99,206
1704389940,2024-01-04T12:39:00.000-05:00,6.995,6.995,6.99,6.99,1822
1704390000,2024-01-04T12:40:00.000-05:00,6.99,6.99,6.99,6.99,1353
1704390060,2024-01-04T12:41:00.000-05:00,6.99,6.99,6.985,6.99,11181
1704390120,2024-01-04T12:42:00.000-05:00,6.985,6.9923,6.985,6.9923,4769
1704390180,2024-01-04T12:43:00.000-05:00,6.99,6.995,6.99,6.995,300
1704390240,2024-01-04T12:44:00.000-05:00,6.99,6.99,6.98,6.98,2057
1704390300,2024-01-04T12:45:00.000-05:00,6.98,6.98,6.97,6.97,2134
1704390360,2024-01-04T12:46:00.000-05:00,6.97,6.97,6.97,6.97,2893
1704390540,2024-01-04T12:49:00.000-05:00,6.975,6.98,6.975,6.98,5773
1704390600,2024-01-04T12:50:00.000-05:00,6.985,6.99,6.985,6.99,200
1704390660,2024-01-04T12:51:00.000-05:00,6.98,6.98,6.98,6.98,140
1704390720,2024-01-04T12:52:00.000-05:00,6.98,6.98,6.98,6.98,135
1704390780,2024-01-04T12:53:00.000-05:00,6.99,6.99,6.985,6.985,2249
1704390840,2024-01-04T12:54:00.000-05:00,6.99,6.99,6.985,6.985,806
1704390900,2024-01-04T12:55:00.000-05:00,6.98,6.98,6.98,6.98,1465
1704391020,2024-01-04T12:57:00.000-05:00,6.975,6.975,6.975,6.975,927
1704391080,2024-01-04T12:58:00.000-05:00,6.98,6.98,6.98,6.98,116
1704391200,2024-01-04T13:00:00.000-05:00,6.975,6.975,6.97,6.97,2188
1704391260,2024-01-04T13:01:00.000-05:00,6.97,6.97,6.965,6.97,4758
1704391320,2024-01-04T13:02:00.000-05:00,6.97,6.97,6.97,6.97,242
1704391380,2024-01-04T13:03:00.000-05:00,6.97,6.97,6.97,6.97,1763
1704391440,2024-01-04T13:04:00.000-05:00,6.97,6.97,6.97,6.97,2654
1704391500,2024-01-04T13:05:00.000-05:00,6.975,6.975,6.975,6.975,110
1704391560,2024-01-04T13:06:00.000-05:00,6.98,6.99,6.98,6.985,1229
1704391620,2024-01-04T13:07:00.000-05:00,6.99,6.99,6.99,6.99,138
1704391680,2024-01-04T13:08:00.000-05:00,6.985,6.985,6.98,6.985,736
1704391740,2024-01-04T13:09:00.000-05:00,6.98,6.98,6.98,6.98,169
1704391800,2024-01-04T13:10:00.000-05:00,6.98,6.98,6.98,6.98,1405
1704391860,2024-01-04T13:11:00.000-05:00,6.98,6.98,6.98,6.98,100
1704391980,2024-01-04T13:13:00.000-05:00,6.98,6.985,6.98,6.985,1188
1704392040,2024-01-04T13:14:00.000-05:00,6.985,6.99,6.985,6.99,502
1704392100,2024-01-04T13:15:00.000-05:00,6.985,6.99,6.985,6.99,1742
1704392160,2024-01-04T13:16:00.000-05:00,6.985,6.985,6.985,6.985,214
1704392220,2024-01-04T13:17:00.000-05:00,6.985,6.985,6.985,6.985,300
1704392280,2024-01-04T13:18:00.000-05:00,6.985,6.985,6.98,6.985,610
1704392340,2024-01-04T13:19:00.000-05:00,6.98,6.98,6.98,6.98,100
1704392520,2024-01-04T13:22:00.000-05:00,6.985,6.985,6.98,6.98,331
1704392580,2024-01-04T13:23:00.000-05:00,6.98,6.99,6.98,6.985,1481
1704392640,2024-01-04T13:24:00.000-05:00,6.98,6.98,6.98,6.98,2247
1704392700,2024-01-04T13:25:00.000-05:00,6.99,6.995,6.985,6.99,3111
1704392760,2024-01-04T13:26:00.000-05:00,6.995,6.995,6.995,6.995,279
1704392880,2024-01-04T13:28:00.000-05:00,6.995,6.995,6.995,6.995,300
1704392940,2024-01-04T13:29:00.000-05:00,6.995,6.995,6.995,6.995,272
1704393000,2024-01-04T13:30:00.000-05:00,6.995,6.9989,6.995,6.995,1832
1704393060,2024-01-04T13:31:00.000-05:00,7.0,7.0,6.99,6.99,1016
1704393120,2024-01-04T13:32:00.000-05:00,6.995,6.995,6.995,6.995,665
1704393180,2024-01-04T13:33:00.000-05:00,6.995,6.995,6.995,6.995,168
1704393240,2024-01-04T13:34:00.000-05:00,6.995,7.005,6.995,7.005,6604
1704393300,2024-01-04T13:35:00.000-05:00,7.0,7.0,6.995,6.995,5295
1704393420,2024-01-04T13:37:00.000-05:00,6.995,6.995,6.995,6.995,182
1704393480,2024-01-04T13:38:00.000-05:00,6.995,6.995,6.995,6.995,230
1704393540,2024-01-04T13:39:00.000-05:00,6.995,6.995,6.995,6.995,243
1704393600,2024-01-04T13:40:00.000-05:00,6.995,7.0,6.995,6.995,684
1704393660,2024-01-04T13:41:00.000-05:00,6.995,7.0,6.995,7.0,222
1704393720,2024-01-04T13:42:00.000-05:00,6.995,7.005,6.995,7.0,8768
1704393780,2024-01-04T13:43:00.000-05:00,7.01,7.01,7.01,7.01,218
1704393840,2024-01-04T13:44:00.000-05:00,7.005,7.01,7.005,7.01,2548
1704393900,2024-01-04T13:45:00.000-05:00,7.005,7.015,7.005,7.015,15136
1704393960,2024-01-04T13:46:00.000-05:00,7.01,7.0135,7.01,7.0135,406
1704394020,2024-01-04T13:47:00.000-05:00,7.015,7.015,7.01,7.01,4310
1704394080,2024-01-04T13:48:00.000-05:00,7.0,7.0,7.0,7.0,532
1704394200,2024-01-04T13:50:00.000-05:00,7.01,7.01,7.005,7.005,734
1704394320,2024-01-04T13:52:00.000-05:00,7.0,7.005,7.0,7.005,1241
1704394380,2024-01-04T13:53:00.000-05:00,7.0,7.005,7.0,7.005,530
1704394440,2024-01-04T13:54:00.000-05:00,7.005,7.005,7.005,7.005,515
1704394500,2024-01-04T13:55:00.000-05:00,7.005,7.005,7.0,7.0,418
1704394620,2024-01-04T13:57:00.000-05:00,7.005,7.01,7.005,7.01,8468
1704394680,2024-01-04T13:58:00.000-05:00,7.0057,7.01,7.005,7.01,542
1704394740,2024-01-04T13:59:00.000-05:00,7.01,7.01,7.01,7.01,138
1704394800,2024-01-04T14:00:00.000-05:00,7.005,7.03,7.005,7.03,22945
1704394860,2024-01-04T14:01:00.000-05:00,7.03,7.04,7.03,7.04,1276
1704394920,2024-01-04T14:02:00.000-05:00,7.04,7.04,7.03,7.04,905
1704394980,2024-01-04T14:03:00.000-05:00,7.03,7.035,7.03,7.03,4980
1704395220,2024-01-04T14:07:00.000-05:00,7.03,7.04,7.03,7.035,3680
1704395280,2024-01-04T14:08:00.000-05:00,7.03,7.03,7.025,7.025,5061
1704395400,2024-01-04T14:10:00.000-05:00,7.025,7.025,7.025,7.025,2305
1704395460,2024-01-04T14:11:00.000-05:00,7.025,7.03,7.025,7.03,3531
1704395580,2024-01-04T14:13:00.000-05:00,7.035,7.035,7.035,7.035,231
1704395640,2024-01-04T14:14:00.000-05:00,7.03,7.035,7.03,7.035,400
1704395700,2024-01-04T14:15:00.000-05:00,7.03,7.03,7.025,7.025,15358
1704395760,2024-01-04T14:16:00.000-05:00,7.03,7.03,7.025,7.025,1707
1704395820,2024-01-04T14:17:00.000-05:00,7.03,7.03,7.03,7.03,148
1704395940,2024-01-04T14:19:00.000-05:00,7.025,7.025,7.025,7.025,281
1704396000,2024-01-04T14:20:00.000-05:00,7.025,7.03,7.025,7.03,220
1704396060,2024-01-04T14:21:00.000-05:00,7.03,7.03,7.025,7.03,14234
1704396120,2024-01-04T14:22:00.000-05:00,7.03,7.03,7.03,7.03,1031
1704396240,2024-01-04T14:24:00.000-05:00,7.025,7.03,7.02,7.02,310
1704396300,2024-01-04T14:25:00.000-05:00,7.02,7.02,7.02,7.02,520
1704396360,2024-01-04T14:26:00.000-05:00,7.025,7.025,7.025,7.025,100
1704396420,2024-01-04T14:27:00.000-05:00,7.03,7.03,7.03,7.03,149
1704396480,2024-01-04T14:28:00.000-05:00,7.025,7.03,7.025,7.025,1043
1704396600,2024-01-04T14:30:00.000-05:00,7.02,7.02,7.02,7.02,235
1704396660,2024-01-04T14:31:00.000-05:00,7.02,7.025,7.02,7.025,427
1704396720,2024-01-04T14:32:00.000-05:00,7.02,7.03,7.02,7.025,349
1704396780,2024-01-04T14:33:00.000-05:00,7.025,7.03,7.025,7.03,438
1704396840,2024-01-04T14:34:00.000-05:00,7.0225,7.025,7.0225,7.025,519
1704396900,2024-01-04T14:35:00.000-05:00,7.025,7.025,7.025,7.025,1732
1704396960,2024-01-04T14:36:00.000-05:00,7.025,7.03,7.025,7.03,918
1704397020,2024-01-04T14:37:00.000-05:00,7.03,7.03,7.03,7.03,312
1704397080,2024-01-04T14:38:00.000-05:00,7.03,7.035,7.025,7.035,3646
1704397140,2024-01-04T14:39:00.000-05:00,7.035,7.035,7.035,7.035,214
1704397200,2024-01-04T14:40:00.000-05:00,7.035,7.035,7.025,7.025,4312
1704397260,2024-01-04T14:41:00.000-05:00,7.0208,7.0208,7.0208,7.0208,1468
1704397380,2024-01-04T14:43:00.000-05:00,7.025,7.025,7.02,7.02,302
1704397440,2024-01-04T14:44:00.000-05:00,7.025,7.025,7.025,7.025,214
1704397500,2024-01-04T14:45:00.000-05:00,7.02,7.02,7.02,7.02,474
1704397560,2024-01-04T14:46:00.000-05:00,7.03,7.03,7.025,7.025,11219
1704397620,2024-01-04T14:47:00.000-05:00,7.025,7.03,7.025,7.03,1376
1704397680,2024-01-04T14:48:00.000-05:00,7.025,7.025,7.025,7.025,235
1704397740,2024-01-04T14:49:00.000-05:00,7.03,7.035,7.025,7.035,7341
1704397800,2024-01-04T14:50:00.000-05:00,7.035,7.035,7.035,7.035,110
1704397860,2024-01-04T14:51:00.000-05:00,7.04,7.04,7.035,7.035,929
1704397920,2024-01-04T14:52:00.000-05:00,7.04,7.04,7.035,7.04,5069
1704397980,2024-01-04T14:53:00.000-05:00,7.035,7.035,7.035,7.035,938
1704398040,2024-01-04T14:54:00.000-05:00,7.035,7.035,7.035,7.035,115
1704398100,2024-01-04T14:55:00.000-05:00,7.035,7.035,7.035,7.035,601
1704398160,2024-01-04T14:56:00.000-05:00,7.035,7.035,7.035,7.035,200
1704398220,2024-01-04T14:57:00.000-05:00,7.035,7.035,7.03,7.035,415
1704398280,2024-01-04T14:58:00.000-05:00,7.03,7.03,7.02,7.02,5240
1704398340,2024-01-04T14:59:00.000-05:00,7.02,7.025,7.02,7.025,546
1704398400,2024-01-04T15:00:00.000-05:00,7.025,7.025,7.025,7.025,280
1704398460,2024-01-04T15:01:00.000-05:00,7.03,7.03,7.03,7.03,217
1704398520,2024-01-04T15:02:00.000-05:00,7.025,7.03,7.025,7.025,27709
1704398580,2024-01-04T15:03:00.000-05:00,7.035,7.035,7.035,7.035,1555
1704398640,2024-01-04T15:04:00.000-05:00,7.035,7.05,7.035,7.05,15968
1704398700,2024-01-04T15:05:00.000-05:00,7.05,7.055,7.05,7.055,2017
1704398760,2024-01-04T15:06:00.000-05:00,7.06,7.065,7.06,7.0636,2618
1704398820,2024-01-04T15:07:00.000-05:00,7.065,7.07,7.065,7.07,311
1704398880,2024-01-04T15:08:00.000-05:00,7.065,7.065,7.065,7.065,100
1704398940,2024-01-04T15:09:00.000-05:00,7.065,7.065,7.065,7.065,535
1704399000,2024-01-04T15:10:00.000-05:00,7.065,7.065,7.065,7.065,201
1704399060,2024-01-04T15:11:00.000-05:00,7.065,7.07,7.065,7.07,4545
1704399120,2024-01-04T15:12:00.000-05:00,7.075,7.075,7.075,7.075,147
1704399180,2024-01-04T15:13:00.000-05:00,7.075,7.075,7.075,7.075,402
1704399240,2024-01-04T15:14:00.000-05:00,7.075,7.075,7.07,7.075,520
1704399300,2024-01-04T15:15:00.000-05:00,7.075,7.075,7.075,7.075,1538
1704399360,2024-01-04T15:16:00.000-05:00,7.075,7.075,7.07,7.07,7384
1704399420,2024-01-04T15:17:00.000-05:00,7.075,7.075,7.075,7.075,165
1704399480,2024-01-04T15:18:00.000-05:00,7.075,7.075,7.065,7.0699,2393
1704399540,2024-01-04T15:19:00.000-05:00,7.07,7.075,7.07,7.075,1211
1704399600,2024-01-04T15:20:00.000-05:00,7.075,7.085,7.075,7.085,1632
1704399660,2024-01-04T15:21:00.000-05:00,7.085,7.085,7.08,7.08,2570
1704399840,2024-01-04T15:24:00.000-05:00,7.07,7.075,7.07,7.075,266
1704399900,2024-01-04T15:25:00.000-05:00,7.075,7.075,7.075,7.075,300
1704399960,2024-01-04T15:26:00.000-05:00,7.08,7.085,7.08,7.085,5729
1704400020,2024-01-04T15:27:00.000-05:00,7.085,7.085,7.085,7.085,633
1704400140,2024-01-04T15:29:00.000-05:00,7.085,7.085,7.085,7.085,591
1704400200,2024-01-04T15:30:00.000-05:00,7.089,7.095,7.089,7.09,4884
1704400320,2024-01-04T15:32:00.000-05:00,7.09,7.1,7.09,7.1,1710
1704400440,2024-01-04T15:34:00.000-05:00,7.095,7.095,7.09,7.095,1159
1704400500,2024-01-04T15:35:00.000-05:00,7.1,7.1,7.095,7.095,487
1704400620,2024-01-04T15:37:00.000-05:00,7.1,7.1,7.095,7.1,1389
1704400680,2024-01-04T15:38:00.000-05:00,7.1,7.1,7.085,7.09,9115
1704400740,2024-01-04T15:39:00.000-05:00,7.09,7.09,7.09,7.09,2313
1704400800,2024-01-04T15:40:00.000-05:00,7.095,7.1,7.095,7.1,318
1704400860,2024-01-04T15:41:00.000-05:00,7.0982,7.1,7.095,7.095,1287
1704400920,2024-01-04T15:42:00.000-05:00,7.1,7.1,7.09,7.1,849
1704400980,2024-01-04T15:43:00.000-05:00,7.095,7.095,7.085,7.09,9606
1704401040,2024-01-04T15:44:00.000-05:00,7.0801,7.085,7.08,7.085,7012
1704401100,2024-01-04T15:45:00.000-05:00,7.08,7.08,7.08,7.08,2367
1704401160,2024-01-04T15:46:00.000-05:00,7.07,7.07,7.07,7.07,353
1704401220,2024-01-04T15:47:00.000-05:00,7.075,7.075,7.07,7.07,2789
1704401280,2024-01-04T15:48:00.000-05:00,7.07,7.07,7.065,7.065,504
1704401340,2024-01-04T15:49:00.000-05:00,7.065,7.065,7.055,7.065,9415
1704401400,2024-01-04T15:50:00.000-05:00,7.06,7.06,7.035,7.035,7906
1704401460,2024-01-04T15:51:00.000-05:00,7.035,7.04,7.03,7.03,1713
1704401520,2024-01-04T15:52:00.000-05:00,7.03,7.035,7.03,7.035,1716
1704401580,2024-01-04T15:53:00.000-05:00,7.035,7.035,7.025,7.025,47238
1704401640,2024-01-04T15:54:00.000-05:00,7.025,7.025,7.02,7.02,2471
1704401700,2024-01-04T15:55:00.000-05:00,7.025,7.025,7.02,7.025,2979
1704401760,2024-01-04T15:56:00.000-05:00,7.025,7.03,7.02,7.02,15560
1704401820,2024-01-04T15:57:00.000-05:00,7.025,7.025,7.02,7.025,12502
1704401880,2024-01-04T15:58:00.000-05:00,7.025,7.025,7.02,7.025,9614
1704401940,2024-01-04T15:59:00.000-05:00,7.03,7.03,7.0,7.0,42832
1704402000,2024-01-04T16:00:00.000-05:00,7.0,7.0,7.0,7.0,165136
1704403500,2024-01-04T16:25:00.000-05:00,6.76,6.76,6.76,6.76,438
1704465000,2024-01-05T09:30:00.000-05:00,6.9,6.98,6.85,6.86,12192
1704465060,2024-01-05T09:31:00.000-05:00,6.85,6.85,6.84,6.84,911
1704465120,2024-01-05T09:32:00.000-05:00,6.86,6.86,6.86,6.86,300
1704465180,2024-01-05T09:33:00.000-05:00,6.87,6.88,6.87,6.88,737
1704465240,2024-01-05T09:34:00.000-05:00,6.9,6.91,6.9,6.91,686
1704465300,2024-01-05T09:35:00.000-05:00,6.9,6.9,6.895,6.9,600
1704465360,2024-01-05T09:36:00.000-05:00,6.91,6.92,6.91,6.92,1144
1704465420,2024-01-05T09:37:00.000-05:00,6.92,6.92,6.91,6.91,3850
1704465480,2024-01-05T09:38:00.000-05:00,6.92,6.92,6.9135,6.9135,406
1704465540,2024-01-05T09:39:00.000-05:00,6.925,6.925,6.915,6.915,749
1704465600,2024-01-05T09:40:00.000-05:00,6.93,6.93,6.9,6.9,4636
1704465660,2024-01-05T09:41:00.000-05:00,6.91,6.915,6.91,6.91,1855
1704465720,2024-01-05T09:42:00.000-05:00,6.93,6.935,6.93,6.935,661
1704465780,2024-01-05T09:43:00.000-05:00,6.95,6.95,6.95,6.95,265
1704465840,2024-01-05T09:44:00.000-05:00,6.93,6.93,6.93,6.93,100
1704465900,2024-01-05T09:45:00.000-05:00,6.94,6.965,6.94,6.965,16037
1704465960,2024-01-05T09:46:00.000-05:00,6.9606,6.9606,6.9606,6.9606,2170
1704466020,2024-01-05T09:47:00.000-05:00,6.98,6.98,6.975,6.975,690
1704466080,2024-01-05T09:48:00.000-05:00,6.975,6.975,6.96,6.96,1250
1704466140,2024-01-05T09:49:00.000-05:00,6.955,6.965,6.95,6.965,14002
1704466200,2024-01-05T09:50:00.000-05:00,6.961,6.97,6.96,6.97,8839
1704466260,2024-01-05T09:51:00.000-05:00,6.975,6.975,6.975,6.975,300
1704466320,2024-01-05T09:52:00.000-05:00,6.975,7.0,6.975,6.995,2080
1704466380,2024-01-05T09:53:00.000-05:00,6.995,6.995,6.995,6.995,203
1704466500,2024-01-05T09:55:00.000-05:00,7.0,7.005,7.0,7.0,6812
1704466560,2024-01-05T09:56:00.000-05:00,7.005,7.005,7.005,7.005,167
1704466620,2024-01-05T09:57:00.000-05:00,7.0,7.0,7.0,7.0,356
1704466680,2024-01-05T09:58:00.000-05:00,6.995,6.995,6.995,6.995,210
1704466740,2024-01-05T09:59:00.000-05:00,6.995,6.995,6.99,6.995,542
1704466800,2024-01-05T10:00:00.000-05:00,7.0,7.04,6.97,7.03,18896
1704466920,2024-01-05T10:02:00.000-05:00,7.05,7.06,7.05,7.06,993
1704466980,2024-01-05T10:03:00.000-05:00,7.06,7.06,7.055,7.0575,1053
1704467040,2024-01-05T10:04:00.000-05:00,7.05,7.05,7.05,7.05,548
1704467100,2024-01-05T10:05:00.000-05:00,7.055,7.065,7.055,7.065,1270
1704467160,2024-01-05T10:06:00.000-05:00,7.075,7.08,7.075,7.08,1286
1704467280,2024-01-05T10:08:00.000-05:00,7.1,7.1,7.1,7.1,297
1704467340,2024-01-05T10:09:00.000-05:00,7.1,7.1,7.095,7.1,680
1704467400,2024-01-05T10:10:00.000-05:00,7.105,7.105,7.105,7.105,700
1704467460,2024-01-05T10:11:00.000-05:00,7.1,7.1,7.1,7.1,468
1704467520,2024-01-05T10:12:00.000-05:00,7.095,7.095,7.095,7.095,1100
1704467580,2024-01-05T10:13:00.000-05:00,7.095,7.095,7.085,7.085,1909
1704467640,2024-01-05T10:14:00.000-05:00,7.09,7.09,7.085,7.085,4093
1704467700,2024-01-05T10:15:00.000-05:00,7.085,7.09,7.085,7.085,446
1704467760,2024-01-05T10:16:00.000-05:00,7.08,7.08,7.075,7.08,4950
1704467820,2024-01-05T10:17:00.000-05:00,7.08,7.08,7.08,7.08,120
1704467880,2024-01-05T10:18:00.000-05:00,7.085,7.085,7.085,7.085,1244
1704467940,2024-01-05T10:19:00.000-05:00,7.085,7.09,7.085,7.09,1956
1704468000,2024-01-05T10:20:00.000-05:00,7.09,7.09,7.085,7.085,825
1704468060,2024-01-05T10:21:00.000-05:00,7.085,7.095,7.085,7.095,2725
1704468120,2024-01-05T10:22:00.000-05:00,7.095,7.11,7.095,7.1,1443
1704468180,2024-01-05T10:23:00.000-05:00,7.1075,7.113,7.1075,7.11,796
1704468240,2024-01-05T10:24:00.000-05:00,7.1,7.1,7.09,7.09,842
1704468300,2024-01-05T10:25:00.000-05:00,7.085,7.095,7.085,7.095,2452
1704468360,2024-01-05T10:26:00.000-05:00,7.095,7.095,7.095,7.095,340
1704468420,2024-01-05T10:27:00.000-05:00,7.09,7.09,7.08,7.08,2320
1704468480,2024-01-05T10:28:00.000-05:00,7.075,7.08,7.075,7.08,1065
1704468540,2024-01-05T10:29:00.000-05:00,7.09,7.09,7.085,7.085,200
1704468600,2024-01-05T10:30:00.000-05:00,7.09,7.095,7.085,7.095,5699
1704468660,2024-01-05T10:31:00.000-05:00,7.095,7.1,7.095,7.1,2132
1704468720,2024-01-05T10:32:00.000-05:00,7.095,7.1,7.095,7.095,1093
1704468780,2024-01-05T10:33:00.000-05:00,7.09,7.09,7.09,7.09,200
1704468840,2024-01-05T10:34:00.000-05:00,7.095,7.1,7.095,7.095,2836
1704468900,2024-01-05T10:35:00.000-05:00,7.095,7.1,7.095,7.1,302
1704468960,2024-01-05T10:36:00.000-05:00,7.095,7.1,7.095,7.1,427
1704469020,2024-01-05T10:37:00.000-05:00,7.095,7.095,7.095,7.095,734
1704469080,2024-01-05T10:38:00.000-05:00,7.095,7.105,7.095,7.105,1363
1704469140,2024-01-05T10:39:00.000-05:00,7.1001,7.105,7.1001,7.105,516
1704469200,2024-01-05T10:40:00.000-05:00,7.105,7.105,7.1,7.1,730
1704469260,2024-01-05T10:41:00.000-05:00,7.105,7.105,7.1,7.1,963
1704469320,2024-01-05T10:42:00.000-05:00,7.095,7.1,7.095,7.095,1656
1704469380,2024-01-05T10:43:00.000-05:00,7.095,7.11,7.095,7.11,1592
1704469440,2024-01-05T10:44:00.000-05:00,7.105,7.12,7.105,7.12,2003
1704469500,2024-01-05T10:45:00.000-05:00,7.12,7.122,7.12,7.122,1767
1704469560,2024-01-05T10:46:00.000-05:00,7.12,7.12,7.12,7.12,533
1704469620,2024-01-05T10:47:00.000-05:00,7.11,7.11,7.105,7.11,2437
1704469680,2024-01-05T10:48:00.000-05:00,7.105,7.11,7.105,7.105,1108
1704469740,2024-01-05T10:49:00.000-05:00,7.11,7.11,7.105,7.105,544
1704469800,2024-01-05T10:50:00.000-05:00,7.1,7.1,7.1,7.1,200
1704469920,2024-01-05T10:52:00.000-05:00,7.105,7.115,7.105,7.115,2347
1704469980,2024-01-05T10:53:00.000-05:00,7.115,7.115,7.115,7.115,219
1704470100,2024-01-05T10:55:00.000-05:00,7.12,7.12,7.115,7.115,1315
1704470160,2024-01-05T10:56:00.000-05:00,7.115,7.12,7.115,7.12,319
1704470220,2024-01-05T10:57:00.000-05:00,7.11,7.11,7.1,7.1,2547
1704470280,2024-01-05T10:58:00.000-05:00,7.105,7.105,7.105,7.105,400
1704470340,2024-01-05T10:59:00.000-05:00,7.1,7.11,7.1,7.105,2265
1704470400,2024-01-05T11:00:00.000-05:00,7.1,7.105,7.1,7.1,1020
1704470460,2024-01-05T11:01:00.000-05:00,7.1,7.1,7.1,7.1,194
1704470520,2024-01-05T11:02:00.000-05:00,7.105,7.105,7.105,7.105,269
1704470580,2024-01-05T11:03:00.000-05:00,7.1,7.1,7.08,7.08,2926
1704470760,2024-01-05T11:06:00.000-05:00,7.09,7.09,7.09,7.09,1888
1704470820,2024-01-05T11:07:00.000-05:00,7.09,7.1,7.09,7.1,2122
1704470880,2024-01-05T11:08:00.000-05:00,7.1,7.1,7.1,7.1,812
1704470940,2024-01-05T11:09:00.000-05:00,7.1044,7.1044,7.1044,7.1044,123
1704471000,2024-01-05T11:10:00.000-05:00,7.1,7.1,7.1,7.1,358
1704471060,2024-01-05T11:11:00.000-05:00,7.1,7.1,7.1,7.1,1077
1704471120,2024-01-05T11:12:00.000-05:00,7.105,7.105,7.105,7.105,728
1704471360,2024-01-05T11:16:00.000-05:00,7.1,7.1,7.09,7.09,2763
1704471480,2024-01-05T11:18:00.000-05:00,7.09,7.09,7.075,7.08,12024
1704471540,2024-01-05T11:19:00.000-05:00,7.07,7.07,7.065,7.065,2413
1704471660,2024-01-05T11:21:00.000-05:00,7.065,7.065,7.065,7.065,207
1704471720,2024-01-05T11:22:00.000-05:00,7.07,7.07,7.07,7.07,1645
1704471780,2024-01-05T11:23:00.000-05:00,7.075,7.075,7.075,7.075,1263
1704471900,2024-01-05T11:25:00.000-05:00,7.07,7.07,7.06,7.06,3407
1704471960,2024-01-05T11:26:00.000-05:00,7.055,7.06,7.055,7.06,250
1704472020,2024-01-05T11:27:00.000-05:00,7.0544,7.06,7.0544,7.06,3602
1704472080,2024-01-05T11:28:00.000-05:00,7.06,7.06,7.05,7.05,1351
1704472140,2024-01-05T11:29:00.000-05:00,7.055,7.06,7.055,7.055,3253
1704472200,2024-01-05T11:30:00.000-05:00,7.06,7.06,7.055,7.055,7586
1704472320,2024-01-05T11:32:00.000-05:00,7.05,7.05,7.05,7.05,296
1704472440,2024-01-05T11:34:00.000-05:00,7.05,7.05,7.05,7.05,2161
1704472500,2024-01-05T11:35:00.000-05:00,7.04,7.04,7.04,7.04,119
1704472560,2024-01-05T11:36:00.000-05:00,7.04,7.04,7.04,7.04,100
1704472800,2024-01-05T11:40:00.000-05:00,7.04,7.04,7.04,7.04,200
1704472860,2024-01-05T11:41:00.000-05:00,7.04,7.04,7.035,7.04,6644
1704472980,2024-01-05T11:43:00.000-05:00,7.04,7.04,7.04,7.04,1527
1704473040,2024-01-05T11:44:00.000-05:00,7.04,7.04,7.04,7.04,446
1704473100,2024-01-05T11:45:00.000-05:00,7.05,7.05,7.05,7.05,802
1704473280,2024-01-05T11:48:00.000-05:00,7.05,7.05,7.05,7.05,100
1704473340,2024-01-05T11:49:00.000-05:00,7.05,7.05,7.05,7.05,320
1704473460,2024-01-05T11:51:00.000-05:00,7.055,7.055,7.055,7.055,429
1704473520,2024-01-05T11:52:00.000-05:00,7.055,7.055,7.055,7.055,320
1704473580,2024-01-05T11:53:00.000-05:00,7.055,7.055,7.055,7.055,1373
1704473640,2024-01-05T11:54:00.000-05:00,7.055,7.055,7.055,7.055,879
1704473700,2024-01-05T11:55:00.000-05:00,7.06,7.06,7.055,7.06,837
1704473820,2024-01-05T11:57:00.000-05:00,7.06,7.06,7.05,7.05,912
1704473880,2024-01-05T11:58:00.000-05:00,7.055,7.055,7.055,7.055,214
1704473940,2024-01-05T11:59:00.000-05:00,7.06,7.06,7.06,7.06,967
1704474000,2024-01-05T12:00:00.000-05:00,7.065,7.065,7.06,7.06,541
1704474060,2024-01-05T12:01:00.000-05:00,7.055,7.055,7.05,7.05,607
1704474120,2024-01-05T12:02:00.000-05:00,7.05,7.05,7.05,7.05,100
1704474240,2024-01-05T12:04:00.000-05:00,7.055,7.055,7.0501,7.0501,800
1704474300,2024-01-05T12:05:00.000-05:00,7.05,7.05,7.045,7.045,2515
1704474360,2024-01-05T12:06:00.000-05:00,7.05,7.05,7.05,7.05,2164
1704474420,2024-01-05T12:07:00.000-05:00,7.045,7.045,7.04,7.04,410
1704474480,2024-01-05T12:08:00.000-05:00,7.04,7.04,7.04,7.04,3180
1704474540,2024-01-05T12:09:00.000-05:00,7.03,7.03,7.03,7.03,198
1704474600,2024-01-05T12:10:00.000-05:00,7.03,7.03,7.03,7.03,2849
1704474780,2024-01-05T12:13:00.000-05:00,7.035,7.035,7.035,7.035,281
1704474840,2024-01-05T12:14:00.000-05:00,7.04,7.045,7.04,7.045,1719
1704474960,2024-01-05T12:16:00.000-05:00,7.05,7.05,7.045,7.045,200
1704475080,2024-01-05T12:18:00.000-05:00,7.05,7.05,7.05,7.05,1527
1704475140,2024-01-05T12:19:00.000-05:00,7.05,7.05,7.045,7.045,1352
1704475200,2024-01-05T12:20:00.000-05:00,7.05,7.05,7.05,7.05,1759
1704475260,2024-01-05T12:21:00.000-05:00,7.055,7.055,7.055,7.055,200
1704475380,2024-01-05T12:23:00.000-05:00,7.0501,7.055,7.05,7.055,667
1704475440,2024-01-05T12:24:00.000-05:00,7.05,7.05,7.045,7.045,649
1704475500,2024-01-05T12:25:00.000-05:00,7.04,7.04,7.04,7.04,200
1704475680,2024-01-05T12:28:00.000-05:00,7.05,7.05,7.04,7.04,212
1704475800,2024-01-05T12:30:00.000-05:00,7.04,7.04,7.04,7.04,1944
1704475860,2024-01-05T12:31:00.000-05:00,7.04,7.04,7.04,7.04,2729
1704475920,2024-01-05T12:32:00.000-05:00,7.04,7.04,7.04,7.04,1163
1704476040,2024-01-05T12:34:00.000-05:00,7.035,7.035,7.035,7.035,244
1704476220,2024-01-05T12:37:00.000-05:00,7.04,7.04,7.04,7.04,773
1704476280,2024-01-05T12:38:00.000-05:00,7.045,7.045,7.045,7.045,182
1704476340,2024-01-05T12:39:00.000-05:00,7.045,7.055,7.045,7.055,11485
1704476400,2024-01-05T12:40:00.000-05:00,7.06,7.06,7.055,7.055,201
1704476460,2024-01-05T12:41:00.000-05:00,7.055,7.06,7.055,7.06,2392
1704476520,2024-01-05T12:42:00.000-05:00,7.06,7.065,7.06,7.06,1883
1704476580,2024-01-05T12:43:00.000-05:00,7.0611,7.0611,7.0611,7.0611,314
1704476640,2024-01-05T12:44:00.000-05:00,7.065,7.065,7.065,7.065,200
1704476700,2024-01-05T12:45:00.000-05:00,7.06,7.06,7.055,7.055,3903
1704476760,2024-01-05T12:46:00.000-05:00,7.055,7.055,7.05,7.05,401
1704476880,2024-01-05T12:48:00.000-05:00,7.055,7.055,7.055,7.055,400
1704477000,2024-01-05T12:50:00.000-05:00,7.06,7.065,7.06,7.065,2465
1704477060,2024-01-05T12:51:00.000-05:00,7.065,7.07,7.065,7.065,1964
1704477120,2024-01-05T12:52:00.000-05:00,7.07,7.07,7.07,7.07,1734
1704477180,2024-01-05T12:53:00.000-05:00,7.065,7.08,7.065,7.08,43015
1704477300,2024-01-05T12:55:00.000-05:00,7.08,7.09,7.08,7.09,300
1704477360,2024-01-05T12:56:00.000-05:00,7.0815,7.09,7.08,7.09,10176
1704477420,2024-01-05T12:57:00.000-05:00,7.1,7.1,7.1,7.1,107
1704477540,2024-01-05T12:59:00.000-05:00,7.09,7.09,7.09,7.09,500
1704477600,2024-01-05T13:00:00.000-05:00,7.09,7.09,7.09,7.09,300
1704477720,2024-01-05T13:02:00.000-05:00,7.09,7.09,7.08,7.08,3658
1704477780,2024-01-05T13:03:00.000-05:00,7.09,7.09,7.09,7.09,1669
1704477840,2024-01-05T13:04:00.000-05:00,7.085,7.085,7.085,7.085,100
1704477900,2024-01-05T13:05:00.000-05:00,7.09,7.1,7.09,7.1,1107
1704478020,2024-01-05T13:07:00.000-05:00,7.1,7.1,7.1,7.1,108
1704478140,2024-01-05T13:09:00.000-05:00,7.1,7.1,7.1,7.1,100
1704478200,2024-01-05T13:10:00.000-05:00,7.1,7.1,7.1,7.1,2681
1704478260,2024-01-05T13:11:00.000-05:00,7.1,7.1,7.1,7.1,100
1704478320,2024-01-05T13:12:00.000-05:00,7.1,7.1,7.09,7.09,431
1704478380,2024-01-05T13:13:00.000-05:00,7.095,7.095,7.095,7.095,774
1704478440,2024-01-05T13:14:00.000-05:00,7.1,7.11,7.099,7.11,2477
1704478500,2024-01-05T13:15:00.000-05:00,7.105,7.105,7.105,7.105,100
1704478560,2024-01-05T13:16:00.000-05:00,7.1,7.1,7.1,7.1,1159
1704478620,2024-01-05T13:17:00.000-05:00,7.1,7.1,7.095,7.095,636
1704478680,2024-01-05T13:18:00.000-05:00,7.09,7.09,7.09,7.09,3546
1704478740,2024-01-05T13:19:00.000-05:00,7.09,7.09,7.09,7.09,1033
1704478800,2024-01-05T13:20:00.000-05:00,7.089,7.09,7.085,7.09,742
1704478980,2024-01-05T13:23:00.000-05:00,7.095,7.095,7.09,7.09,354
1704479040,2024-01-05T13:24:00.000-05:00,7.1,7.1,7.1,7.1,973
1704479100,2024-01-05T13:25:00.000-05:00,7.1,7.105,7.1,7.105,284
1704479280,2024-01-05T13:28:00.000-05:00,7.105,7.11,7.105,7.11,348
1704479340,2024-01-05T13:29:00.000-05:00,7.105,7.105,7.105,7.105,399
1704479400,2024-01-05T13:30:00.000-05:00,7.12,7.12,7.12,7.12,625
1704479460,2024-01-05T13:31:00.000-05:00,7.12,7.12,7.115,7.115,968
1704479580,2024-01-05T13:33:00.000-05:00,7.11,7.11,7.11,7.11,201
1704479700,2024-01-05T13:35:00.000-05:00,7.12,7.12,7.12,7.12,1379
1704479760,2024-01-05T13:36:00.000-05:00,7.12,7.12,7.12,7.12,458
1704479880,2024-01-05T13:38:00.000-05:00,7.12,7.12,7.12,7.12,450
1704479940,2024-01-05T13:39:00.000-05:00,7.12,7.12,7.12,7.12,105
1704480000,2024-01-05T13:40:00.000-05:00,7.125,7.13,7.115,7.115,2854
1704480060,2024-01-05T13:41:00.000-05:00,7.115,7.115,7.11,7.11,301
1704480120,2024-01-05T13:42:00.000-05:00,7.115,7.115,7.115,7.115,191
1704480180,2024-01-05T13:43:00.000-05:00,7.11,7.11,7.11,7.11,836
1704480300,2024-01-05T13:45:00.000-05:00,7.105,7.105,7.105,7.105,263
1704480420,2024-01-05T13:47:00.000-05:00,7.105,7.105,7.105,7.105,154
1704480480,2024-01-05T13:48:00.000-05:00,7.105,7.105,7.105,7.105,114
1704480540,2024-01-05T13:49:00.000-05:00,7.1,7.1,7.1,7.1,100
1704480600,2024-01-05T13:50:00.000-05:00,7.1,7.1,7.09,7.095,1751
1704480660,2024-01-05T13:51:00.000-05:00,7.095,7.095,7.095,7.095,152
1704480720,2024-01-05T13:52:00.000-05:00,7.1,7.1,7.1,7.1,664
1704480840,2024-01-05T13:54:00.000-05:00,7.105,7.105,7.105,7.105,225
1704480900,2024-01-05T13:55:00.000-05:00,7.11,7.11,7.11,7.11,1652
1704480960,2024-01-05T13:56:00.000-05:00,7.11,7.11,7.11,7.11,3980
1704481320,2024-01-05T14:02:00.000-05:00,7.1125,7.1125,7.1125,7.1125,102
1704481380,2024-01-05T14:03:00.000-05:00,7.115,7.12,7.115,7.12,453
1704481500,2024-01-05T14:05:00.000-05:00,7.12,7.13,7.12,7.13,1114
1704481620,2024-01-05T14:07:00.000-05:00,7.125,7.125,7.125,7.125,316
1704481680,2024-01-05T14:08:00.000-05:00,7.125,7.125,7.125,7.125,700
1704481740,2024-01-05T14:09:00.000-05:00,7.12,7.13,7.12,7.1211,417
1704481800,2024-01-05T14:10:00.000-05:00,7.125,7.125,7.125,7.125,314
1704481860,2024-01-05T14:11:00.000-05:00,7.125,7.1282,7.125,7.1282,531
1704481920,2024-01-05T14:12:00.000-05:00,7.12,7.12,7.11,7.11,1697
1704481980,2024-01-05T14:13:00.000-05:00,7.11,7.11,7.11,7.11,150
1704482040,2024-01-05T14:14:00.000-05:00,7.115,7.115,7.115,7.115,125
1704482160,2024-01-05T14:16:00.000-05:00,7.11,7.11,7.11,7.11,851
1704482220,2024-01-05T14:17:00.000-05:00,7.11,7.11,7.11,7.11,205
1704482280,2024-01-05T14:18:00.000-05:00,7.11,7.11,7.105,7.105,1146
1704482520,2024-01-05T14:22:00.000-05:00,7.11,7.11,7.11,7.11,707
1704482580,2024-01-05T14:23:00.000-05:00,7.11,7.11,7.11,7.11,623
1704482700,2024-01-05T14:25:00.000-05:00,7.105,7.105,7.105,7.105,200
1704482760,2024-01-05T14:26:00.000-05:00,7.105,7.105,7.1,7.1,2345
1704482820,2024-01-05T14:27:00.000-05:00,7.105,7.11,7.105,7.11,1733
1704482880,2024-01-05T14:28:00.000-05:00,7.11,7.11,7.105,7.105,2966
1704482940,2024-01-05T14:29:00.000-05:00,7.105,7.105,7.105,7.105,335
1704483000,2024-01-05T14:30:00.000-05:00,7.1,7.1,7.1,7.1,101
1704483060,2024-01-05T14:31:00.000-05:00,7.1,7.1,7.1,7.1,480
1704483120,2024-01-05T14:32:00.000-05:00,7.1,7.1,7.1,7.1,2132
1704483180,2024-01-05T14:33:00.000-05:00,7.1,7.1,7.095,7.095,1267
1704483300,2024-01-05T14:35:00.000-05:00,7.09,7.1,7.09,7.1,1728
1704483360,2024-01-05T14:36:00.000-05:00,7.095,7.095,7.095,7.095,110
1704483420,2024-01-05T14:37:00.000-05:00,7.09,7.09,7.08,7.08,1667
1704483480,2024-01-05T14:38:00.000-05:00,7.09,7.09,7.09,7.09,336
1704483540,2024-01-05T14:39:00.000-05:00,7.085,7.09,7.085,7.09,409
1704483600,2024-01-05T14:40:00.000-05:00,7.085,7.085,7.08,7.08,1234
1704483660,2024-01-05T14:41:00.000-05:00,7.09,7.09,7.08,7.08,311
1704483720,2024-01-05T14:42:00.000-05:00,7.085,7.085,7.08,7.085,2400
1704483780,2024-01-05T14:43:00.000-05:00,7.08,7.08,7.075,7.075,1982
1704483900,2024-01-05T14:45:00.000-05:00,7.08,7.08,7.07,7.07,1900
1704483960,2024-01-05T14:46:00.000-05:00,7.075,7.08,7.075,7.08,4192
1704484020,2024-01-05T14:47:00.000-05:00,7.09,7.09,7.09,7.09,219
1704484080,2024-01-05T14:48:00.000-05:00,7.08,7.08,7.08,7.08,202
1704484140,2024-01-05T14:49:00.000-05:00,7.08,7.08,7.08,7.08,126
1704484200,2024-01-05T14:50:00.000-05:00,7.08,7.08,7.075,7.075,3965
1704484260,2024-01-05T14:51:00.000-05:00,7.075,7.08,7.07,7.075,1855
1704484320,2024-01-05T14:52:00.000-05:00,7.075,7.08,7.07,7.07,1436
1704484380,2024-01-05T14:53:00.000-05:00,7.075,7.08,7.075,7.075,313
1704484440,2024-01-05T14:54:00.000-05:00,7.075,7.08,7.07,7.075,1141
1704484500,2024-01-05T14:55:00.000-05:00,7.07,7.08,7.07,7.075,5344
1704484560,2024-01-05T14:56:00.000-05:00,7.08,7.08,7.075,7.075,2768
1704484620,2024-01-05T14:57:00.000-05:00,7.08,7.08,7.08,7.08,500
1704484680,2024-01-05T14:58:00.000-05:00,7.08,7.08,7.075,7.075,3382
1704484740,2024-01-05T14:59:00.000-05:00,7.075,7.075,7.07,7.075,1302
1704484800,2024-01-05T15:00:00.000-05:00,7.07,7.08,7.07,7.08,9238
1704484920,2024-01-05T15:02:00.000-05:00,7.075,7.075,7.07,7.075,1200
1704484980,2024-01-05T15:03:00.000-05:00,7.08,7.08,7.08,7.08,7687
1704485040,2024-01-05T15:04:00.000-05:00,7.07,7.08,7.07,7.079,534
1704485100,2024-01-05T15:05:00.000-05:00,7.08,7.08,7.08,7.08,1687
1704485160,2024-01-05T15:06:00.000-05:00,7.089,7.09,7.085,7.09,1211
1704485220,2024-01-05T15:07:00.000-05:00,7.09,7.09,7.09,7.09,1708
1704485340,2024-01-05T15:09:00.000-05:00,7.095,7.1,7.095,7.1,705
1704485400,2024-01-05T15:10:00.000-05:00,7.095,7.1,7.09,7.09,609
1704485460,2024-01-05T15:11:00.000-05:00,7.095,7.11,7.095,7.109,3048
1704485520,2024-01-05T15:12:00.000-05:00,7.1,7.1,7.1,7.1,170
1704485580,2024-01-05T15:13:00.000-05:00,7.11,7.115,7.11,7.115,1565
1704485640,2024-01-05T15:14:00.000-05:00,7.11,7.11,7.105,7.11,3739
1704485700,2024-01-05T15:15:00.000-05:00,7.105,7.105,7.105,7.105,203
1704485760,2024-01-05T15:16:00.000-05:00,7.11,7.11,7.11,7.11,217
1704485820,2024-01-05T15:17:00.000-05:00,7.1,7.1,7.1,7.1,110
1704485880,2024-01-05T15:18:00.000-05:00,7.1,7.1,7.1,7.1,2412
1704485940,2024-01-05T15:19:00.000-05:00,7.1,7.1,7.1,7.1,100
1704486000,2024-01-05T15:20:00.000-05:00,7.1,7.1,7.1,7.1,1251
1704486060,2024-01-05T15:21:00.000-05:00,7.11,7.11,7.11,7.11,112
1704486120,2024-01-05T15:22:00.000-05:00,7.105,7.105,7.105,7.105,276
1704486180,2024-01-05T15:23:00.000-05:00,7.105,7.105,7.105,7.105,108
1704486240,2024-01-05T15:24:00.000-05:00,7.1,7.1,7.1,7.1,662
1704486300,2024-01-05T15:25:00.000-05:00,7.1,7.1,7.095,7.095,2544
1704486360,2024-01-05T15:26:00.000-05:00,7.1,7.1075,7.1,7.1,4281
1704486420,2024-01-05T15:27:00.000-05:00,7.1,7.1,7.095,7.099,1215
1704486480,2024-01-05T15:28:00.000-05:00,7.095,7.095,7.095,7.095,246
1704486540,2024-01-05T15:29:00.000-05:00,7.0925,7.1,7.0925,7.1,2109
1704486600,2024-01-05T15:30:00.000-05:00,7.1,7.1,7.095,7.095,3896
1704486720,2024-01-05T15:32:00.000-05:00,7.095,7.095,7.09,7.09,3281
1704486780,2024-01-05T15:33:00.000-05:00,7.1,7.1,7.1,7.1,373
1704486900,2024-01-05T15:35:00.000-05:00,7.1,7.1,7.1,7.1,1189
1704486960,2024-01-05T15:36:00.000-05:00,7.1,7.1,7.095,7.095,1998
1704487020,2024-01-05T15:37:00.000-05:00,7.095,7.095,7.095,7.095,394
1704487140,2024-01-05T15:39:00.000-05:00,7.09,7.095,7.09,7.09,5980
1704487200,2024-01-05T15:40:00.000-05:00,7.095,7.095,7.09,7.095,4384
1704487260,2024-01-05T15:41:00.000-05:00,7.09,7.09,7.085,7.09,2906
1704487320,2024-01-05T15:42:00.000-05:00,7.085,7.09,7.0825,7.0825,733
1704487440,2024-01-05T15:44:00.000-05:00,7.0825,7.0825,7.0825,7.0825,358
1704487500,2024-01-05T15:45:00.000-05:00,7.09,7.095,7.09,7.095,5206
1704487560,2024-01-05T15:46:00.000-05:00,7.09,7.09,7.085,7.09,5564
1704487620,2024-01-05T15:47:00.000-05:00,7.09,7.09,7.09,7.09,489
1704487680,2024-01-05T15:48:00.000-05:00,7.09,7.09,7.085,7.085,2693
1704487740,2024-01-05T15:49:00.000-05:00,7.08,7.08,7.08,7.08,1210
1704487800,2024-01-05T15:50:00.000-05:00,7.08,7.085,7.08,7.085,1148
1704487860,2024-01-05T15:51:00.000-05:00,7.08,7.08,7.065,7.065,11980
1704487920,2024-01-05T15:52:00.000-05:00,7.06,7.065,7.06,7.065,591
1704487980,2024-01-05T15:53:00.000-05:00,7.06,7.065,7.06,7.065,1060
1704488040,2024-01-05T15:54:00.000-05:00,7.065,7.07,7.06,7.065,5023
1704488100,2024-01-05T15:55:00.000-05:00,7.07,7.085,7.065,7.085,18646
1704488160,2024-01-05T15:56:00.000-05:00,7.08,7.08,7.075,7.08,6027
1704488220,2024-01-05T15:57:00.000-05:00,7.08,7.08,7.07,7.075,6159
1704488280,2024-01-05T15:58:00.000-05:00,7.075,7.08,7.07,7.075,1699
1704488340,2024-01-05T15:59:00.000-05:00,7.07,7.09,7.07,7.07,18398
1704488400,2024-01-05T16:00:00.000-05:00,7.08,7.08,7.08,7.08,232287
1704724200,2024-01-08T09:30:00.000-05:00,7.07,7.07,7.07,7.07,4300
1704724320,2024-01-08T09:32:00.000-05:00,7.03,7.03,7.0,7.0,3507
1704724380,2024-01-08T09:33:00.000-05:00,7.02,7.03,7.02,7.03,4007
1704724440,2024-01-08T09:34:00.000-05:00,7.03,7.05,7.03,7.05,1261
1704724500,2024-01-08T09:35:00.000-05:00,7.05,7.06,7.05,7.06,3379
1704724560,2024-01-08T09:36:00.000-05:00,7.05,7.05,7.04,7.05,2308
1704724620,2024-01-08T09:37:00.000-05:00,7.04,7.04,7.03,7.03,1060
1704724740,2024-01-08T09:39:00.000-05:00,7.04,7.06,7.04,7.06,885
1704724800,2024-01-08T09:40:00.000-05:00,7.05,7.05,7.05,7.05,164
1704724860,2024-01-08T09:41:00.000-05:00,7.05,7.05,7.05,7.05,603
1704724920,2024-01-08T09:42:00.000-05:00,7.06,7.06,7.06,7.06,130
1704724980,2024-01-08T09:43:00.000-05:00,7.05,7.05,7.03,7.04,4632
1704725040,2024-01-08T09:44:00.000-05:00,7.04,7.05,7.04,7.05,961
1704725100,2024-01-08T09:45:00.000-05:00,7.08,7.08,7.08,7.08,224
1704725160,2024-01-08T09:46:00.000-05:00,7.08,7.09,7.08,7.09,622
1704725220,2024-01-08T09:47:00.000-05:00,7.08,7.085,7.08,7.085,4216
1704725280,2024-01-08T09:48:00.000-05:00,7.09,7.105,7.09,7.105,5658
1704725340,2024-01-08T09:49:00.000-05:00,7.1,7.1,7.09,7.09,520
1704725400,2024-01-08T09:50:00.000-05:00,7.1,7.125,7.1,7.125,1654
1704725460,2024-01-08T09:51:00.000-05:00,7.13,7.14,7.13,7.14,427
1704725520,2024-01-08T09:52:00.000-05:00,7.14,7.14,7.13,7.13,4278
1704725580,2024-01-08T09:53:00.000-05:00,7.14,7.16,7.135,7.15,1087
1704725640,2024-01-08T09:54:00.000-05:00,7.14,7.14,7.135,7.14,2171
1704725700,2024-01-08T09:55:00.000-05:00,7.14,7.14,7.14,7.14,366
1704725760,2024-01-08T09:56:00.000-05:00,7.149,7.15,7.149,7.15,230
1704725820,2024-01-08T09:57:00.000-05:00,7.17,7.17,7.17,7.17,482
1704725880,2024-01-08T09:58:00.000-05:00,7.18,7.19,7.18,7.18,606
1704726000,2024-01-08T10:00:00.000-05:00,7.165,7.17,7.165,7.17,209
1704726060,2024-01-08T10:01:00.000-05:00,7.17,7.17,7.17,7.17,784
1704726120,2024-01-08T10:02:00.000-05:00,7.17,7.17,7.17,7.17,242
1704726180,2024-01-08T10:03:00.000-05:00,7.18,7.19,7.18,7.19,864
1704726240,2024-01-08T10:04:00.000-05:00,7.2,7.2,7.2,7.2,735
1704726300,2024-01-08T10:05:00.000-05:00,7.21,7.21,7.21,7.21,564
1704726360,2024-01-08T10:06:00.000-05:00,7.21,7.21,7.21,7.21,230
1704726420,2024-01-08T10:07:00.000-05:00,7.22,7.24,7.22,7.24,3924
1704726480,2024-01-08T10:08:00.000-05:00,7.23,7.235,7.22,7.22,2725
1704726540,2024-01-08T10:09:00.000-05:00,7.21,7.21,7.205,7.205,563
1704726600,2024-01-08T10:10:00.000-05:00,7.21,7.22,7.2098,7.22,2526
1704726660,2024-01-08T10:11:00.000-05:00,7.22,7.22,7.22,7.22,203
1704726720,2024-01-08T10:12:00.000-05:00,7.21,7.21,7.21,7.21,105
1704726780,2024-01-08T10:13:00.000-05:00,7.22,7.22,7.21,7.21,1987
1704726840,2024-01-08T10:14:00.000-05:00,7.21,7.215,7.21,7.215,398
1704726900,2024-01-08T10:15:00.000-05:00,7.21,7.22,7.21,7.22,1038
1704726960,2024-01-08T10:16:00.000-05:00,7.22,7.22,7.22,7.22,329
1704727140,2024-01-08T10:19:00.000-05:00,7.22,7.22,7.21,7.21,939
1704727200,2024-01-08T10:20:00.000-05:00,7.21,7.21,7.2,7.2,1865
1704727260,2024-01-08T10:21:00.000-05:00,7.19,7.195,7.19,7.195,585
1704727440,2024-01-08T10:24:00.000-05:00,7.19,7.2,7.19,7.2,539
1704727500,2024-01-08T10:25:00.000-05:00,7.205,7.215,7.205,7.215,646
1704727560,2024-01-08T10:26:00.000-05:00,7.21,7.21,7.21,7.21,463
1704727680,2024-01-08T10:28:00.000-05:00,7.2,7.2,7.2,7.2,500
1704727800,2024-01-08T10:30:00.000-05:00,7.2,7.2,7.195,7.195,3112
1704727860,2024-01-08T10:31:00.000-05:00,7.205,7.21,7.205,7.21,470
1704727920,2024-01-08T10:32:00.000-05:00,7.205,7.205,7.205,7.205,237
1704727980,2024-01-08T10:33:00.000-05:00,7.2,7.2,7.19,7.19,1915
1704728040,2024-01-08T10:34:00.000-05:00,7.18,7.18,7.18,7.18,2162
1704728100,2024-01-08T10:35:00.000-05:00,7.18,7.185,7.18,7.185,300
1704728160,2024-01-08T10:36:00.000-05:00,7.19,7.19,7.19,7.19,210
1704728220,2024-01-08T10:37:00.000-05:00,7.1919,7.1919,7.1919,7.1919,325
1704728280,2024-01-08T10:38:00.000-05:00,7.2,7.2,7.2,7.2,325
1704728340,2024-01-08T10:39:00.000-05:00,7.21,7.21,7.21,7.21,221
1704728400,2024-01-08T10:40:00.000-05:00,7.21,7.21,7.205,7.205,898
1704728460,2024-01-08T10:41:00.000-05:00,7.2,7.2,7.1999,7.1999,1142
1704728520,2024-01-08T10:42:00.000-05:00,7.195,7.195,7.195,7.195,236
1704728580,2024-01-08T10:43:00.000-05:00,7.19,7.195,7.19,7.195,2721
1704728640,2024-01-08T10:44:00.000-05:00,7.205,7.205,7.2,7.2,204
1704728700,2024-01-08T10:45:00.000-05:00,7.2,7.2,7.2,7.2,1221
1704728760,2024-01-08T10:46:00.000-05:00,7.19,7.1936,7.19,7.19,2031
1704728820,2024-01-08T10:47:00.000-05:00,7.195,7.195,7.195,7.195,412
1704728880,2024-01-08T10:48:00.000-05:00,7.19,7.2,7.19,7.2,1776
1704728940,2024-01-08T10:49:00.000-05:00,7.2,7.2,7.2,7.2,507
1704729000,2024-01-08T10:50:00.000-05:00,7.19,7.19,7.19,7.19,300
1704729120,2024-01-08T10:52:00.000-05:00,7.185,7.185,7.185,7.185,2300
1704729180,2024-01-08T10:53:00.000-05:00,7.18,7.1871,7.18,7.1871,2154
1704729240,2024-01-08T10:54:00.000-05:00,7.185,7.185,7.18,7.18,2128
1704729300,2024-01-08T10:55:00.000-05:00,7.185,7.185,7.185,7.185,752
1704729360,2024-01-08T10:56:00.000-05:00,7.19,7.19,7.19,7.19,522
1704729420,2024-01-08T10:57:00.000-05:00,7.195,7.195,7.19,7.19,1269
1704729480,2024-01-08T10:58:00.000-05:00,7.18,7.18,7.17,7.175,656
1704729540,2024-01-08T10:59:00.000-05:00,7.18,7.18,7.18,7.18,396
1704729660,2024-01-08T11:01:00.000-05:00,7.18,7.18,7.18,7.18,506
1704729780,2024-01-08T11:03:00.000-05:00,7.1799,7.19,7.1799,7.19,13157
1704729900,2024-01-08T11:05:00.000-05:00,7.1893,7.195,7.1893,7.195,4097
1704729960,2024-01-08T11:06:00.000-05:00,7.19,7.2,7.19,7.2,322
1704730020,2024-01-08T11:07:00.000-05:00,7.205,7.215,7.205,7.21,966
1704730200,2024-01-08T11:10:00.000-05:00,7.21,7.2184,7.21,7.21,3517
1704730320,2024-01-08T11:12:00.000-05:00,7.215,7.215,7.215,7.215,174
1704730380,2024-01-08T11:13:00.000-05:00,7.21,7.21,7.21,7.21,202
1704730440,2024-01-08T11:14:00.000-05:00,7.215,7.215,7.215,7.215,333
1704730560,2024-01-08T11:16:00.000-05:00,7.215,7.22,7.215,7.22,3252
1704730620,2024-01-08T11:17:00.000-05:00,7.21,7.215,7.21,7.215,763
1704730680,2024-01-08T11:18:00.000-05:00,7.215,7.22,7.215,7.22,1149
1704730740,2024-01-08T11:19:00.000-05:00,7.225,7.225,7.225,7.225,508
1704730800,2024-01-08T11:20:00.000-05:00,7.23,7.24,7.23,7.235,20458
1704730860,2024-01-08T11:21:00.000-05:00,7.23,7.235,7.23,7.235,615
1704730920,2024-01-08T11:22:00.000-05:00,7.23,7.23,7.225,7.225,2577
1704730980,2024-01-08T11:23:00.000-05:00,7.22,7.225,7.22,7.225,319
1704731040,2024-01-08T11:24:00.000-05:00,7.225,7.23,7.225,7.23,300
1704731100,2024-01-08T11:25:00.000-05:00,7.23,7.23,7.23,7.23,1779
1704731160,2024-01-08T11:26:00.000-05:00,7.24,7.25,7.24,7.25,4316
1704731220,2024-01-08T11:27:00.000-05:00,7.25,7.25,7.245,7.245,2302
1704731340,2024-01-08T11:29:00.000-05:00,7.245,7.245,7.24,7.24,206
1704731400,2024-01-08T11:30:00.000-05:00,7.245,7.245,7.245,7.245,301
1704731460,2024-01-08T11:31:00.000-05:00,7.24,7.24,7.23,7.23,5961
1704731760,2024-01-08T11:36:00.000-05:00,7.25,7.25,7.25,7.25,718
1704731820,2024-01-08T11:37:00.000-05:00,7.255,7.255,7.25,7.2534,1057
1704731880,2024-01-08T11:38:00.000-05:00,7.26,7.265,7.26,7.26,589
1704731940,2024-01-08T11:39:00.000-05:00,7.26,7.26,7.26,7.26,2909
1704732180,2024-01-08T11:43:00.000-05:00,7.26,7.26,7.26,7.26,161
1704732240,2024-01-08T11:44:00.000-05:00,7.26,7.26,7.255,7.255,1160
1704732420,2024-01-08T11:47:00.000-05:00,7.2591,7.2591,7.2591,7.2591,7065
1704732480,2024-01-08T11:48:00.000-05:00,7.2599,7.2599,7.2509,7.255,781
1704732540,2024-01-08T11:49:00.000-05:00,7.255,7.255,7.255,7.255,301
1704732660,2024-01-08T11:51:00.000-05:00,7.25,7.2586,7.245,7.2586,9184
1704732720,2024-01-08T11:52:00.000-05:00,7.255,7.255,7.255,7.255,208
1704732780,2024-01-08T11:53:00.000-05:00,7.26,7.26,7.26,7.26,311
1704732840,2024-01-08T11:54:00.000-05:00,7.26,7.26,7.26,7.26,1186
1704732900,2024-01-08T11:55:00.000-05:00,7.26,7.26,7.255,7.255,2221
1704733080,2024-01-08T11:58:00.000-05:00,7.25,7.25,7.25,7.25,1885
1704733320,2024-01-08T12:02:00.000-05:00,7.26,7.26,7.26,7.26,5378
1704733380,2024-01-08T12:03:00.000-05:00,7.27,7.27,7.27,7.27,100
1704733440,2024-01-08T12:04:00.000-05:00,7.26,7.2699,7.26,7.26,300
1704733500,2024-01-08T12:05:00.000-05:00,7.26,7.26,7.26,7.26,1494
1704733740,2024-01-08T12:09:00.000-05:00,7.25,7.25,7.25,7.25,2956
1704733860,2024-01-08T12:11:00.000-05:00,7.25,7.25,7.25,7.25,1065
1704734040,2024-01-08T12:14:00.000-05:00,7.25,7.25,7.25,7.25,681
1704734100,2024-01-08T12:15:00.000-05:00,7.25,7.25,7.25,7.25,2416
1704734220,2024-01-08T12:17:00.000-05:00,7.255,7.255,7.255,7.255,160
1704734280,2024-01-08T12:18:00.000-05:00,7.25,7.25,7.25,7.25,1038
1704734400,2024-01-08T12:20:00.000-05:00,7.24,7.24,7.24,7.24,2126
1704734520,2024-01-08T12:22:00.000-05:00,7.235,7.235,7.23,7.23,1327
1704734580,2024-01-08T12:23:00.000-05:00,7.225,7.225,7.225,7.225,1203
1704734640,2024-01-08T12:24:00.000-05:00,7.23,7.23,7.23,7.23,481
1704734820,2024-01-08T12:27:00.000-05:00,7.24,7.24,7.24,7.24,1242
1704734940,2024-01-08T12:29:00.000-05:00,7.24,7.24,7.24,7.24,851
1704735120,2024-01-08T12:32:00.000-05:00,7.24,7.24,7.235,7.24,3307
1704735180,2024-01-08T12:33:00.000-05:00,7.245,7.245,7.245,7.245,318
1704735240,2024-01-08T12:34:00.000-05:00,7.25,7.25,7.245,7.245,202
1704735540,2024-01-08T12:39:00.000-05:00,7.245,7.25,7.245,7.25,1088
1704735600,2024-01-08T12:40:00.000-05:00,7.25,7.25,7.25,7.25,2372
1704735660,2024-01-08T12:41:00.000-05:00,7.25,7.25,7.245,7.25,4944
1704735720,2024-01-08T12:42:00.000-05:00,7.25,7.25,7.25,7.25,102
1704735960,2024-01-08T12:46:00.000-05:00,7.25,7.25,7.25,7.25,403
1704736020,2024-01-08T12:47:00.000-05:00,7.25,7.25,7.25,7.25,200
1704736080,2024-01-08T12:48:00.000-05:00,7.25,7.25,7.25,7.25,1104
1704736140,2024-01-08T12:49:00.000-05:00,7.25,7.25,7.25,7.25,1246
1704736380,2024-01-08T12:53:00.000-05:00,7.245,7.245,7.245,7.245,300
1704736440,2024-01-08T12:54:00.000-05:00,7.245,7.245,7.24,7.24,2587
1704736500,2024-01-08T12:55:00.000-05:00,7.23,7.23,7.23,7.23,208
1704736560,2024-01-08T12:56:00.000-05:00,7.235,7.235,7.235,7.235,300
1704736620,2024-01-08T12:57:00.000-05:00,7.23,7.23,7.225,7.225,674
1704736680,2024-01-08T12:58:00.000-05:00,7.2299,7.2299,7.2299,7.2299,353
1704736800,2024-01-08T13:00:00.000-05:00,7.23,7.23,7.23,7.23,100
1704736860,2024-01-08T13:01:00.000-05:00,7.23,7.235,7.23,7.235,1701
1704736980,2024-01-08T13:03:00.000-05:00,7.24,7.245,7.24,7.245,547
1704737040,2024-01-08T13:04:00.000-05:00,7.25,7.25,7.2463,7.2463,202
1704737100,2024-01-08T13:05:00.000-05:00,7.25,7.25,7.25,7.25,2835
1704737220,2024-01-08T13:07:00.000-05:00,7.25,7.255,7.25,7.255,722
1704737280,2024-01-08T13:08:00.000-05:00,7.2502,7.2502,7.245,7.245,3940
1704737340,2024-01-08T13:09:00.000-05:00,7.24,7.245,7.24,7.245,302
1704737400,2024-01-08T13:10:00.000-05:00,7.24,7.24,7.24,7.24,1006
1704737580,2024-01-08T13:13:00.000-05:00,7.235,7.24,7.235,7.2396,756
1704737700,2024-01-08T13:15:00.000-05:00,7.24,7.25,7.24,7.24,2186
1704737760,2024-01-08T13:16:00.000-05:00,7.24,7.245,7.24,7.245,3381
1704737880,2024-01-08T13:18:00.000-05:00,7.24,7.24,7.235,7.235,1282
1704738000,2024-01-08T13:20:00.000-05:00,7.23,7.235,7.23,7.235,262
1704738060,2024-01-08T13:21:00.000-05:00,7.2389,7.2389,7.235,7.235,264
1704738180,2024-01-08T13:23:00.000-05:00,7.23,7.23,7.23,7.23,358
1704738240,2024-01-08T13:24:00.000-05:00,7.235,7.235,7.235,7.235,414
1704738300,2024-01-08T13:25:00.000-05:00,7.235,7.235,7.23,7.23,2895
1704738420,2024-01-08T13:27:00.000-05:00,7.225,7.225,7.225,7.225,100
1704738540,2024-01-08T13:29:00.000-05:00,7.22,7.22,7.22,7.22,661
1704738600,2024-01-08T13:30:00.000-05:00,7.225,7.225,7.225,7.225,100
1704738660,2024-01-08T13:31:00.000-05:00,7.225,7.225,7.225,7.225,103
1704738720,2024-01-08T13:32:00.000-05:00,7.225,7.225,7.22,7.22,3092
1704738780,2024-01-08T13:33:00.000-05:00,7.22,7.22,7.22,7.22,3542
1704738840,2024-01-08T13:34:00.000-05:00,7.225,7.225,7.225,7.225,102
1704738900,2024-01-08T13:35:00.000-05:00,7.23,7.23,7.23,7.23,172
1704738960,2024-01-08T13:36:00.000-05:00,7.23,7.23,7.23,7.23,1008
1704739080,2024-01-08T13:38:00.000-05:00,7.23,7.23,7.23,7.23,1971
1704739140,2024-01-08T13:39:00.000-05:00,7.23,7.23,7.23,7.23,2694
1704739200,2024-01-08T13:40:00.000-05:00,7.22,7.22,7.22,7.22,578
1704739260,2024-01-08T13:41:00.000-05:00,7.215,7.215,7.215,7.215,100
1704739380,2024-01-08T13:43:00.000-05:00,7.22,7.22,7.22,7.22,1779
1704739500,2024-01-08T13:45:00.000-05:00,7.23,7.235,7.23,7.23,1103
1704739560,2024-01-08T13:46:00.000-05:00,7.225,7.225,7.225,7.225,100
1704739620,2024-01-08T13:47:00.000-05:00,7.23,7.23,7.23,7.23,2753
1704739680,2024-01-08T13:48:00.000-05:00,7.23,7.23,7.23,7.23,302
1704739800,2024-01-08T13:50:00.000-05:00,7.23,7.23,7.225,7.23,5428
1704739920,2024-01-08T13:52:00.000-05:00,7.235,7.235,7.235,7.235,102
1704739980,2024-01-08T13:53:00.000-05:00,7.235,7.235,7.235,7.235,209
1704740040,2024-01-08T13:54:00.000-05:00,7.235,7.235,7.235,7.235,100
1704740220,2024-01-08T13:57:00.000-05:00,7.235,7.235,7.235,7.235,278
1704740280,2024-01-08T13:58:00.000-05:00,7.235,7.235,7.235,7.235,256
1704740340,2024-01-08T13:59:00.000-05:00,7.235,7.235,7.235,7.235,100
1704740520,2024-01-08T14:02:00.000-05:00,7.24,7.245,7.24,7.245,2608
1704740580,2024-01-08T14:03:00.000-05:00,7.24,7.24,7.235,7.235,2311
1704740640,2024-01-08T14:04:00.000-05:00,7.235,7.235,7.235,7.235,176
1704740700,2024-01-08T14:05:00.000-05:00,7.24,7.24,7.2363,7.2363,442
1704740820,2024-01-08T14:07:00.000-05:00,7.24,7.24,7.23,7.232,2520
1704741000,2024-01-08T14:10:00.000-05:00,7.24,7.24,7.24,7.24,2143
1704741120,2024-01-08T14:12:00.000-05:00,7.245,7.245,7.245,7.245,164
1704741180,2024-01-08T14:13:00.000-05:00,7.24,7.24,7.24,7.24,129
1704741240,2024-01-08T14:14:00.000-05:00,7.2401,7.2401,7.2401,7.2401,122
1704741300,2024-01-08T14:15:00.000-05:00,7.25,7.255,7.25,7.255,2886
1704741360,2024-01-08T14:16:00.000-05:00,7.255,7.255,7.255,7.255,134
1704741420,2024-01-08T14:17:00.000-05:00,7.25,7.25,7.25,7.25,4089
1704741480,2024-01-08T14:18:00.000-05:00,7.245,7.245,7.245,7.245,100
1704741540,2024-01-08T14:19:00.000-05:00,7.245,7.245,7.245,7.245,318
1704741600,2024-01-08T14:20:00.000-05:00,7.245,7.245,7.245,7.245,159
1704741720,2024-01-08T14:22:00.000-05:00,7.24,7.24,7.24,7.24,127
1704741780,2024-01-08T14:23:00.000-05:00,7.245,7.245,7.245,7.245,127
1704741840,2024-01-08T14:24:00.000-05:00,7.245,7.245,7.245,7.245,114
1704741900,2024-01-08T14:25:00.000-05:00,7.245,7.25,7.245,7.25,2494
1704741960,2024-01-08T14:26:00.000-05:00,7.255,7.255,7.255,7.255,1873
1704742080,2024-01-08T14:28:00.000-05:00,7.255,7.255,7.255,7.255,117
1704742140,2024-01-08T14:29:00.000-05:00,7.255,7.255,7.25,7.25,4874
1704742200,2024-01-08T14:30:00.000-05:00,7.25,7.255,7.25,7.255,946
1704742260,2024-01-08T14:31:00.000-05:00,7.26,7.265,7.26,7.265,1593
1704742320,2024-01-08T14:32:00.000-05:00,7.265,7.265,7.265,7.265,382
1704742380,2024-01-08T14:33:00.000-05:00,7.265,7.265,7.265,7.265,406
1704742620,2024-01-08T14:37:00.000-05:00,7.26,7.26,7.26,7.26,2733
1704742680,2024-01-08T14:38:00.000-05:00,7.25,7.25,7.25,7.25,410
1704742740,2024-01-08T14:39:00.000-05:00,7.255,7.26,7.255,7.26,670
1704742860,2024-01-08T14:41:00.000-05:00,7.26,7.265,7.26,7.265,923
1704742980,2024-01-08T14:43:00.000-05:00,7.265,7.265,7.265,7.265,300
1704743280,2024-01-08T14:48:00.000-05:00,7.26,7.26,7.26,7.26,101
1704743340,2024-01-08T14:49:00.000-05:00,7.26,7.26,7.26,7.26,150
1704743400,2024-01-08T14:50:00.000-05:00,7.265,7.265,7.265,7.265,400
1704743460,2024-01-08T14:51:00.000-05:00,7.265,7.265,7.265,7.265,157
1704743520,2024-01-08T14:52:00.000-05:00,7.27,7.27,7.26,7.26,391
1704743580,2024-01-08T14:53:00.000-05:00,7.26,7.265,7.26,7.265,354
1704743640,2024-01-08T14:54:00.000-05:00,7.27,7.27,7.27,7.27,100
1704743700,2024-01-08T14:55:00.000-05:00,7.26,7.26,7.255,7.255,4686
1704743880,2024-01-08T14:58:00.000-05:00,7.26,7.26,7.26,7.26,1162
1704743940,2024-01-08T14:59:00.000-05:00,7.265,7.265,7.26,7.26,1751
1704744000,2024-01-08T15:00:00.000-05:00,7.26,7.26,7.26,7.26,853
1704744120,2024-01-08T15:02:00.000-05:00,7.25,7.25,7.245,7.245,1276
1704744180,2024-01-08T15:03:00.000-05:00,7.245,7.245,7.245,7.245,199
1704744240,2024-01-08T15:04:00.000-05:00,7.25,7.25,7.25,7.25,305
1704744300,2024-01-08T15:05:00.000-05:00,7.245,7.245,7.24,7.245,1882
1704744360,2024-01-08T15:06:00.000-05:00,7.24,7.24,7.23,7.23,2795
1704744420,2024-01-08T15:07:00.000-05:00,7.23,7.23,7.23,7.23,1687
1704744480,2024-01-08T15:08:00.000-05:00,7.235,7.235,7.23,7.23,285
1704744660,2024-01-08T15:11:00.000-05:00,7.23,7.23,7.22,7.225,1194
1704744720,2024-01-08T15:12:00.000-05:00,7.22,7.22,7.22,7.22,227
1704744780,2024-01-08T15:13:00.000-05:00,7.22,7.22,7.22,7.22,253
1704744840,2024-01-08T15:14:00.000-05:00,7.225,7.225,7.225,7.225,275
1704744960,2024-01-08T15:16:00.000-05:00,7.22,7.22,7.22,7.22,1349
1704745020,2024-01-08T15:17:00.000-05:00,7.22,7.225,7.22,7.225,1061
1704745080,2024-01-08T15:18:00.000-05:00,7.23,7.23,7.23,7.23,1897
1704745140,2024-01-08T15:19:00.000-05:00,7.23,7.23,7.23,7.23,1210
1704745200,2024-01-08T15:20:00.000-05:00,7.23,7.23,7.23,7.23,294
1704745260,2024-01-08T15:21:00.000-05:00,7.235,7.235,7.225,7.225,2953
1704745320,2024-01-08T15:22:00.000-05:00,7.22,7.22,7.22,7.22,247
1704745380,2024-01-08T15:23:00.000-05:00,7.22,7.22,7.22,7.22,1662
1704745440,2024-01-08T15:24:00.000-05:00,7.22,7.22,7.22,7.22,741
1704745560,2024-01-08T15:26:00.000-05:00,7.23,7.23,7.23,7.23,329
1704745620,2024-01-08T15:27:00.000-05:00,7.225,7.225,7.225,7.225,182
1704745680,2024-01-08T15:28:00.000-05:00,7.225,7.225,7.225,7.225,1109
1704745800,2024-01-08T15:30:00.000-05:00,7.225,7.225,7.225,7.225,355
1704745860,2024-01-08T15:31:00.000-05:00,7.225,7.225,7.22,7.22,2979
1704745920,2024-01-08T15:32:00.000-05:00,7.22,7.22,7.22,7.22,4950
1704745980,2024-01-08T15:33:00.000-05:00,7.225,7.225,7.225,7.225,380
1704746040,2024-01-08T15:34:00.000-05:00,7.22,7.235,7.22,7.235,2942
1704746100,2024-01-08T15:35:00.000-05:00,7.24,7.24,7.24,7.24,228
1704746160,2024-01-08T15:36:00.000-05:00,7.235,7.24,7.235,7.24,2299
1704746220,2024-01-08T15:37:00.000-05:00,7.245,7.25,7.245,7.25,977
1704746280,2024-01-08T15:38:00.000-05:00,7.25,7.255,7.25,7.25,9019
1704746340,2024-01-08T15:39:00.000-05:00,7.24,7.255,7.24,7.255,2845
1704746400,2024-01-08T15:40:00.000-05:00,7.255,7.26,7.2517,7.255,1420
1704746460,2024-01-08T15:41:00.000-05:00,7.255,7.255,7.25,7.255,4174
1704746520,2024-01-08T15:42:00.000-05:00,7.255,7.255,7.245,7.245,5458
1704746580,2024-01-08T15:43:00.000-05:00,7.245,7.245,7.24,7.245,1381
1704746640,2024-01-08T15:44:00.000-05:00,7.245,7.245,7.245,7.245,204
1704746700,2024-01-08T15:45:00.000-05:00,7.24,7.245,7.235,7.235,5256
1704746760,2024-01-08T15:46:00.000-05:00,7.24,7.24,7.235,7.235,769
1704746820,2024-01-08T15:47:00.000-05:00,7.23,7.23,7.23,7.23,1971
1704746880,2024-01-08T15:48:00.000-05:00,7.235,7.235,7.235,7.235,1099
1704746940,2024-01-08T15:49:00.000-05:00,7.24,7.245,7.24,7.24,8393
1704747000,2024-01-08T15:50:00.000-05:00,7.25,7.25,7.24,7.245,2769
1704747060,2024-01-08T15:51:00.000-05:00,7.25,7.25,7.24,7.24,3845
1704747120,2024-01-08T15:52:00.000-05:00,7.24,7.24,7.23,7.23,7033
1704747180,2024-01-08T15:53:00.000-05:00,7.235,7.235,7.235,7.235,2974
1704747240,2024-01-08T15:54:00.000-05:00,7.235,7.245,7.235,7.245,8201
1704747300,2024-01-08T15:55:00.000-05:00,7.245,7.245,7.24,7.245,2913
1704747360,2024-01-08T15:56:00.000-05:00,7.245,7.25,7.245,7.25,2670
1704747420,2024-01-08T15:57:00.000-05:00,7.24,7.25,7.24,7.245,4037
1704747480,2024-01-08T15:58:00.000-05:00,7.245,7.25,7.245,7.25,3966
1704747540,2024-01-08T15:59:00.000-05:00,7.245,7.27,7.24,7.27,52416
1704747600,2024-01-08T16:00:00.000-05:00,7.27,7.27,7.27,7.27,93535
1704748800,2024-01-08T16:20:00.000-05:00,7.27,7.27,7.27,7.27,2359
1704749040,2024-01-08T16:24:00.000-05:00,7.3,7.3,7.3,7.3,535
1704749520,2024-01-08T16:32:00.000-05:00,7.31,7.31,7.3,7.3,2467
1704758940,2024-01-08T19:09:00.000-05:00,7.33,7.33,7.32,7.32,450
1704810600,2024-01-09T09:30:00.000-05:00,7.16,7.16,7.13,7.13,4914
1704810660,2024-01-09T09:31:00.000-05:00,7.13,7.13,7.1,7.1,8159
1704810720,2024-01-09T09:32:00.000-05:00,7.08,7.12,7.08,7.11,9066
1704810780,2024-01-09T09:33:00.000-05:00,7.1,7.11,7.1,7.11,705
1704810840,2024-01-09T09:34:00.000-05:00,7.11,7.11,7.11,7.11,158
1704810900,2024-01-09T09:35:00.000-05:00,7.11,7.11,7.11,7.11,308
1704810960,2024-01-09T09:36:00.000-05:00,7.1199,7.1199,7.1,7.11,2477
1704811020,2024-01-09T09:37:00.000-05:00,7.1,7.1,7.1,7.1,404
1704811080,2024-01-09T09:38:00.000-05:00,7.11,7.13,7.11,7.13,521
1704811200,2024-01-09T09:40:00.000-05:00,7.155,7.155,7.15,7.15,2585
1704811260,2024-01-09T09:41:00.000-05:00,7.14,7.14,7.14,7.14,224
1704811320,2024-01-09T09:42:00.000-05:00,7.135,7.135,7.13,7.13,361
1704811380,2024-01-09T09:43:00.000-05:00,7.125,7.125,7.12,7.12,300
1704811440,2024-01-09T09:44:00.000-05:00,7.125,7.13,7.125,7.13,1236
1704811500,2024-01-09T09:45:00.000-05:00,7.12,7.12,7.11,7.11,1023
1704811560,2024-01-09T09:46:00.000-05:00,7.11,7.11,7.1,7.1,469
1704811620,2024-01-09T09:47:00.000-05:00,7.115,7.12,7.115,7.12,492
1704811740,2024-01-09T09:49:00.000-05:00,7.11,7.11,7.08,7.085,1497
1704811800,2024-01-09T09:50:00.000-05:00,7.08,7.08,7.08,7.08,200
1704811860,2024-01-09T09:51:00.000-05:00,7.08,7.08,7.08,7.08,1251
1704811920,2024-01-09T09:52:00.000-05:00,7.085,7.11,7.085,7.11,998
1704811980,2024-01-09T09:53:00.000-05:00,7.12,7.13,7.115,7.13,1005
1704812160,2024-01-09T09:56:00.000-05:00,7.135,7.135,7.13,7.13,357
1704812280,2024-01-09T09:58:00.000-05:00,7.12,7.12,7.12,7.12,130
1704812400,2024-01-09T10:00:00.000-05:00,7.12,7.12,7.12,7.12,858
1704812460,2024-01-09T10:01:00.000-05:00,7.13,7.13,7.12,7.12,1013
1704812520,2024-01-09T10:02:00.000-05:00,7.13,7.135,7.13,7.13,4305
1704812580,2024-01-09T10:03:00.000-05:00,7.12,7.12,7.12,7.12,2307
1704812640,2024-01-09T10:04:00.000-05:00,7.115,7.12,7.115,7.12,2423
1704812700,2024-01-09T10:05:00.000-05:00,7.12,7.125,7.12,7.125,1908
1704812760,2024-01-09T10:06:00.000-05:00,7.13,7.13,7.125,7.125,645
1704812820,2024-01-09T10:07:00.000-05:00,7.12,7.12,7.115,7.12,2018
1704812880,2024-01-09T10:08:00.000-05:00,7.13,7.13,7.12,7.12,300
1704812940,2024-01-09T10:09:00.000-05:00,7.13,7.13,7.13,7.13,614
1704813000,2024-01-09T10:10:00.000-05:00,7.12,7.12,7.12,7.12,1071
1704813060,2024-01-09T10:11:00.000-05:00,7.11,7.115,7.11,7.115,5897
1704813120,2024-01-09T10:12:00.000-05:00,7.12,7.12,7.11,7.11,725
1704813180,2024-01-09T10:13:00.000-05:00,7.11,7.125,7.11,7.125,1410
1704813300,2024-01-09T10:15:00.000-05:00,7.13,7.13,7.13,7.13,315
1704813360,2024-01-09T10:16:00.000-05:00,7.13,7.135,7.13,7.135,1084
1704813480,2024-01-09T10:18:00.000-05:00,7.13,7.13,7.13,7.13,114
1704813600,2024-01-09T10:20:00.000-05:00,7.125,7.13,7.125,7.13,201
1704813660,2024-01-09T10:21:00.000-05:00,7.125,7.13,7.125,7.13,522
1704813840,2024-01-09T10:24:00.000-05:00,7.13,7.13,7.11,7.115,10881
1704813900,2024-01-09T10:25:00.000-05:00,7.12,7.1202,7.12,7.12,5047
1704814020,2024-01-09T10:27:00.000-05:00,7.13,7.13,7.13,7.13,1751
1704814140,2024-01-09T10:29:00.000-05:00,7.14,7.14,7.135,7.14,1088
1704814200,2024-01-09T10:30:00.000-05:00,7.14,7.14,7.14,7.14,110
1704814260,2024-01-09T10:31:00.000-05:00,7.14,7.14,7.14,7.14,344
1704814320,2024-01-09T10:32:00.000-05:00,7.14,7.14,7.135,7.135,1230
1704814440,2024-01-09T10:34:00.000-05:00,7.135,7.135,7.135,7.135,108
1704814500,2024-01-09T10:35:00.000-05:00,7.135,7.135,7.135,7.135,209
1704814560,2024-01-09T10:36:00.000-05:00,7.135,7.15,7.135,7.15,2259
1704814620,2024-01-09T10:37:00.000-05:00,7.15,7.15,7.15,7.15,129
1704814680,2024-01-09T10:38:00.000-05:00,7.15,7.15,7.145,7.145,476
1704814740,2024-01-09T10:39:00.000-05:00,7.15,7.15,7.15,7.15,231
1704814800,2024-01-09T10:40:00.000-05:00,7.155,7.16,7.155,7.16,523
1704814920,2024-01-09T10:42:00.000-05:00,7.155,7.155,7.15,7.15,707
1704814980,2024-01-09T10:43:00.000-05:00,7.155,7.155,7.155,7.155,202
1704815040,2024-01-09T10:44:00.000-05:00,7.155,7.155,7.155,7.155,104
1704815100,2024-01-09T10:45:00.000-05:00,7.1537,7.1537,7.15,7.15,1193
1704815160,2024-01-09T10:46:00.000-05:00,7.145,7.145,7.135,7.135,3017
1704815220,2024-01-09T10:47:00.000-05:00,7.14,7.14,7.14,7.14,285
1704815280,2024-01-09T10:48:00.000-05:00,7.1325,7.14,7.1325,7.14,706
1704815400,2024-01-09T10:50:00.000-05:00,7.14,7.14,7.14,7.14,553
1704815460,2024-01-09T10:51:00.000-05:00,7.14,7.14,7.14,7.14,304
1704815520,2024-01-09T10:52:00.000-05:00,7.14,7.14,7.14,7.14,744
1704815580,2024-01-09T10:53:00.000-05:00,7.14,7.15,7.14,7.145,7634
1704815640,2024-01-09T10:54:00.000-05:00,7.15,7.15,7.15,7.15,308
1704815760,2024-01-09T10:56:00.000-05:00,7.1514,7.1514,7.1506,7.1506,3201
1704815820,2024-01-09T10:57:00.000-05:00,7.155,7.155,7.155,7.155,203
1704815880,2024-01-09T10:58:00.000-05:00,7.16,7.16,7.16,7.16,209
1704815940,2024-01-09T10:59:00.000-05:00,7.15,7.15,7.15,7.15,1115
1704816060,2024-01-09T11:01:00.000-05:00,7.145,7.145,7.145,7.145,108
1704816180,2024-01-09T11:03:00.000-05:00,7.15,7.16,7.15,7.16,1140
1704816240,2024-01-09T11:04:00.000-05:00,7.16,7.16,7.16,7.16,650
1704816300,2024-01-09T11:05:00.000-05:00,7.1699,7.1699,7.16,7.16,1184
1704816360,2024-01-09T11:06:00.000-05:00,7.155,7.155,7.155,7.155,101
1704816420,2024-01-09T11:07:00.000-05:00,7.155,7.155,7.155,7.155,213
1704816480,2024-01-09T11:08:00.000-05:00,7.155,7.155,7.15,7.15,758
1704816540,2024-01-09T11:09:00.000-05:00,7.155,7.155,7.15,7.15,301
1704816720,2024-01-09T11:12:00.000-05:00,7.1555,7.1555,7.1555,7.1555,215
1704816900,2024-01-09T11:15:00.000-05:00,7.1567,7.1567,7.1567,7.1567,795
1704817020,2024-01-09T11:17:00.000-05:00,7.155,7.155,7.14,7.14,1857
1704817080,2024-01-09T11:18:00.000-05:00,7.15,7.155,7.15,7.155,4126
1704817140,2024-01-09T11:19:00.000-05:00,7.155,7.155,7.155,7.155,249
1704817200,2024-01-09T11:20:00.000-05:00,7.155,7.17,7.155,7.17,1806
1704817320,2024-01-09T11:22:00.000-05:00,7.175,7.175,7.175,7.175,100
1704817380,2024-01-09T11:23:00.000-05:00,7.18,7.18,7.18,7.18,411
1704817440,2024-01-09T11:24:00.000-05:00,7.1813,7.1813,7.1813,7.1813,105
1704817560,2024-01-09T11:26:00.000-05:00,7.18,7.18,7.18,7.18,119
1704817680,2024-01-09T11:28:00.000-05:00,7.185,7.185,7.175,7.175,1452
1704817740,2024-01-09T11:29:00.000-05:00,7.18,7.18,7.18,7.18,222
1704817860,2024-01-09T11:31:00.000-05:00,7.1807,7.1807,7.18,7.18,5452
1704817980,2024-01-09T11:33:00.000-05:00,7.175,7.175,7.175,7.175,110
1704818040,2024-01-09T11:34:00.000-05:00,7.18,7.185,7.18,7.185,942
1704818100,2024-01-09T11:35:00.000-05:00,7.185,7.185,7.185,7.185,204
1704818220,2024-01-09T11:37:00.000-05:00,7.18,7.18,7.18,7.18,723
1704818280,2024-01-09T11:38:00.000-05:00,7.18,7.18,7.18,7.18,119
1704818340,2024-01-09T11:39:00.000-05:00,7.18,7.185,7.175,7.175,8647
1704818400,2024-01-09T11:40:00.000-05:00,7.175,7.175,7.175,7.175,300
1704818460,2024-01-09T11:41:00.000-05:00,7.17,7.17,7.17,7.17,1554
1704818580,2024-01-09T11:43:00.000-05:00,7.17,7.17,7.17,7.17,401
1704818760,2024-01-09T11:46:00.000-05:00,7.17,7.175,7.17,7.175,2741
1704818880,2024-01-09T11:48:00.000-05:00,7.18,7.18,7.18,7.18,1011
1704819180,2024-01-09T11:53:00.000-05:00,7.18,7.18,7.18,7.18,436
1704819300,2024-01-09T11:55:00.000-05:00,7.18,7.18,7.18,7.18,1511
1704819360,2024-01-09T11:56:00.000-05:00,7.18,7.19,7.18,7.19,984
1704819540,2024-01-09T11:59:00.000-05:00,7.19,7.19,7.19,7.19,109
1704819720,2024-01-09T12:02:00.000-05:00,7.2,7.2,7.2,7.2,101
1704819900,2024-01-09T12:05:00.000-05:00,7.195,7.195,7.195,7.195,197
1704819960,2024-01-09T12:06:00.000-05:00,7.195,7.195,7.195,7.195,302
1704820020,2024-01-09T12:07:00.000-05:00,7.195,7.195,7.195,7.195,641
1704820080,2024-01-09T12:08:00.000-05:00,7.195,7.195,7.19,7.19,2370
1704820140,2024-01-09T12:09:00.000-05:00,7.19,7.19,7.19,7.19,1737
1704820260,2024-01-09T12:11:00.000-05:00,7.19,7.19,7.1821,7.1821,2287
1704820380,2024-01-09T12:13:00.000-05:00,7.19,7.195,7.19,7.195,754
1704820500,2024-01-09T12:15:00.000-05:00,7.195,7.195,7.195,7.195,350
1704820560,2024-01-09T12:16:00.000-05:00,7.195,7.195,7.19,7.19,272
1704820620,2024-01-09T12:17:00.000-05:00,7.19,7.19,7.185,7.185,3581
1704820740,2024-01-09T12:19:00.000-05:00,7.185,7.185,7.18,7.18,2490
1704820800,2024-01-09T12:20:00.000-05:00,7.18,7.185,7.18,7.18,3674
1704820860,2024-01-09T12:21:00.000-05:00,7.1777,7.1777,7.175,7.175,637
1704820980,2024-01-09T12:23:00.000-05:00,7.18,7.18,7.18,7.18,1437
1704821100,2024-01-09T12:25:00.000-05:00,7.19,7.19,7.19,7.19,1312
1704821160,2024-01-09T12:26:00.000-05:00,7.195,7.195,7.195,7.195,319
1704821400,2024-01-09T12:30:00.000-05:00,7.2,7.2,7.2,7.2,153
1704821460,2024-01-09T12:31:00.000-05:00,7.2,7.2,7.2,7.2,1823
1704821520,2024-01-09T12:32:00.000-05:00,7.2,7.205,7.2,7.205,2221
1704821700,2024-01-09T12:35:00.000-05:00,7.2,7.2,7.19,7.195,3338
1704821760,2024-01-09T12:36:00.000-05:00,7.19,7.2,7.19,7.2,1849
1704821820,2024-01-09T12:37:00.000-05:00,7.2,7.2,7.2,7.2,321
1704821880,2024-01-09T12:38:00.000-05:00,7.19,7.195,7.19,7.195,201
1704822120,2024-01-09T12:42:00.000-05:00,7.2,7.205,7.2,7.205,333
1704822180,2024-01-09T12:43:00.000-05:00,7.205,7.205,7.205,7.205,100
1704822480,2024-01-09T12:48:00.000-05:00,7.2,7.2,7.2,7.2,1373
1704822660,2024-01-09T12:51:00.000-05:00,7.195,7.2,7.195,7.195,2002
1704822720,2024-01-09T12:52:00.000-05:00,7.195,7.195,7.195,7.195,108
1704822900,2024-01-09T12:55:00.000-05:00,7.195,7.195,7.195,7.195,149
1704823080,2024-01-09T12:58:00.000-05:00,7.2,7.205,7.2,7.205,858
1704823200,2024-01-09T13:00:00.000-05:00,7.21,7.21,7.2,7.2,3954
1704823320,2024-01-09T13:02:00.000-05:00,7.21,7.22,7.21,7.215,1855
1704823380,2024-01-09T13:03:00.000-05:00,7.22,7.22,7.22,7.22,100
1704823500,2024-01-09T13:05:00.000-05:00,7.22,7.22,7.22,7.22,401
1704823560,2024-01-09T13:06:00.000-05:00,7.225,7.225,7.22,7.225,3926
1704823620,2024-01-09T13:07:00.000-05:00,7.22,7.22,7.21,7.21,5269
1704823680,2024-01-09T13:08:00.000-05:00,7.21,7.21,7.21,7.21,2674
1704823740,2024-01-09T13:09:00.000-05:00,7.215,7.215,7.215,7.215,254
1704823860,2024-01-09T13:11:00.000-05:00,7.212,7.212,7.212,7.212,469
1704823920,2024-01-09T13:12:00.000-05:00,7.21,7.21,7.21,7.21,177
1704824040,2024-01-09T13:14:00.000-05:00,7.21,7.21,7.2,7.2,2552
1704824160,2024-01-09T13:16:00.000-05:00,7.2,7.2,7.2,7.2,101
1704824340,2024-01-09T13:19:00.000-05:00,7.2,7.205,7.2,7.205,2253
1704824520,2024-01-09T13:22:00.000-05:00,7.205,7.205,7.205,7.205,303
1704824580,2024-01-09T13:23:00.000-05:00,7.21,7.21,7.2,7.2,402
1704824640,2024-01-09T13:24:00.000-05:00,7.2,7.2,7.195,7.195,939
1704824700,2024-01-09T13:25:00.000-05:00,7.195,7.2,7.18,7.2,11167
1704824760,2024-01-09T13:26:00.000-05:00,7.2,7.2,7.2,7.2,2730
1704824820,2024-01-09T13:27:00.000-05:00,7.2,7.205,7.2,7.205,532
1704824880,2024-01-09T13:28:00.000-05:00,7.2,7.2,7.2,7.2,376
1704825000,2024-01-09T13:30:00.000-05:00,7.19,7.19,7.19,7.19,4367
1704825060,2024-01-09T13:31:00.000-05:00,7.195,7.195,7.195,7.195,105
1704825120,2024-01-09T13:32:00.000-05:00,7.19,7.19,7.185,7.19,678
1704825240,2024-01-09T13:34:00.000-05:00,7.19,7.19,7.185,7.185,1104
1704825300,2024-01-09T13:35:00.000-05:00,7.18,7.1899,7.18,7.1899,782
1704825360,2024-01-09T13:36:00.000-05:00,7.19,7.19,7.19,7.19,1627
1704825480,2024-01-09T13:38:00.000-05:00,7.2,7.2,7.2,7.2,349
1704825540,2024-01-09T13:39:00.000-05:00,7.2,7.205,7.2,7.205,1766
1704825600,2024-01-09T13:40:00.000-05:00,7.205,7.205,7.205,7.205,106
1704825780,2024-01-09T13:43:00.000-05:00,7.2075,7.2075,7.2,7.2,1675
1704825840,2024-01-09T13:44:00.000-05:00,7.2,7.2,7.2,7.2,139
1704825960,2024-01-09T13:46:00.000-05:00,7.2,7.2,7.2,7.2,1559
1704826020,2024-01-09T13:47:00.000-05:00,7.205,7.205,7.205,7.205,479
1704826080,2024-01-09T13:48:00.000-05:00,7.21,7.21,7.21,7.21,1010
1704826320,2024-01-09T13:52:00.000-05:00,7.22,7.225,7.22,7.225,692
1704826380,2024-01-09T13:53:00.000-05:00,7.22,7.22,7.22,7.22,369
1704826440,2024-01-09T13:54:00.000-05:00,7.22,7.22,7.22,7.22,757
1704826500,2024-01-09T13:55:00.000-05:00,7.215,7.215,7.215,7.215,111
1704826560,2024-01-09T13:56:00.000-05:00,7.215,7.215,7.215,7.215,144
1704826680,2024-01-09T13:58:00.000-05:00,7.215,7.215,7.215,7.215,173
1704826800,2024-01-09T14:00:00.000-05:00,7.22,7.22,7.22,7.22,186
1704826920,2024-01-09T14:02:00.000-05:00,7.215,7.215,7.215,7.215,215
1704827040,2024-01-09T14:04:00.000-05:00,7.215,7.215,7.215,7.215,107
1704827160,2024-01-09T14:06:00.000-05:00,7.215,7.215,7.215,7.215,113
1704827220,2024-01-09T14:07:00.000-05:00,7.215,7.215,7.215,7.215,516
1704827280,2024-01-09T14:08:00.000-05:00,7.215,7.22,7.215,7.22,211
1704827400,2024-01-09T14:10:00.000-05:00,7.218,7.218,7.218,7.218,1059
1704827520,2024-01-09T14:12:00.000-05:00,7.2185,7.2185,7.2,7.205,11640
1704827580,2024-01-09T14:13:00.000-05:00,7.195,7.195,7.195,7.195,156
1704827640,2024-01-09T14:14:00.000-05:00,7.19,7.195,7.19,7.195,331
1704827700,2024-01-09T14:15:00.000-05:00,7.19,7.19,7.19,7.19,5403
1704827820,2024-01-09T14:17:00.000-05:00,7.195,7.195,7.19,7.195,570
1704827880,2024-01-09T14:18:00.000-05:00,7.2,7.2,7.2,7.2,128
1704827940,2024-01-09T14:19:00.000-05:00,7.195,7.1985,7.195,7.1985,912
1704828000,2024-01-09T14:20:00.000-05:00,7.19,7.195,7.19,7.195,1098
1704828120,2024-01-09T14:22:00.000-05:00,7.2,7.205,7.195,7.2,9960
1704828300,2024-01-09T14:25:00.000-05:00,7.195,7.195,7.195,7.195,124
1704828360,2024-01-09T14:26:00.000-05:00,7.19,7.19,7.18,7.19,8207
1704828420,2024-01-09T14:27:00.000-05:00,7.19,7.19,7.185,7.19,3621
1704828480,2024-01-09T14:28:00.000-05:00,7.1868,7.1868,7.18,7.18,544
1704828540,2024-01-09T14:29:00.000-05:00,7.185,7.185,7.185,7.185,178
1704828600,2024-01-09T14:30:00.000-05:00,7.185,7.19,7.185,7.19,346
1704828660,2024-01-09T14:31:00.000-05:00,7.185,7.185,7.185,7.185,532
1704828780,2024-01-09T14:33:00.000-05:00,7.19,7.19,7.19,7.19,2818
1704828840,2024-01-09T14:34:00.000-05:00,7.19,7.19,7.19,7.19,4679
1704829080,2024-01-09T14:38:00.000-05:00,7.1801,7.1801,7.1801,7.1801,200
1704829200,2024-01-09T14:40:00.000-05:00,7.18,7.1875,7.18,7.1875,545
1704829320,2024-01-09T14:42:00.000-05:00,7.18,7.18,7.18,7.18,127
1704829380,2024-01-09T14:43:00.000-05:00,7.18,7.18,7.18,7.18,156
1704829440,2024-01-09T14:44:00.000-05:00,7.185,7.1881,7.185,7.185,1754
1704829500,2024-01-09T14:45:00.000-05:00,7.185,7.185,7.185,7.185,165
1704829560,2024-01-09T14:46:00.000-05:00,7.185,7.185,7.185,7.185,301
1704829620,2024-01-09T14:47:00.000-05:00,7.1875,7.1875,7.18,7.18,263
1704829680,2024-01-09T14:48:00.000-05:00,7.185,7.185,7.18,7.185,368
1704829800,2024-01-09T14:50:00.000-05:00,7.185,7.185,7.185,7.185,332
1704829860,2024-01-09T14:51:00.000-05:00,7.185,7.185,7.175,7.175,4034
1704829920,2024-01-09T14:52:00.000-05:00,7.175,7.18,7.175,7.18,5547
1704829980,2024-01-09T14:53:00.000-05:00,7.185,7.185,7.185,7.185,101
1704830040,2024-01-09T14:54:00.000-05:00,7.19,7.19,7.19,7.19,327
1704830100,2024-01-09T14:55:00.000-05:00,7.19,7.19,7.19,7.19,4128
1704830280,2024-01-09T14:58:00.000-05:00,7.185,7.185,7.185,7.185,262
1704830340,2024-01-09T14:59:00.000-05:00,7.185,7.185,7.185,7.185,2478
1704830400,2024-01-09T15:00:00.000-05:00,7.19,7.19,7.19,7.19,308
1704830460,2024-01-09T15:01:00.000-05:00,7.19,7.19,7.19,7.19,1879
1704830520,2024-01-09T15:02:00.000-05:00,7.19,7.19,7.19,7.19,422
1704830640,2024-01-09T15:04:00.000-05:00,7.1975,7.1975,7.1975,7.1975,305
1704830700,2024-01-09T15:05:00.000-05:00,7.19,7.195,7.18,7.19,7380
1704830760,2024-01-09T15:06:00.000-05:00,7.185,7.185,7.185,7.185,521
1704830880,2024-01-09T15:08:00.000-05:00,7.18,7.19,7.18,7.19,545
1704831000,2024-01-09T15:10:00.000-05:00,7.19,7.19,7.19,7.19,1824
1704831120,2024-01-09T15:12:00.000-05:00,7.195,7.195,7.195,7.195,245
1704831180,2024-01-09T15:13:00.000-05:00,7.195,7.195,7.195,7.195,165
1704831240,2024-01-09T15:14:00.000-05:00,7.195,7.195,7.195,7.195,369
1704831360,2024-01-09T15:16:00.000-05:00,7.195,7.195,7.195,7.195,271
1704831420,2024-01-09T15:17:00.000-05:00,7.195,7.195,7.195,7.195,716
1704831480,2024-01-09T15:18:00.000-05:00,7.195,7.195,7.18,7.185,5799
1704831540,2024-01-09T15:19:00.000-05:00,7.185,7.19,7.185,7.19,570
1704831600,2024-01-09T15:20:00.000-05:00,7.185,7.185,7.185,7.185,787
1704831660,2024-01-09T15:21:00.000-05:00,7.19,7.19,7.19,7.19,5578
1704831780,2024-01-09T15:23:00.000-05:00,7.195,7.195,7.195,7.195,1778
1704831840,2024-01-09T15:24:00.000-05:00,7.195,7.195,7.19,7.19,2086
1704831900,2024-01-09T15:25:00.000-05:00,7.185,7.1895,7.185,7.1895,494
1704831960,2024-01-09T15:26:00.000-05:00,7.19,7.195,7.19,7.195,7142
1704832140,2024-01-09T15:29:00.000-05:00,7.2,7.2,7.2,7.2,418
1704832260,2024-01-09T15:31:00.000-05:00,7.195,7.195,7.18,7.185,8291
1704832320,2024-01-09T15:32:00.000-05:00,7.185,7.185,7.18,7.185,4036
1704832380,2024-01-09T15:33:00.000-05:00,7.185,7.185,7.18,7.185,7669
1704832440,2024-01-09T15:34:00.000-05:00,7.185,7.185,7.18,7.185,2973
1704832500,2024-01-09T15:35:00.000-05:00,7.185,7.185,7.185,7.185,818
1704832620,2024-01-09T15:37:00.000-05:00,7.185,7.185,7.185,7.185,633
1704832680,2024-01-09T15:38:00.000-05:00,7.19,7.19,7.19,7.19,5748
1704832740,2024-01-09T15:39:00.000-05:00,7.2,7.2,7.2,7.2,605
1704832800,2024-01-09T15:40:00.000-05:00,7.195,7.195,7.19,7.19,1462
1704832860,2024-01-09T15:41:00.000-05:00,7.2,7.2,7.18,7.195,27136
1704832920,2024-01-09T15:42:00.000-05:00,7.195,7.195,7.1842,7.1842,9173
1704832980,2024-01-09T15:43:00.000-05:00,7.19,7.19,7.185,7.185,1869
1704833040,2024-01-09T15:44:00.000-05:00,7.19,7.195,7.19,7.195,2893
1704833100,2024-01-09T15:45:00.000-05:00,7.195,7.2,7.195,7.195,1837
1704833160,2024-01-09T15:46:00.000-05:00,7.195,7.195,7.195,7.195,474
1704833220,2024-01-09T15:47:00.000-05:00,7.195,7.195,7.19,7.195,4167
1704833280,2024-01-09T15:48:00.000-05:00,7.195,7.2,7.195,7.195,2413
1704833340,2024-01-09T15:49:00.000-05:00,7.195,7.2,7.195,7.2,897
1704833400,2024-01-09T15:50:00.000-05:00,7.19,7.2,7.19,7.2,2372
1704833460,2024-01-09T15:51:00.000-05:00,7.2,7.2,7.195,7.2,4382
1704833520,2024-01-09T15:52:00.000-05:00,7.2,7.2,7.19,7.19,2031
1704833580,2024-01-09T15:53:00.000-05:00,7.2,7.2,7.195,7.2,1394
1704833640,2024-01-09T15:54:00.000-05:00,7.195,7.2,7.195,7.2,3475
1704833700,2024-01-09T15:55:00.000-05:00,7.2,7.21,7.195,7.21,8526
1704833760,2024-01-09T15:56:00.000-05:00,7.21,7.21,7.2,7.205,4736
1704833820,2024-01-09T15:57:00.000-05:00,7.205,7.21,7.19,7.19,27975
1704833880,2024-01-09T15:58:00.000-05:00,7.195,7.2,7.19,7.2,8656
1704833940,2024-01-09T15:59:00.000-05:00,7.195,7.2,7.1825,7.1912,22384
1704834000,2024-01-09T16:00:00.000-05:00,7.19,7.19,7.19,7.19,89052
1704896940,2024-01-10T09:29:00.000-05:00,7.24,7.3,7.24,7.3,2751
1704897000,2024-01-10T09:30:00.000-05:00,7.23,7.29,7.21,7.23,25654
1704897060,2024-01-10T09:31:00.000-05:00,7.23,7.25,7.23,7.2488,1988
1704897120,2024-01-10T09:32:00.000-05:00,7.24,7.26,7.24,7.26,5147
1704897180,2024-01-10T09:33:00.000-05:00,7.2601,7.2601,7.24,7.24,2340
1704897240,2024-01-10T09:34:00.000-05:00,7.23,7.23,7.225,7.23,738
1704897300,2024-01-10T09:35:00.000-05:00,7.23,7.2605,7.23,7.2605,1056
1704897360,2024-01-10T09:36:00.000-05:00,7.25,7.275,7.25,7.27,2010
1704897420,2024-01-10T09:37:00.000-05:00,7.27,7.27,7.26,7.26,1403
1704897480,2024-01-10T09:38:00.000-05:00,7.26,7.26,7.255,7.26,2011
1704897540,2024-01-10T09:39:00.000-05:00,7.29,7.325,7.29,7.32,4421
1704897600,2024-01-10T09:40:00.000-05:00,7.33,7.34,7.3199,7.34,9691
1704897660,2024-01-10T09:41:00.000-05:00,7.3311,7.34,7.31,7.31,4587
1704897720,2024-01-10T09:42:00.000-05:00,7.29,7.305,7.28,7.295,2291
1704897780,2024-01-10T09:43:00.000-05:00,7.3,7.315,7.3,7.315,2858
1704897840,2024-01-10T09:44:00.000-05:00,7.31,7.32,7.31,7.32,1586
1704897900,2024-01-10T09:45:00.000-05:00,7.33,7.33,7.325,7.325,1198
1704897960,2024-01-10T09:46:00.000-05:00,7.32,7.32,7.315,7.315,1293
1704898020,2024-01-10T09:47:00.000-05:00,7.315,7.315,7.31,7.315,5811
1704898080,2024-01-10T09:48:00.000-05:00,7.315,7.315,7.3101,7.315,681
1704898140,2024-01-10T09:49:00.000-05:00,7.32,7.325,7.32,7.325,1145
1704898200,2024-01-10T09:50:00.000-05:00,7.325,7.34,7.325,7.34,769
1704898260,2024-01-10T09:51:00.000-05:00,7.335,7.345,7.335,7.345,2963
1704898380,2024-01-10T09:53:00.000-05:00,7.345,7.355,7.315,7.315,3414
1704898440,2024-01-10T09:54:00.000-05:00,7.32,7.335,7.32,7.335,1911
1704898500,2024-01-10T09:55:00.000-05:00,7.34,7.34,7.33,7.33,2532
1704898560,2024-01-10T09:56:00.000-05:00,7.335,7.335,7.335,7.335,337
1704898620,2024-01-10T09:57:00.000-05:00,7.34,7.34,7.34,7.34,568
1704898680,2024-01-10T09:58:00.000-05:00,7.33,7.335,7.33,7.33,3670
1704898740,2024-01-10T09:59:00.000-05:00,7.325,7.325,7.325,7.325,312
1704898800,2024-01-10T10:00:00.000-05:00,7.32,7.335,7.32,7.335,2798
1704898860,2024-01-10T10:01:00.000-05:00,7.33,7.33,7.31,7.31,2135
1704898920,2024-01-10T10:02:00.000-05:00,7.32,7.32,7.305,7.31,1596
1704898980,2024-01-10T10:03:00.000-05:00,7.3047,7.31,7.3047,7.31,2237
1704899040,2024-01-10T10:04:00.000-05:00,7.315,7.315,7.315,7.315,137
1704899100,2024-01-10T10:05:00.000-05:00,7.31,7.31,7.295,7.295,3905
1704899160,2024-01-10T10:06:00.000-05:00,7.295,7.305,7.295,7.295,3437
1704899220,2024-01-10T10:07:00.000-05:00,7.29,7.29,7.285,7.29,1560
1704899280,2024-01-10T10:08:00.000-05:00,7.29,7.29,7.29,7.29,200
1704899340,2024-01-10T10:09:00.000-05:00,7.3,7.31,7.3,7.31,369
1704899400,2024-01-10T10:10:00.000-05:00,7.31,7.32,7.31,7.32,910
1704899460,2024-01-10T10:11:00.000-05:00,7.31,7.31,7.31,7.31,4696
1704899520,2024-01-10T10:12:00.000-05:00,7.315,7.315,7.315,7.315,439
1704899580,2024-01-10T10:13:00.000-05:00,7.315,7.315,7.315,7.315,262
1704899640,2024-01-10T10:14:00.000-05:00,7.32,7.32,7.3,7.3,1065
1704899700,2024-01-10T10:15:00.000-05:00,7.295,7.305,7.295,7.305,1777
1704899760,2024-01-10T10:16:00.000-05:00,7.305,7.31,7.305,7.31,400
1704899820,2024-01-10T10:17:00.000-05:00,7.31,7.315,7.31,7.315,3247
1704899880,2024-01-10T10:18:00.000-05:00,7.315,7.315,7.315,7.315,200
1704899940,2024-01-10T10:19:00.000-05:00,7.315,7.315,7.31,7.31,887
1704900000,2024-01-10T10:20:00.000-05:00,7.3,7.3,7.295,7.295,918
1704900060,2024-01-10T10:21:00.000-05:00,7.305,7.305,7.305,7.305,105
1704900120,2024-01-10T10:22:00.000-05:00,7.31,7.315,7.31,7.315,2783
1704900180,2024-01-10T10:23:00.000-05:00,7.31,7.31,7.31,7.31,605
1704900240,2024-01-10T10:24:00.000-05:00,7.31,7.315,7.31,7.315,1172
1704900300,2024-01-10T10:25:00.000-05:00,7.315,7.315,7.305,7.31,4156
1704900360,2024-01-10T10:26:00.000-05:00,7.31,7.31,7.3,7.305,3177
1704900420,2024-01-10T10:27:00.000-05:00,7.305,7.32,7.305,7.32,1712
1704900600,2024-01-10T10:30:00.000-05:00,7.32,7.325,7.32,7.325,1951
1704900660,2024-01-10T10:31:00.000-05:00,7.33,7.335,7.33,7.335,1740
1704900720,2024-01-10T10:32:00.000-05:00,7.33,7.335,7.33,7.335,2745
1704900780,2024-01-10T10:33:00.000-05:00,7.335,7.335,7.325,7.325,2006
1704900840,2024-01-10T10:34:00.000-05:00,7.325,7.325,7.325,7.325,324
1704900900,2024-01-10T10:35:00.000-05:00,7.32,7.325,7.32,7.325,1171
1704900960,2024-01-10T10:36:00.000-05:00,7.325,7.335,7.325,7.335,664
1704901020,2024-01-10T10:37:00.000-05:00,7.33,7.33,7.33,7.33,409
1704901080,2024-01-10T10:38:00.000-05:00,7.335,7.335,7.335,7.335,100
1704901140,2024-01-10T10:39:00.000-05:00,7.335,7.3494,7.335,7.3494,5170
1704901200,2024-01-10T10:40:00.000-05:00,7.35,7.3597,7.35,7.3597,3875
1704901260,2024-01-10T10:41:00.000-05:00,7.36,7.37,7.36,7.37,1185
1704901320,2024-01-10T10:42:00.000-05:00,7.365,7.365,7.365,7.365,107
1704901440,2024-01-10T10:44:00.000-05:00,7.37,7.37,7.37,7.37,216
1704901560,2024-01-10T10:46:00.000-05:00,7.36,7.37,7.355,7.365,6736
1704901620,2024-01-10T10:47:00.000-05:00,7.365,7.365,7.36,7.365,4016
1704901680,2024-01-10T10:48:00.000-05:00,7.365,7.365,7.365,7.365,310
1704901740,2024-01-10T10:49:00.000-05:00,7.365,7.375,7.365,7.375,2519
1704901800,2024-01-10T10:50:00.000-05:00,7.375,7.375,7.375,7.375,209
1704901860,2024-01-10T10:51:00.000-05:00,7.38,7.38,7.38,7.38,410
1704901920,2024-01-10T10:52:00.000-05:00,7.38,7.385,7.38,7.38,4733
1704901980,2024-01-10T10:53:00.000-05:00,7.38,7.38,7.375,7.375,2182
1704902040,2024-01-10T10:54:00.000-05:00,7.375,7.375,7.365,7.365,5914
1704902100,2024-01-10T10:55:00.000-05:00,7.365,7.365,7.36,7.36,3157
1704902160,2024-01-10T10:56:00.000-05:00,7.36,7.36,7.36,7.36,471
1704902220,2024-01-10T10:57:00.000-05:00,7.36,7.365,7.36,7.36,554
1704902280,2024-01-10T10:58:00.000-05:00,7.365,7.365,7.365,7.365,100
1704902340,2024-01-10T10:59:00.000-05:00,7.36,7.365,7.36,7.365,935
1704902400,2024-01-10T11:00:00.000-05:00,7.3698,7.3698,7.36,7.365,730
1704902460,2024-01-10T11:01:00.000-05:00,7.365,7.37,7.365,7.37,1554
1704902580,2024-01-10T11:03:00.000-05:00,7.375,7.375,7.375,7.375,162
1704902640,2024-01-10T11:04:00.000-05:00,7.375,7.375,7.37,7.37,1290
1704902700,2024-01-10T11:05:00.000-05:00,7.375,7.375,7.375,7.375,540
1704902760,2024-01-10T11:06:00.000-05:00,7.375,7.38,7.375,7.38,2692
1704902940,2024-01-10T11:09:00.000-05:00,7.3814,7.3814,7.3814,7.3814,910
1704903000,2024-01-10T11:10:00.000-05:00,7.39,7.3903,7.39,7.3903,2902
1704903060,2024-01-10T11:11:00.000-05:00,7.395,7.395,7.395,7.395,238
1704903120,2024-01-10T11:12:00.000-05:00,7.39,7.39,7.385,7.385,2493
1704903180,2024-01-10T11:13:00.000-05:00,7.385,7.385,7.385,7.385,467
1704903240,2024-01-10T11:14:00.000-05:00,7.385,7.385,7.385,7.385,641
1704903300,2024-01-10T11:15:00.000-05:00,7.385,7.385,7.385,7.385,114
1704903420,2024-01-10T11:17:00.000-05:00,7.39,7.39,7.39,7.39,231
1704903480,2024-01-10T11:18:00.000-05:00,7.39,7.395,7.39,7.395,4580
1704903600,2024-01-10T11:20:00.000-05:00,7.395,7.395,7.38,7.38,4033
1704903660,2024-01-10T11:21:00.000-05:00,7.39,7.39,7.385,7.385,524
1704903720,2024-01-10T11:22:00.000-05:00,7.39,7.39,7.39,7.39,224
1704903780,2024-01-10T11:23:00.000-05:00,7.385,7.385,7.385,7.385,505
1704903900,2024-01-10T11:25:00.000-05:00,7.385,7.385,7.385,7.385,408
1704904020,2024-01-10T11:27:00.000-05:00,7.385,7.385,7.385,7.385,200
1704904080,2024-01-10T11:28:00.000-05:00,7.385,7.385,7.385,7.385,421
1704904140,2024-01-10T11:29:00.000-05:00,7.39,7.39,7.39,7.39,113
1704904200,2024-01-10T11:30:00.000-05:00,7.3813,7.3813,7.3813,7.3813,537
1704904260,2024-01-10T11:31:00.000-05:00,7.385,7.385,7.38,7.38,2455
1704904320,2024-01-10T11:32:00.000-05:00,7.375,7.375,7.37,7.375,1655
1704904380,2024-01-10T11:33:00.000-05:00,7.3707,7.375,7.3707,7.375,2199
1704904440,2024-01-10T11:34:00.000-05:00,7.375,7.38,7.375,7.38,1171
1704904560,2024-01-10T11:36:00.000-05:00,7.38,7.39,7.38,7.39,2805
1704904620,2024-01-10T11:37:00.000-05:00,7.39,7.39,7.39,7.39,1782
1704904740,2024-01-10T11:39:00.000-05:00,7.4,7.4,7.4,7.4,115
1704904800,2024-01-10T11:40:00.000-05:00,7.4,7.405,7.4,7.405,3351
1704904860,2024-01-10T11:41:00.000-05:00,7.4,7.4,7.4,7.4,4095
1704904920,2024-01-10T11:42:00.000-05:00,7.405,7.405,7.405,7.405,300
1704904980,2024-01-10T11:43:00.000-05:00,7.405,7.405,7.405,7.405,390
1704905100,2024-01-10T11:45:00.000-05:00,7.405,7.405,7.405,7.405,5298
1704905160,2024-01-10T11:46:00.000-05:00,7.405,7.405,7.405,7.405,112
1704905220,2024-01-10T11:47:00.000-05:00,7.41,7.415,7.405,7.405,3527
1704905400,2024-01-10T11:50:00.000-05:00,7.41,7.415,7.41,7.415,1725
1704905460,2024-01-10T11:51:00.000-05:00,7.415,7.415,7.41,7.415,2841
1704905520,2024-01-10T11:52:00.000-05:00,7.41,7.415,7.41,7.415,801
1704905580,2024-01-10T11:53:00.000-05:00,7.415,7.415,7.415,7.415,271
1704905700,2024-01-10T11:55:00.000-05:00,7.41,7.415,7.41,7.415,533
1704905760,2024-01-10T11:56:00.000-05:00,7.42,7.425,7.42,7.425,4746
1704905820,2024-01-10T11:57:00.000-05:00,7.425,7.425,7.425,7.425,609
1704905880,2024-01-10T11:58:00.000-05:00,7.425,7.43,7.425,7.43,580
1704905940,2024-01-10T11:59:00.000-05:00,7.4213,7.425,7.4213,7.425,639
1704906000,2024-01-10T12:00:00.000-05:00,7.42,7.425,7.42,7.425,4137
1704906060,2024-01-10T12:01:00.000-05:00,7.425,7.425,7.415,7.415,4811
1704906120,2024-01-10T12:02:00.000-05:00,7.41,7.415,7.41,7.415,418
1704906180,2024-01-10T12:03:00.000-05:00,7.415,7.415,7.415,7.415,120
1704906240,2024-01-10T12:04:00.000-05:00,7.415,7.415,7.415,7.415,170
1704906360,2024-01-10T12:06:00.000-05:00,7.415,7.415,7.4,7.405,3509
1704906420,2024-01-10T12:07:00.000-05:00,7.41,7.415,7.41,7.415,3047
1704906480,2024-01-10T12:08:00.000-05:00,7.42,7.42,7.42,7.42,147
1704906540,2024-01-10T12:09:00.000-05:00,7.42,7.42,7.42,7.42,222
1704906600,2024-01-10T12:10:00.000-05:00,7.4199,7.425,7.4199,7.425,4455
1704906660,2024-01-10T12:11:00.000-05:00,7.42,7.425,7.41,7.415,2692
1704906720,2024-01-10T12:12:00.000-05:00,7.41,7.415,7.41,7.415,4114
1704906780,2024-01-10T12:13:00.000-05:00,7.42,7.42,7.415,7.42,2159
1704906840,2024-01-10T12:14:00.000-05:00,7.415,7.415,7.415,7.415,209
1704907020,2024-01-10T12:17:00.000-05:00,7.42,7.42,7.415,7.415,1521
1704907080,2024-01-10T12:18:00.000-05:00,7.42,7.43,7.42,7.43,2229
1704907140,2024-01-10T12:19:00.000-05:00,7.43,7.43,7.43,7.43,427
1704907200,2024-01-10T12:20:00.000-05:00,7.43,7.435,7.4285,7.435,3005
1704907260,2024-01-10T12:21:00.000-05:00,7.435,7.435,7.43,7.435,11003
1704907320,2024-01-10T12:22:00.000-05:00,7.435,7.435,7.43,7.43,1399
1704907380,2024-01-10T12:23:00.000-05:00,7.43,7.43,7.43,7.43,3953
1704907440,2024-01-10T12:24:00.000-05:00,7.43,7.43,7.43,7.43,5558
1704907500,2024-01-10T12:25:00.000-05:00,7.44,7.44,7.44,7.44,211
1704907560,2024-01-10T12:26:00.000-05:00,7.435,7.435,7.435,7.435,1059
1704907620,2024-01-10T12:27:00.000-05:00,7.43,7.43,7.43,7.43,392
1704907740,2024-01-10T12:29:00.000-05:00,7.44,7.44,7.44,7.44,110
1704907860,2024-01-10T12:31:00.000-05:00,7.44,7.44,7.43,7.435,523
1704907920,2024-01-10T12:32:00.000-05:00,7.435,7.435,7.43,7.43,3207
1704907980,2024-01-10T12:33:00.000-05:00,7.425,7.425,7.425,7.425,441
1704908160,2024-01-10T12:36:00.000-05:00,7.425,7.43,7.425,7.43,382
1704908220,2024-01-10T12:37:00.000-05:00,7.425,7.425,7.425,7.425,111
1704908280,2024-01-10T12:38:00.000-05:00,7.43,7.435,7.43,7.43,3908
1704908460,2024-01-10T12:41:00.000-05:00,7.44,7.44,7.44,7.44,101
1704908520,2024-01-10T12:42:00.000-05:00,7.43,7.43,7.43,7.43,205
1704908640,2024-01-10T12:44:00.000-05:00,7.44,7.44,7.44,7.44,188
1704908760,2024-01-10T12:46:00.000-05:00,7.43,7.44,7.43,7.43,5928
1704908820,2024-01-10T12:47:00.000-05:00,7.43,7.435,7.43,7.435,5065
1704908880,2024-01-10T12:48:00.000-05:00,7.44,7.44,7.44,7.44,481
1704908940,2024-01-10T12:49:00.000-05:00,7.44,7.44,7.44,7.44,629
1704909000,2024-01-10T12:50:00.000-05:00,7.44,7.44,7.44,7.44,1377
1704909060,2024-01-10T12:51:00.000-05:00,7.44,7.44,7.44,7.44,1099
1704909120,2024-01-10T12:52:00.000-05:00,7.4319,7.44,7.431,7.44,4213
1704909240,2024-01-10T12:54:00.000-05:00,7.44,7.44,7.43,7.43,13101
1704909300,2024-01-10T12:55:00.000-05:00,7.435,7.435,7.43,7.43,339
1704909420,2024-01-10T12:57:00.000-05:00,7.435,7.435,7.435,7.435,222
1704909600,2024-01-10T13:00:00.000-05:00,7.43,7.43,7.43,7.43,112
1704909660,2024-01-10T13:01:00.000-05:00,7.43,7.43,7.42,7.42,5157
1704909720,2024-01-10T13:02:00.000-05:00,7.42,7.42,7.42,7.42,1645
1704909780,2024-01-10T13:03:00.000-05:00,7.43,7.445,7.43,7.44,3038
1704909840,2024-01-10T13:04:00.000-05:00,7.44,7.45,7.44,7.45,463
1704909900,2024-01-10T13:05:00.000-05:00,7.45,7.45,7.45,7.45,1660
1704909960,2024-01-10T13:06:00.000-05:00,7.45,7.455,7.45,7.455,5712
1704910020,2024-01-10T13:07:00.000-05:00,7.46,7.46,7.46,7.46,211
1704910140,2024-01-10T13:09:00.000-05:00,7.455,7.455,7.445,7.445,630
1704910200,2024-01-10T13:10:00.000-05:00,7.44,7.445,7.44,7.445,3888
1704910260,2024-01-10T13:11:00.000-05:00,7.44,7.44,7.43,7.43,2368
1704910320,2024-01-10T13:12:00.000-05:00,7.44,7.44,7.44,7.44,157
1704910380,2024-01-10T13:13:00.000-05:00,7.44,7.44,7.44,7.44,1388
1704910500,2024-01-10T13:15:00.000-05:00,7.45,7.45,7.45,7.45,1516
1704910560,2024-01-10T13:16:00.000-05:00,7.455,7.455,7.455,7.455,244
1704910620,2024-01-10T13:17:00.000-05:00,7.46,7.465,7.46,7.465,2961
1704910680,2024-01-10T13:18:00.000-05:00,7.46,7.46,7.46,7.46,4896
1704910800,2024-01-10T13:20:00.000-05:00,7.46,7.465,7.455,7.455,1558
1704910980,2024-01-10T13:23:00.000-05:00,7.46,7.465,7.46,7.465,1955
1704911040,2024-01-10T13:24:00.000-05:00,7.465,7.465,7.465,7.465,168
1704911100,2024-01-10T13:25:00.000-05:00,7.47,7.475,7.47,7.475,3312
1704911160,2024-01-10T13:26:00.000-05:00,7.47,7.475,7.47,7.475,200
1704911340,2024-01-10T13:29:00.000-05:00,7.475,7.475,7.47,7.475,10650
1704911460,2024-01-10T13:31:00.000-05:00,7.47,7.47,7.47,7.47,4962
1704911520,2024-01-10T13:32:00.000-05:00,7.4697,7.4697,7.4697,7.4697,356
1704911640,2024-01-10T13:34:00.000-05:00,7.47,7.47,7.47,7.47,749
1704911760,2024-01-10T13:36:00.000-05:00,7.465,7.465,7.46,7.46,4852
1704911820,2024-01-10T13:37:00.000-05:00,7.45,7.45,7.45,7.45,620
1704911880,2024-01-10T13:38:00.000-05:00,7.445,7.445,7.44,7.44,2610
1704911940,2024-01-10T13:39:00.000-05:00,7.45,7.455,7.443,7.4433,13928
1704912000,2024-01-10T13:40:00.000-05:00,7.4413,7.4413,7.4413,7.4413,206
1704912060,2024-01-10T13:41:00.000-05:00,7.448,7.448,7.448,7.448,155
1704912120,2024-01-10T13:42:00.000-05:00,7.45,7.45,7.45,7.45,132
1704912360,2024-01-10T13:46:00.000-05:00,7.45,7.45,7.45,7.45,1631
1704912420,2024-01-10T13:47:00.000-05:00,7.445,7.445,7.4447,7.445,774
1704912480,2024-01-10T13:48:00.000-05:00,7.445,7.45,7.445,7.45,1400
1704912540,2024-01-10T13:49:00.000-05:00,7.45,7.455,7.445,7.445,14438
1704912720,2024-01-10T13:52:00.000-05:00,7.45,7.455,7.45,7.45,8272
1704912840,2024-01-10T13:54:00.000-05:00,7.4499,7.4499,7.4499,7.4499,229
1704912900,2024-01-10T13:55:00.000-05:00,7.445,7.445,7.445,7.445,781
1704912960,2024-01-10T13:56:00.000-05:00,7.45,7.45,7.448,7.45,801
1704913020,2024-01-10T13:57:00.000-05:00,7.445,7.445,7.4425,7.445,1289
1704913080,2024-01-10T13:58:00.000-05:00,7.445,7.445,7.445,7.445,1613
1704913140,2024-01-10T13:59:00.000-05:00,7.45,7.45,7.445,7.445,320
1704913260,2024-01-10T14:01:00.000-05:00,7.445,7.445,7.445,7.445,514
1704913320,2024-01-10T14:02:00.000-05:00,7.445,7.445,7.44,7.44,3607
1704913380,2024-01-10T14:03:00.000-05:00,7.435,7.435,7.43,7.43,382
1704913500,2024-01-10T14:05:00.000-05:00,7.435,7.435,7.435,7.435,129
1704913560,2024-01-10T14:06:00.000-05:00,7.435,7.435,7.43,7.43,213
1704913680,2024-01-10T14:08:00.000-05:00,7.43,7.435,7.43,7.435,335
1704913800,2024-01-10T14:10:00.000-05:00,7.435,7.435,7.435,7.435,597
1704913860,2024-01-10T14:11:00.000-05:00,7.435,7.445,7.435,7.445,5946
1704913920,2024-01-10T14:12:00.000-05:00,7.4412,7.4499,7.44,7.4499,1980
1704913980,2024-01-10T14:13:00.000-05:00,7.45,7.45,7.445,7.445,5944
1704914040,2024-01-10T14:14:00.000-05:00,7.45,7.45,7.45,7.45,110
1704914100,2024-01-10T14:15:00.000-05:00,7.44,7.44,7.44,7.44,3527
1704914160,2024-01-10T14:16:00.000-05:00,7.435,7.44,7.435,7.44,351
1704914220,2024-01-10T14:17:00.000-05:00,7.435,7.435,7.43,7.43,1080
1704914280,2024-01-10T14:18:00.000-05:00,7.425,7.425,7.425,7.425,141
1704914340,2024-01-10T14:19:00.000-05:00,7.43,7.43,7.43,7.43,1550
1704914460,2024-01-10T14:21:00.000-05:00,7.435,7.435,7.435,7.435,118
1704914640,2024-01-10T14:24:00.000-05:00,7.44,7.44,7.44,7.44,703
1704914760,2024-01-10T14:26:00.000-05:00,7.45,7.45,7.45,7.45,408
1704914940,2024-01-10T14:29:00.000-05:00,7.45,7.455,7.445,7.445,15776
1704915000,2024-01-10T14:30:00.000-05:00,7.445,7.445,7.445,7.445,209
1704915060,2024-01-10T14:31:00.000-05:00,7.445,7.445,7.445,7.445,217
1704915120,2024-01-10T14:32:00.000-05:00,7.445,7.445,7.445,7.445,456
1704915240,2024-01-10T14:34:00.000-05:00,7.445,7.445,7.445,7.445,120
1704915300,2024-01-10T14:35:00.000-05:00,7.445,7.45,7.445,7.445,844
1704915360,2024-01-10T14:36:00.000-05:00,7.445,7.445,7.44,7.44,364
1704915420,2024-01-10T14:37:00.000-05:00,7.44,7.44,7.435,7.435,2397
1704915480,2024-01-10T14:38:00.000-05:00,7.4392,7.4392,7.435,7.435,9522
1704915540,2024-01-10T14:39:00.000-05:00,7.435,7.46,7.435,7.455,15743
1704915600,2024-01-10T14:40:00.000-05:00,7.455,7.455,7.455,7.455,5239
1704915660,2024-01-10T14:41:00.000-05:00,7.455,7.455,7.455,7.455,927
1704915840,2024-01-10T14:44:00.000-05:00,7.455,7.455,7.455,7.455,3417
1704915900,2024-01-10T14:45:00.000-05:00,7.455,7.455,7.455,7.455,339
1704915960,2024-01-10T14:46:00.000-05:00,7.455,7.455,7.45,7.45,2438
1704916020,2024-01-10T14:47:00.000-05:00,7.45,7.45,7.445,7.445,3332
1704916080,2024-01-10T14:48:00.000-05:00,7.445,7.45,7.445,7.445,724
1704916140,2024-01-10T14:49:00.000-05:00,7.45,7.45,7.445,7.445,304
1704916200,2024-01-10T14:50:00.000-05:00,7.45,7.455,7.445,7.445,5509
1704916260,2024-01-10T14:51:00.000-05:00,7.445,7.45,7.445,7.45,940
1704916320,2024-01-10T14:52:00.000-05:00,7.45,7.45,7.445,7.45,1200
1704916380,2024-01-10T14:53:00.000-05:00,7.445,7.445,7.445,7.445,463
1704916440,2024-01-10T14:54:00.000-05:00,7.445,7.445,7.44,7.44,1007
1704916500,2024-01-10T14:55:00.000-05:00,7.44,7.445,7.44,7.445,454
1704916560,2024-01-10T14:56:00.000-05:00,7.445,7.445,7.445,7.445,185
1704916620,2024-01-10T14:57:00.000-05:00,7.445,7.445,7.425,7.425,67851
1704916680,2024-01-10T14:58:00.000-05:00,7.425,7.425,7.425,7.425,676
1704916740,2024-01-10T14:59:00.000-05:00,7.425,7.425,7.425,7.425,667
1704916800,2024-01-10T15:00:00.000-05:00,7.425,7.435,7.425,7.435,7421
1704916860,2024-01-10T15:01:00.000-05:00,7.435,7.435,7.43,7.43,440
1704916920,2024-01-10T15:02:00.000-05:00,7.435,7.435,7.435,7.435,313
1704916980,2024-01-10T15:03:00.000-05:00,7.435,7.435,7.435,7.435,573
1704917040,2024-01-10T15:04:00.000-05:00,7.435,7.45,7.435,7.45,6917
1704917100,2024-01-10T15:05:00.000-05:00,7.445,7.445,7.445,7.445,600
1704917160,2024-01-10T15:06:00.000-05:00,7.445,7.445,7.445,7.445,339
1704917220,2024-01-10T15:07:00.000-05:00,7.44,7.445,7.435,7.435,3489
1704917280,2024-01-10T15:08:00.000-05:00,7.435,7.435,7.435,7.435,353
1704917340,2024-01-10T15:09:00.000-05:00,7.435,7.4362,7.435,7.4362,887
1704917400,2024-01-10T15:10:00.000-05:00,7.44,7.44,7.44,7.44,113
1704917460,2024-01-10T15:11:00.000-05:00,7.44,7.4499,7.44,7.44,2312
1704917520,2024-01-10T15:12:00.000-05:00,7.445,7.45,7.44,7.445,2818
1704917580,2024-01-10T15:13:00.000-05:00,7.445,7.445,7.445,7.445,121
1704917640,2024-01-10T15:14:00.000-05:00,7.44,7.44,7.435,7.439,2795
1704917700,2024-01-10T15:15:00.000-05:00,7.435,7.44,7.43,7.43,1128
1704917820,2024-01-10T15:17:00.000-05:00,7.43,7.43,7.43,7.43,709
1704917880,2024-01-10T15:18:00.000-05:00,7.43,7.43,7.425,7.425,1841
1704917940,2024-01-10T15:19:00.000-05:00,7.42,7.425,7.415,7.415,1363
1704918000,2024-01-10T15:20:00.000-05:00,7.415,7.425,7.4101,7.415,11824
1704918060,2024-01-10T15:21:00.000-05:00,7.41,7.41,7.405,7.405,1466
1704918120,2024-01-10T15:22:00.000-05:00,7.405,7.41,7.405,7.41,1146
1704918180,2024-01-10T15:23:00.000-05:00,7.405,7.405,7.395,7.4,9643
1704918240,2024-01-10T15:24:00.000-05:00,7.4,7.4,7.39,7.39,5553
1704918300,2024-01-10T15:25:00.000-05:00,7.39,7.4,7.39,7.395,1111
1704918360,2024-01-10T15:26:00.000-05:00,7.4,7.405,7.4,7.405,2632
1704918420,2024-01-10T15:27:00.000-05:00,7.4,7.4,7.4,7.4,300
1704918480,2024-01-10T15:28:00.000-05:00,7.4,7.4,7.395,7.395,911
1704918540,2024-01-10T15:29:00.000-05:00,7.395,7.395,7.395,7.395,3481
1704918600,2024-01-10T15:30:00.000-05:00,7.395,7.4,7.395,7.4,1052
1704918660,2024-01-10T15:31:00.000-05:00,7.395,7.405,7.395,7.405,2537
1704918720,2024-01-10T15:32:00.000-05:00,7.405,7.405,7.405,7.405,331
1704918780,2024-01-10T15:33:00.000-05:00,7.405,7.405,7.4,7.405,1684
1704918840,2024-01-10T15:34:00.000-05:00,7.405,7.405,7.405,7.405,1246
1704918900,2024-01-10T15:35:00.000-05:00,7.405,7.405,7.395,7.395,4129
1704918960,2024-01-10T15:36:00.000-05:00,7.395,7.4,7.395,7.395,9507
1704919020,2024-01-10T15:37:00.000-05:00,7.395,7.395,7.395,7.395,1290
1704919140,2024-01-10T15:39:00.000-05:00,7.4,7.4,7.395,7.395,289
1704919200,2024-01-10T15:40:00.000-05:00,7.39,7.395,7.39,7.39,1325
1704919260,2024-01-10T15:41:00.000-05:00,7.39,7.39,7.37,7.38,15535
1704919320,2024-01-10T15:42:00.000-05:00,7.38,7.385,7.38,7.385,1258
1704919380,2024-01-10T15:43:00.000-05:00,7.39,7.39,7.38,7.38,518
1704919440,2024-01-10T15:44:00.000-05:00,7.38,7.38,7.375,7.375,8167
1704919500,2024-01-10T15:45:00.000-05:00,7.375,7.375,7.375,7.375,1413
1704919560,2024-01-10T15:46:00.000-05:00,7.3795,7.3795,7.375,7.375,951
1704919620,2024-01-10T15:47:00.000-05:00,7.375,7.375,7.375,7.375,1926
1704919680,2024-01-10T15:48:00.000-05:00,7.37,7.375,7.365,7.375,10476
1704919740,2024-01-10T15:49:00.000-05:00,7.37,7.375,7.36,7.36,5914
1704919800,2024-01-10T15:50:00.000-05:00,7.36,7.365,7.36,7.3612,3415
1704919860,2024-01-10T15:51:00.000-05:00,7.365,7.37,7.36,7.37,2714
1704919920,2024-01-10T15:52:00.000-05:00,7.37,7.375,7.365,7.375,4838
1704919980,2024-01-10T15:53:00.000-05:00,7.375,7.38,7.37,7.38,5658
1704920040,2024-01-10T15:54:00.000-05:00,7.38,7.385,7.38,7.385,4839
1704920100,2024-01-10T15:55:00.000-05:00,7.385,7.4,7.385,7.395,8176
1704920160,2024-01-10T15:56:00.000-05:00,7.395,7.4,7.3946,7.4,5597
1704920220,2024-01-10T15:57:00.000-05:00,7.395,7.4,7.39,7.4,7188
1704920280,2024-01-10T15:58:00.000-05:00,7.4,7.4,7.395,7.4,6882
1704920340,2024-01-10T15:59:00.000-05:00,7.395,7.42,7.395,7.41,28595
1704920400,2024-01-10T16:00:00.000-05:00,7.42,7.42,7.42,7.42,170716
1704924960,2024-01-10T17:16:00.000-05:00,7.46,7.46,7.45,7.45,232
1704980700,2024-01-11T08:45:00.000-05:00,7.42,7.42,7.42,7.42,300
1704983040,2024-01-11T09:24:00.000-05:00,7.4,7.4,7.4,7.4,107
1704983400,2024-01-11T09:30:00.000-05:00,7.33,7.345,7.23,7.23,17118
1704983460,2024-01-11T09:31:00.000-05:00,7.22,7.26,7.21,7.24,9344
1704983520,2024-01-11T09:32:00.000-05:00,7.24,7.24,7.23,7.23,310
1704983580,2024-01-11T09:33:00.000-05:00,7.24,7.24,7.24,7.24,494
1704983640,2024-01-11T09:34:00.000-05:00,7.23,7.251,7.23,7.24,2128
1704983700,2024-01-11T09:35:00.000-05:00,7.265,7.27,7.26,7.26,844
1704983760,2024-01-11T09:36:00.000-05:00,7.255,7.26,7.24,7.24,1912
1704983820,2024-01-11T09:37:00.000-05:00,7.25,7.27,7.25,7.27,5387
1704983880,2024-01-11T09:38:00.000-05:00,7.28,7.295,7.28,7.295,456
1704983940,2024-01-11T09:39:00.000-05:00,7.3,7.31,7.3,7.31,562
1704984000,2024-01-11T09:40:00.000-05:00,7.32,7.33,7.32,7.33,10545
1704984060,2024-01-11T09:41:00.000-05:00,7.34,7.34,7.34,7.34,3618
1704984120,2024-01-11T09:42:00.000-05:00,7.32,7.32,7.32,7.32,500
1704984180,2024-01-11T09:43:00.000-05:00,7.32,7.32,7.32,7.32,1105
1704984240,2024-01-11T09:44:00.000-05:00,7.32,7.32,7.32,7.32,100
1704984300,2024-01-11T09:45:00.000-05:00,7.3295,7.3295,7.3295,7.3295,1289
1704984360,2024-01-11T09:46:00.000-05:00,7.32,7.33,7.32,7.33,420
1704984420,2024-01-11T09:47:00.000-05:00,7.35,7.35,7.33,7.33,701
1704984480,2024-01-11T09:48:00.000-05:00,7.33,7.33,7.3,7.3,2279
1704984540,2024-01-11T09:49:00.000-05:00,7.3,7.3,7.3,7.3,573
1704984600,2024-01-11T09:50:00.000-05:00,7.3,7.3,7.29,7.29,1712
1704984660,2024-01-11T09:51:00.000-05:00,7.285,7.285,7.265,7.275,1461
1704984720,2024-01-11T09:52:00.000-05:00,7.27,7.27,7.26,7.26,1349
1704984780,2024-01-11T09:53:00.000-05:00,7.25,7.25,7.24,7.24,561
1704984840,2024-01-11T09:54:00.000-05:00,7.225,7.23,7.225,7.23,387
1704984900,2024-01-11T09:55:00.000-05:00,7.22,7.22,7.22,7.22,1324
1704984960,2024-01-11T09:56:00.000-05:00,7.23,7.235,7.23,7.235,366
1704985020,2024-01-11T09:57:00.000-05:00,7.25,7.27,7.245,7.26,2749
1704985080,2024-01-11T09:58:00.000-05:00,7.25,7.25,7.225,7.23,2627
1704985140,2024-01-11T09:59:00.000-05:00,7.22,7.22,7.2152,7.2152,2346
1704985200,2024-01-11T10:00:00.000-05:00,7.21,7.215,7.21,7.215,1120
1704985260,2024-01-11T10:01:00.000-05:00,7.21,7.21,7.205,7.205,1239
1704985320,2024-01-11T10:02:00.000-05:00,7.21,7.21,7.2,7.205,940
1704985380,2024-01-11T10:03:00.000-05:00,7.2,7.2,7.19,7.19,1295
1704985440,2024-01-11T10:04:00.000-05:00,7.19,7.195,7.175,7.18,3907
1704985500,2024-01-11T10:05:00.000-05:00,7.18,7.18,7.16,7.16,1201
1704985560,2024-01-11T10:06:00.000-05:00,7.155,7.16,7.15,7.15,13909
1704985620,2024-01-11T10:07:00.000-05:00,7.15,7.16,7.14,7.16,3106
1704985680,2024-01-11T10:08:00.000-05:00,7.165,7.165,7.16,7.16,1054
1704985740,2024-01-11T10:09:00.000-05:00,7.16,7.16,7.15,7.15,362
1704985800,2024-01-11T10:10:00.000-05:00,7.14,7.14,7.13,7.13,2472
1704985860,2024-01-11T10:11:00.000-05:00,7.14,7.145,7.14,7.145,500
1704985920,2024-01-11T10:12:00.000-05:00,7.14,7.14,7.13,7.13,1131
1704986040,2024-01-11T10:14:00.000-05:00,7.135,7.135,7.135,7.135,535
1704986100,2024-01-11T10:15:00.000-05:00,7.14,7.14,7.14,7.14,1943
1704986160,2024-01-11T10:16:00.000-05:00,7.135,7.14,7.135,7.14,1691
1704986220,2024-01-11T10:17:00.000-05:00,7.13,7.13,7.11,7.11,7071
1704986280,2024-01-11T10:18:00.000-05:00,7.115,7.12,7.11,7.12,1437
1704986340,2024-01-11T10:19:00.000-05:00,7.1201,7.125,7.1201,7.125,7115
1704986400,2024-01-11T10:20:00.000-05:00,7.125,7.14,7.125,7.14,537
1704986460,2024-01-11T10:21:00.000-05:00,7.145,7.145,7.13,7.1301,21256
1704986520,2024-01-11T10:22:00.000-05:00,7.14,7.145,7.135,7.14,2018
1704986580,2024-01-11T10:23:00.000-05:00,7.13,7.13,7.125,7.125,911
1704986640,2024-01-11T10:24:00.000-05:00,7.125,7.125,7.125,7.125,399
1704986700,2024-01-11T10:25:00.000-05:00,7.12,7.13,7.115,7.13,1083
1704986760,2024-01-11T10:26:00.000-05:00,7.1303,7.1303,7.1303,7.1303,714
1704986820,2024-01-11T10:27:00.000-05:00,7.13,7.13,7.13,7.13,649
1704986880,2024-01-11T10:28:00.000-05:00,7.13,7.13,7.125,7.125,758
1704986940,2024-01-11T10:29:00.000-05:00,7.13,7.14,7.13,7.14,2156
1704987000,2024-01-11T10:30:00.000-05:00,7.145,7.145,7.135,7.14,3764
1704987060,2024-01-11T10:31:00.000-05:00,7.1441,7.145,7.1441,7.145,420
1704987120,2024-01-11T10:32:00.000-05:00,7.14,7.14,7.135,7.14,2110
1704987180,2024-01-11T10:33:00.000-05:00,7.145,7.145,7.135,7.135,1177
1704987240,2024-01-11T10:34:00.000-05:00,7.13,7.13,7.125,7.13,1296
1704987300,2024-01-11T10:35:00.000-05:00,7.13,7.16,7.125,7.16,9333
1704987360,2024-01-11T10:36:00.000-05:00,7.165,7.165,7.16,7.16,1924
1704987420,2024-01-11T10:37:00.000-05:00,7.16,7.16,7.155,7.155,708
1704987480,2024-01-11T10:38:00.000-05:00,7.155,7.16,7.155,7.155,747
1704987540,2024-01-11T10:39:00.000-05:00,7.155,7.175,7.155,7.175,950
1704987600,2024-01-11T10:40:00.000-05:00,7.175,7.175,7.175,7.175,644
1704987660,2024-01-11T10:41:00.000-05:00,7.17,7.17,7.155,7.16,2473
1704987720,2024-01-11T10:42:00.000-05:00,7.165,7.165,7.16,7.16,1051
1704987780,2024-01-11T10:43:00.000-05:00,7.15,7.16,7.15,7.155,374
1704987840,2024-01-11T10:44:00.000-05:00,7.16,7.175,7.16,7.175,1855
1704987900,2024-01-11T10:45:00.000-05:00,7.17,7.1709,7.165,7.1709,560
1704987960,2024-01-11T10:46:00.000-05:00,7.17,7.1728,7.17,7.17,2537
1704988020,2024-01-11T10:47:00.000-05:00,7.17,7.17,7.155,7.16,2276
1704988080,2024-01-11T10:48:00.000-05:00,7.165,7.165,7.16,7.16,528
1704988140,2024-01-11T10:49:00.000-05:00,7.165,7.165,7.165,7.165,1718
1704988200,2024-01-11T10:50:00.000-05:00,7.17,7.17,7.165,7.17,6890
1704988260,2024-01-11T10:51:00.000-05:00,7.17,7.175,7.17,7.175,1292
1704988320,2024-01-11T10:52:00.000-05:00,7.175,7.175,7.17,7.17,448
1704988380,2024-01-11T10:53:00.000-05:00,7.17,7.17,7.1609,7.1609,948
1704988440,2024-01-11T10:54:00.000-05:00,7.165,7.17,7.16,7.16,1523
1704988500,2024-01-11T10:55:00.000-05:00,7.17,7.17,7.165,7.17,1204
1704988560,2024-01-11T10:56:00.000-05:00,7.1717,7.19,7.1717,7.19,1767
1704988620,2024-01-11T10:57:00.000-05:00,7.19,7.19,7.18,7.1898,937
1704988680,2024-01-11T10:58:00.000-05:00,7.185,7.185,7.18,7.18,712
1704988740,2024-01-11T10:59:00.000-05:00,7.175,7.18,7.175,7.18,3768
1704988800,2024-01-11T11:00:00.000-05:00,7.185,7.185,7.18,7.18,1086
1704988860,2024-01-11T11:01:00.000-05:00,7.17,7.17,7.165,7.165,936
1704988920,2024-01-11T11:02:00.000-05:00,7.17,7.17,7.17,7.17,250
1704988980,2024-01-11T11:03:00.000-05:00,7.17,7.18,7.17,7.175,655
1704989040,2024-01-11T11:04:00.000-05:00,7.175,7.175,7.175,7.175,500
1704989100,2024-01-11T11:05:00.000-05:00,7.175,7.18,7.175,7.18,2175
1704989160,2024-01-11T11:06:00.000-05:00,7.175,7.18,7.175,7.18,1140
1704989220,2024-01-11T11:07:00.000-05:00,7.18,7.185,7.18,7.185,1252
1704989280,2024-01-11T11:08:00.000-05:00,7.18,7.18,7.175,7.175,930
1704989400,2024-01-11T11:10:00.000-05:00,7.18,7.18,7.18,7.18,253
1704989520,2024-01-11T11:12:00.000-05:00,7.1801,7.185,7.1801,7.185,275
1704989580,2024-01-11T11:13:00.000-05:00,7.185,7.185,7.175,7.175,1298
1704989640,2024-01-11T11:14:00.000-05:00,7.175,7.175,7.17,7.17,919
1704989700,2024-01-11T11:15:00.000-05:00,7.16,7.165,7.16,7.165,304
1704989760,2024-01-11T11:16:00.000-05:00,7.17,7.17,7.17,7.17,647
1704989820,2024-01-11T11:17:00.000-05:00,7.17,7.17,7.17,7.17,203
1704989880,2024-01-11T11:18:00.000-05:00,7.18,7.18,7.18,7.18,200
1704990000,2024-01-11T11:20:00.000-05:00,7.175,7.175,7.175,7.175,135
1704990060,2024-01-11T11:21:00.000-05:00,7.175,7.175,7.175,7.175,116
1704990120,2024-01-11T11:22:00.000-05:00,7.175,7.1786,7.175,7.1786,270
1704990180,2024-01-11T11:23:00.000-05:00,7.17,7.17,7.165,7.165,681
1704990240,2024-01-11T11:24:00.000-05:00,7.17,7.17,7.17,7.17,451
1704990300,2024-01-11T11:25:00.000-05:00,7.17,7.175,7.17,7.175,697
1704990360,2024-01-11T11:26:00.000-05:00,7.17,7.17,7.165,7.17,1609
1704990420,2024-01-11T11:27:00.000-05:00,7.16,7.16,7.16,7.16,755
1704990540,2024-01-11T11:29:00.000-05:00,7.155,7.16,7.155,7.16,600
1704990600,2024-01-11T11:30:00.000-05:00,7.16,7.16,7.155,7.16,1289
1704990660,2024-01-11T11:31:00.000-05:00,7.16,7.16,7.155,7.155,245
1704990720,2024-01-11T11:32:00.000-05:00,7.155,7.155,7.155,7.155,100
1704990780,2024-01-11T11:33:00.000-05:00,7.15,7.15,7.15,7.15,1448
1704990840,2024-01-11T11:34:00.000-05:00,7.15,7.15,7.14,7.14,767
1704990900,2024-01-11T11:35:00.000-05:00,7.145,7.145,7.145,7.145,441
1704990960,2024-01-11T11:36:00.000-05:00,7.15,7.15,7.15,7.15,613
1704991020,2024-01-11T11:37:00.000-05:00,7.16,7.165,7.16,7.165,1564
1704991080,2024-01-11T11:38:00.000-05:00,7.16,7.16,7.155,7.16,1621
1704991140,2024-01-11T11:39:00.000-05:00,7.15,7.155,7.15,7.15,648
1704991200,2024-01-11T11:40:00.000-05:00,7.15,7.15,7.15,7.15,174
1704991260,2024-01-11T11:41:00.000-05:00,7.15,7.15,7.145,7.145,1257
1704991320,2024-01-11T11:42:00.000-05:00,7.145,7.15,7.14,7.14,300
1704991380,2024-01-11T11:43:00.000-05:00,7.145,7.145,7.145,7.145,200
1704991440,2024-01-11T11:44:00.000-05:00,7.145,7.145,7.145,7.145,111
1704991560,2024-01-11T11:46:00.000-05:00,7.14,7.14,7.135,7.14,2541
1704991620,2024-01-11T11:47:00.000-05:00,7.15,7.155,7.15,7.155,1326
1704991680,2024-01-11T11:48:00.000-05:00,7.15,7.15,7.15,7.15,655
1704991740,2024-01-11T11:49:00.000-05:00,7.14,7.145,7.14,7.145,540
1704991800,2024-01-11T11:50:00.000-05:00,7.145,7.15,7.145,7.15,658
1704991860,2024-01-11T11:51:00.000-05:00,7.15,7.15,7.14,7.145,381
1704991920,2024-01-11T11:52:00.000-05:00,7.14,7.145,7.14,7.14,906
1704991980,2024-01-11T11:53:00.000-05:00,7.13,7.14,7.13,7.13,1447
1704992040,2024-01-11T11:54:00.000-05:00,7.13,7.13,7.12,7.125,1407
1704992280,2024-01-11T11:58:00.000-05:00,7.12,7.12,7.115,7.12,3899
1704992340,2024-01-11T11:59:00.000-05:00,7.13,7.13,7.13,7.13,1686
1704992400,2024-01-11T12:00:00.000-05:00,7.13,7.13,7.125,7.125,500
1704992460,2024-01-11T12:01:00.000-05:00,7.13,7.13,7.13,7.13,707
1704992580,2024-01-11T12:03:00.000-05:00,7.14,7.145,7.14,7.145,711
1704992640,2024-01-11T12:04:00.000-05:00,7.145,7.145,7.145,7.145,338
1704992760,2024-01-11T12:06:00.000-05:00,7.14,7.15,7.14,7.15,309
1704992940,2024-01-11T12:09:00.000-05:00,7.15,7.15,7.145,7.15,417
1704993000,2024-01-11T12:10:00.000-05:00,7.15,7.155,7.15,7.155,1187
1704993060,2024-01-11T12:11:00.000-05:00,7.15,7.15,7.145,7.145,1770
1704993180,2024-01-11T12:13:00.000-05:00,7.145,7.145,7.145,7.145,210
1704993300,2024-01-11T12:15:00.000-05:00,7.145,7.16,7.145,7.155,763
1704993360,2024-01-11T12:16:00.000-05:00,7.155,7.155,7.155,7.155,259
1704993420,2024-01-11T12:17:00.000-05:00,7.155,7.155,7.155,7.155,110
1704993480,2024-01-11T12:18:00.000-05:00,7.16,7.17,7.16,7.16,1536
1704993540,2024-01-11T12:19:00.000-05:00,7.16,7.16,7.16,7.16,1017
1704993600,2024-01-11T12:20:00.000-05:00,7.16,7.16,7.16,7.16,504
1704993660,2024-01-11T12:21:00.000-05:00,7.17,7.1713,7.17,7.1713,1052
1704993720,2024-01-11T12:22:00.000-05:00,7.17,7.17,7.165,7.165,1540
1704993780,2024-01-11T12:23:00.000-05:00,7.165,7.175,7.1638,7.175,3754
1704994020,2024-01-11T12:27:00.000-05:00,7.175,7.175,7.175,7.175,308
1704994080,2024-01-11T12:28:00.000-05:00,7.175,7.175,7.16,7.16,2284
1704994140,2024-01-11T12:29:00.000-05:00,7.15,7.15,7.15,7.15,365
1704994200,2024-01-11T12:30:00.000-05:00,7.15,7.15,7.15,7.15,591
1704994260,2024-01-11T12:31:00.000-05:00,7.15,7.15,7.15,7.15,200
1704994320,2024-01-11T12:32:00.000-05:00,7.15,7.1525,7.15,7.1525,667
1704994380,2024-01-11T12:33:00.000-05:00,7.15,7.15,7.15,7.15,100
1704994440,2024-01-11T12:34:00.000-05:00,7.15,7.15,7.145,7.145,983
1704994500,2024-01-11T12:35:00.000-05:00,7.15,7.15,7.15,7.15,1303
1704994620,2024-01-11T12:37:00.000-05:00,7.15,7.15,7.15,7.15,1379
1704994680,2024-01-11T12:38:00.000-05:00,7.15,7.15,7.1409,7.145,1653
1704994740,2024-01-11T12:39:00.000-05:00,7.141,7.15,7.141,7.145,1581
1704994860,2024-01-11T12:41:00.000-05:00,7.15,7.15,7.15,7.15,653
1704994920,2024-01-11T12:42:00.000-05:00,7.16,7.16,7.16,7.16,119
1704994980,2024-01-11T12:43:00.000-05:00,7.16,7.16,7.16,7.16,452
1704995100,2024-01-11T12:45:00.000-05:00,7.16,7.16,7.16,7.16,100
1704995220,2024-01-11T12:47:00.000-05:00,7.165,7.165,7.1649,7.1649,1554
1704995280,2024-01-11T12:48:00.000-05:00,7.16,7.16,7.16,7.16,337
1704995340,2024-01-11T12:49:00.000-05:00,7.165,7.165,7.165,7.165,122
1704995400,2024-01-11T12:50:00.000-05:00,7.17,7.175,7.17,7.175,2830
1704995580,2024-01-11T12:53:00.000-05:00,7.175,7.175,7.175,7.175,327
1704995640,2024-01-11T12:54:00.000-05:00,7.17,7.17,7.165,7.165,2168
1704995760,2024-01-11T12:56:00.000-05:00,7.16,7.16,7.16,7.16,150
1704995820,2024-01-11T12:57:00.000-05:00,7.16,7.16,7.155,7.155,2040
1704995880,2024-01-11T12:58:00.000-05:00,7.16,7.16,7.16,7.16,2058
1704995940,2024-01-11T12:59:00.000-05:00,7.165,7.165,7.165,7.165,100
1704996000,2024-01-11T13:00:00.000-05:00,7.16,7.16,7.16,7.16,384
1704996060,2024-01-11T13:01:00.000-05:00,7.17,7.17,7.165,7.165,324
1704996180,2024-01-11T13:03:00.000-05:00,7.17,7.175,7.17,7.17,752
1704996300,2024-01-11T13:05:00.000-05:00,7.1753,7.1753,7.175,7.175,900
1704996360,2024-01-11T13:06:00.000-05:00,7.18,7.19,7.18,7.185,1447
1704996480,2024-01-11T13:08:00.000-05:00,7.1888,7.1888,7.1888,7.1888,249
1704996540,2024-01-11T13:09:00.000-05:00,7.19,7.19,7.19,7.19,444
1704996600,2024-01-11T13:10:00.000-05:00,7.185,7.185,7.185,7.185,261
1704996660,2024-01-11T13:11:00.000-05:00,7.1883,7.19,7.185,7.19,1599
1704996720,2024-01-11T13:12:00.000-05:00,7.185,7.185,7.18,7.18,631
1704996780,2024-01-11T13:13:00.000-05:00,7.185,7.185,7.179,7.179,3535
1704996840,2024-01-11T13:14:00.000-05:00,7.175,7.18,7.175,7.18,458
1704996900,2024-01-11T13:15:00.000-05:00,7.175,7.175,7.175,7.175,301
1704996960,2024-01-11T13:16:00.000-05:00,7.175,7.175,7.175,7.175,146
1704997020,2024-01-11T13:17:00.000-05:00,7.18,7.18,7.18,7.18,2395
1704997080,2024-01-11T13:18:00.000-05:00,7.19,7.19,7.19,7.19,103
1704997140,2024-01-11T13:19:00.000-05:00,7.19,7.2,7.19,7.2,3217
1704997200,2024-01-11T13:20:00.000-05:00,7.195,7.2,7.19,7.19,1880
1704997260,2024-01-11T13:21:00.000-05:00,7.185,7.185,7.18,7.18,386
1704997380,2024-01-11T13:23:00.000-05:00,7.185,7.185,7.185,7.185,217
1704997440,2024-01-11T13:24:00.000-05:00,7.185,7.185,7.185,7.185,106
1704997500,2024-01-11T13:25:00.000-05:00,7.18,7.185,7.18,7.18,400
1704997560,2024-01-11T13:26:00.000-05:00,7.185,7.185,7.18,7.18,2904
1704997680,2024-01-11T13:28:00.000-05:00,7.175,7.185,7.175,7.185,1658
1704997740,2024-01-11T13:29:00.000-05:00,7.18,7.18,7.175,7.175,973
1704997800,2024-01-11T13:30:00.000-05:00,7.175,7.175,7.175,7.175,159
1704997860,2024-01-11T13:31:00.000-05:00,7.17,7.17,7.17,7.17,927
1704997920,2024-01-11T13:32:00.000-05:00,7.17,7.175,7.165,7.175,6301
1704997980,2024-01-11T13:33:00.000-05:00,7.18,7.18,7.18,7.18,247
1704998040,2024-01-11T13:34:00.000-05:00,7.18,7.18,7.18,7.18,902
1704998100,2024-01-11T13:35:00.000-05:00,7.18,7.185,7.18,7.185,2054
1704998160,2024-01-11T13:36:00.000-05:00,7.18,7.18,7.18,7.18,121
1704998220,2024-01-11T13:37:00.000-05:00,7.18,7.18,7.18,7.18,100
1704998280,2024-01-11T13:38:00.000-05:00,7.185,7.19,7.185,7.19,947
1704998340,2024-01-11T13:39:00.000-05:00,7.19,7.19,7.19,7.19,168
1704998460,2024-01-11T13:41:00.000-05:00,7.18,7.1825,7.175,7.175,9986
1704998580,2024-01-11T13:43:00.000-05:00,7.175,7.175,7.175,7.175,107
1704998640,2024-01-11T13:44:00.000-05:00,7.17,7.17,7.17,7.17,2366
1704998760,2024-01-11T13:46:00.000-05:00,7.165,7.165,7.165,7.165,249
1704998820,2024-01-11T13:47:00.000-05:00,7.165,7.17,7.165,7.17,234
1704998880,2024-01-11T13:48:00.000-05:00,7.165,7.17,7.165,7.17,314
1704998940,2024-01-11T13:49:00.000-05:00,7.165,7.165,7.165,7.165,415
1704999000,2024-01-11T13:50:00.000-05:00,7.17,7.17,7.17,7.17,161
1704999060,2024-01-11T13:51:00.000-05:00,7.165,7.165,7.165,7.165,366
1704999120,2024-01-11T13:52:00.000-05:00,7.165,7.165,7.165,7.165,131
1704999180,2024-01-11T13:53:00.000-05:00,7.17,7.175,7.165,7.175,3058
1704999240,2024-01-11T13:54:00.000-05:00,7.17,7.175,7.17,7.175,544
1704999360,2024-01-11T13:56:00.000-05:00,7.18,7.18,7.18,7.18,578
1704999420,2024-01-11T13:57:00.000-05:00,7.18,7.19,7.18,7.185,612
1704999480,2024-01-11T13:58:00.000-05:00,7.185,7.185,7.185,7.185,158
1704999540,2024-01-11T13:59:00.000-05:00,7.19,7.19,7.19,7.19,125
1704999660,2024-01-11T14:01:00.000-05:00,7.185,7.185,7.185,7.185,263
1704999720,2024-01-11T14:02:00.000-05:00,7.18,7.185,7.18,7.185,257
1704999780,2024-01-11T14:03:00.000-05:00,7.185,7.19,7.185,7.185,403
1704999840,2024-01-11T14:04:00.000-05:00,7.19,7.195,7.185,7.185,5518
1704999900,2024-01-11T14:05:00.000-05:00,7.185,7.185,7.185,7.185,320
1705000080,2024-01-11T14:08:00.000-05:00,7.18,7.18,7.175,7.175,2712
1705000140,2024-01-11T14:09:00.000-05:00,7.175,7.175,7.175,7.175,101
1705000200,2024-01-11T14:10:00.000-05:00,7.175,7.18,7.175,7.175,1346
1705000260,2024-01-11T14:11:00.000-05:00,7.175,7.175,7.175,7.175,142
1705000380,2024-01-11T14:13:00.000-05:00,7.18,7.18,7.175,7.175,399
1705000440,2024-01-11T14:14:00.000-05:00,7.18,7.185,7.1725,7.185,1497
1705000500,2024-01-11T14:15:00.000-05:00,7.185,7.19,7.185,7.19,491
1705000560,2024-01-11T14:16:00.000-05:00,7.18,7.18,7.18,7.18,3118
1705000680,2024-01-11T14:18:00.000-05:00,7.17,7.185,7.17,7.185,4054
1705000740,2024-01-11T14:19:00.000-05:00,7.18,7.18,7.17,7.17,3900
1705000800,2024-01-11T14:20:00.000-05:00,7.17,7.17,7.16,7.16,2105
1705000860,2024-01-11T14:21:00.000-05:00,7.16,7.1624,7.16,7.16,511
1705000920,2024-01-11T14:22:00.000-05:00,7.16,7.16,7.155,7.155,639
1705000980,2024-01-11T14:23:00.000-05:00,7.16,7.16,7.155,7.155,1248
1705001040,2024-01-11T14:24:00.000-05:00,7.15,7.15,7.15,7.15,113
1705001160,2024-01-11T14:26:00.000-05:00,7.159,7.16,7.159,7.16,4289
1705001220,2024-01-11T14:27:00.000-05:00,7.165,7.165,7.165,7.165,335
1705001280,2024-01-11T14:28:00.000-05:00,7.165,7.165,7.165,7.165,508
1705001340,2024-01-11T14:29:00.000-05:00,7.165,7.17,7.165,7.17,7888
1705001400,2024-01-11T14:30:00.000-05:00,7.165,7.17,7.165,7.17,771
1705001460,2024-01-11T14:31:00.000-05:00,7.17,7.17,7.17,7.17,217
1705001520,2024-01-11T14:32:00.000-05:00,7.17,7.17,7.17,7.17,2294
1705001580,2024-01-11T14:33:00.000-05:00,7.175,7.175,7.165,7.165,2259
1705001700,2024-01-11T14:35:00.000-05:00,7.17,7.17,7.169,7.17,404
1705001760,2024-01-11T14:36:00.000-05:00,7.165,7.165,7.165,7.165,279
1705001820,2024-01-11T14:37:00.000-05:00,7.16,7.16,7.16,7.16,156
1705001880,2024-01-11T14:38:00.000-05:00,7.16,7.16,7.155,7.155,4640
1705002000,2024-01-11T14:40:00.000-05:00,7.155,7.16,7.155,7.16,414
1705002060,2024-01-11T14:41:00.000-05:00,7.16,7.165,7.16,7.165,1811
1705002120,2024-01-11T14:42:00.000-05:00,7.16,7.16,7.16,7.16,652
1705002180,2024-01-11T14:43:00.000-05:00,7.16,7.16,7.16,7.16,233
1705002240,2024-01-11T14:44:00.000-05:00,7.165,7.165,7.15,7.15,2676
1705002300,2024-01-11T14:45:00.000-05:00,7.155,7.165,7.155,7.165,3440
1705002360,2024-01-11T14:46:00.000-05:00,7.16,7.16,7.155,7.16,1635
1705002420,2024-01-11T14:47:00.000-05:00,7.16,7.16,7.16,7.16,1337
1705002480,2024-01-11T14:48:00.000-05:00,7.16,7.16,7.159,7.159,266
1705002540,2024-01-11T14:49:00.000-05:00,7.16,7.17,7.16,7.17,745
1705002600,2024-01-11T14:50:00.000-05:00,7.17,7.17,7.17,7.17,470
1705002660,2024-01-11T14:51:00.000-05:00,7.17,7.185,7.17,7.18,4832
1705002780,2024-01-11T14:53:00.000-05:00,7.185,7.185,7.185,7.185,675
1705002840,2024-01-11T14:54:00.000-05:00,7.185,7.185,7.185,7.185,110
1705002900,2024-01-11T14:55:00.000-05:00,7.185,7.19,7.185,7.19,437
1705003020,2024-01-11T14:57:00.000-05:00,7.19,7.19,7.19,7.19,213
1705003080,2024-01-11T14:58:00.000-05:00,7.19,7.19,7.19,7.19,540
1705003140,2024-01-11T14:59:00.000-05:00,7.19,7.19,7.19,7.19,681
1705003200,2024-01-11T15:00:00.000-05:00,7.19,7.2,7.19,7.195,4304
1705003260,2024-01-11T15:01:00.000-05:00,7.19,7.19,7.185,7.185,3062
1705003320,2024-01-11T15:02:00.000-05:00,7.18,7.185,7.18,7.185,537
1705003380,2024-01-11T15:03:00.000-05:00,7.18,7.18,7.175,7.18,2263
1705003440,2024-01-11T15:04:00.000-05:00,7.179,7.179,7.175,7.175,1081
1705003560,2024-01-11T15:06:00.000-05:00,7.175,7.175,7.175,7.175,457
1705003620,2024-01-11T15:07:00.000-05:00,7.175,7.18,7.175,7.175,499
1705003680,2024-01-11T15:08:00.000-05:00,7.175,7.18,7.175,7.175,781
1705003740,2024-01-11T15:09:00.000-05:00,7.1782,7.18,7.1782,7.18,602
1705003800,2024-01-11T15:10:00.000-05:00,7.18,7.18,7.17,7.17,10673
1705003920,2024-01-11T15:12:00.000-05:00,7.18,7.185,7.18,7.185,4506
1705003980,2024-01-11T15:13:00.000-05:00,7.185,7.185,7.185,7.185,851
1705004040,2024-01-11T15:14:00.000-05:00,7.19,7.19,7.185,7.185,1322
1705004100,2024-01-11T15:15:00.000-05:00,7.185,7.185,7.175,7.185,6120
1705004160,2024-01-11T15:16:00.000-05:00,7.185,7.185,7.185,7.185,260
1705004280,2024-01-11T15:18:00.000-05:00,7.19,7.19,7.19,7.19,648
1705004340,2024-01-11T15:19:00.000-05:00,7.19,7.195,7.185,7.185,12857
1705004400,2024-01-11T15:20:00.000-05:00,7.185,7.2,7.185,7.2,2592
1705004460,2024-01-11T15:21:00.000-05:00,7.2,7.205,7.2,7.205,2939
1705004520,2024-01-11T15:22:00.000-05:00,7.21,7.215,7.21,7.215,1886
1705004580,2024-01-11T15:23:00.000-05:00,7.215,7.215,7.205,7.205,3616
1705004640,2024-01-11T15:24:00.000-05:00,7.205,7.205,7.205,7.205,441
1705004700,2024-01-11T15:25:00.000-05:00,7.205,7.205,7.2,7.205,1147
1705004760,2024-01-11T15:26:00.000-05:00,7.2,7.21,7.2,7.21,4112
1705004820,2024-01-11T15:27:00.000-05:00,7.21,7.21,7.2,7.205,1993
1705004880,2024-01-11T15:28:00.000-05:00,7.205,7.205,7.19,7.195,5728
1705004940,2024-01-11T15:29:00.000-05:00,7.195,7.195,7.19,7.195,1861
1705005000,2024-01-11T15:30:00.000-05:00,7.195,7.2,7.195,7.195,934
1705005060,2024-01-11T15:31:00.000-05:00,7.195,7.2,7.195,7.199,603
1705005120,2024-01-11T15:32:00.000-05:00,7.195,7.2,7.19,7.2,3220
1705005180,2024-01-11T15:33:00.000-05:00,7.2,7.2,7.185,7.185,5336
1705005240,2024-01-11T15:34:00.000-05:00,7.185,7.195,7.185,7.195,4818
1705005300,2024-01-11T15:35:00.000-05:00,7.19,7.195,7.185,7.185,4559
1705005360,2024-01-11T15:36:00.000-05:00,7.185,7.185,7.185,7.185,997
1705005420,2024-01-11T15:37:00.000-05:00,7.185,7.185,7.175,7.175,4966
1705005480,2024-01-11T15:38:00.000-05:00,7.17,7.18,7.17,7.18,5084
1705005540,2024-01-11T15:39:00.000-05:00,7.175,7.175,7.17,7.175,2651
1705005600,2024-01-11T15:40:00.000-05:00,7.175,7.18,7.17,7.18,1985
1705005660,2024-01-11T15:41:00.000-05:00,7.175,7.18,7.17,7.175,7936
1705005720,2024-01-11T15:42:00.000-05:00,7.18,7.18,7.17,7.175,3071
1705005780,2024-01-11T15:43:00.000-05:00,7.175,7.175,7.17,7.17,4529
1705005840,2024-01-11T15:44:00.000-05:00,7.175,7.18,7.17,7.175,4977
1705005900,2024-01-11T15:45:00.000-05:00,7.175,7.175,7.17,7.175,2291
1705005960,2024-01-11T15:46:00.000-05:00,7.175,7.18,7.17,7.175,2292
1705006020,2024-01-11T15:47:00.000-05:00,7.175,7.175,7.175,7.175,2214
1705006080,2024-01-11T15:48:00.000-05:00,7.18,7.185,7.175,7.185,7085
1705006140,2024-01-11T15:49:00.000-05:00,7.185,7.19,7.185,7.19,960
1705006200,2024-01-11T15:50:00.000-05:00,7.19,7.19,7.18,7.185,8847
1705006260,2024-01-11T15:51:00.000-05:00,7.18,7.18,7.17,7.18,10028
1705006320,2024-01-11T15:52:00.000-05:00,7.175,7.19,7.175,7.19,10948
1705006380,2024-01-11T15:53:00.000-05:00,7.19,7.195,7.18,7.19,5251
1705006440,2024-01-11T15:54:00.000-05:00,7.195,7.2,7.195,7.2,2214
1705006500,2024-01-11T15:55:00.000-05:00,7.2,7.21,7.2,7.205,4406
1705006560,2024-01-11T15:56:00.000-05:00,7.21,7.21,7.205,7.205,4607
1705006620,2024-01-11T15:57:00.000-05:00,7.21,7.21,7.205,7.21,9949
1705006680,2024-01-11T15:58:00.000-05:00,7.205,7.22,7.2019,7.22,11355
1705006740,2024-01-11T15:59:00.000-05:00,7.215,7.22,7.21,7.21,21225
1705006800,2024-01-11T16:00:00.000-05:00,7.22,7.22,7.22,7.22,150843
1705069800,2024-01-12T09:30:00.000-05:00,7.38,7.4,7.38,7.4,5524
1705069860,2024-01-12T09:31:00.000-05:00,7.385,7.385,7.3655,7.3655,2300
1705069920,2024-01-12T09:32:00.000-05:00,7.37,7.37,7.35,7.3525,1760
1705069980,2024-01-12T09:33:00.000-05:00,7.34,7.34,7.33,7.33,347
1705070040,2024-01-12T09:34:00.000-05:00,7.32,7.32,7.32,7.32,337
1705070100,2024-01-12T09:35:00.000-05:00,7.33,7.35,7.33,7.34,3455
1705070160,2024-01-12T09:36:00.000-05:00,7.35,7.39,7.35,7.39,1785
1705070220,2024-01-12T09:37:00.000-05:00,7.4,7.4,7.39,7.39,337
1705070280,2024-01-12T09:38:00.000-05:00,7.37,7.37,7.37,7.37,450
1705070340,2024-01-12T09:39:00.000-05:00,7.35,7.35,7.345,7.345,1314
1705070400,2024-01-12T09:40:00.000-05:00,7.36,7.36,7.36,7.36,661
1705070460,2024-01-12T09:41:00.000-05:00,7.37,7.37,7.37,7.37,1057
1705070520,2024-01-12T09:42:00.000-05:00,7.36,7.36,7.35,7.35,4914
1705070640,2024-01-12T09:44:00.000-05:00,7.36,7.365,7.36,7.365,1133
1705070700,2024-01-12T09:45:00.000-05:00,7.37,7.37,7.37,7.37,361
1705070760,2024-01-12T09:46:00.000-05:00,7.38,7.4,7.38,7.4,1587
1705070820,2024-01-12T09:47:00.000-05:00,7.39,7.41,7.39,7.41,1158
1705070880,2024-01-12T09:48:00.000-05:00,7.42,7.425,7.42,7.42,1153
1705070940,2024-01-12T09:49:00.000-05:00,7.4055,7.4055,7.405,7.405,753
1705071000,2024-01-12T09:50:00.000-05:00,7.4,7.4,7.4,7.4,3761
1705071060,2024-01-12T09:51:00.000-05:00,7.405,7.41,7.405,7.41,531
1705071120,2024-01-12T09:52:00.000-05:00,7.42,7.435,7.42,7.435,1516
1705071180,2024-01-12T09:53:00.000-05:00,7.435,7.435,7.42,7.42,1539
1705071240,2024-01-12T09:54:00.000-05:00,7.42,7.42,7.42,7.42,298
1705071300,2024-01-12T09:55:00.000-05:00,7.415,7.415,7.41,7.415,1394
1705071420,2024-01-12T09:57:00.000-05:00,7.405,7.41,7.395,7.395,3515
1705071600,2024-01-12T10:00:00.000-05:00,7.365,7.365,7.365,7.365,767
1705071720,2024-01-12T10:02:00.000-05:00,7.34,7.34,7.33,7.33,510
1705071780,2024-01-12T10:03:00.000-05:00,7.32,7.32,7.32,7.32,137
1705071840,2024-01-12T10:04:00.000-05:00,7.32,7.33,7.32,7.33,818
1705071960,2024-01-12T10:06:00.000-05:00,7.34,7.34,7.34,7.34,243
1705072020,2024-01-12T10:07:00.000-05:00,7.35,7.35,7.35,7.35,317
1705072080,2024-01-12T10:08:00.000-05:00,7.36,7.36,7.345,7.345,16549
1705072140,2024-01-12T10:09:00.000-05:00,7.345,7.355,7.345,7.355,592
1705072200,2024-01-12T10:10:00.000-05:00,7.34,7.34,7.34,7.34,262
1705072260,2024-01-12T10:11:00.000-05:00,7.34,7.34,7.34,7.34,227
1705072320,2024-01-12T10:12:00.000-05:00,7.33,7.33,7.31,7.315,1936
1705072440,2024-01-12T10:14:00.000-05:00,7.325,7.325,7.325,7.325,1979
1705072620,2024-01-12T10:17:00.000-05:00,7.31,7.31,7.3,7.3,391
1705072680,2024-01-12T10:18:00.000-05:00,7.3,7.3,7.295,7.295,1135
1705072740,2024-01-12T10:19:00.000-05:00,7.29,7.29,7.29,7.29,181
1705072860,2024-01-12T10:21:00.000-05:00,7.3,7.3,7.3,7.3,752
1705072920,2024-01-12T10:22:00.000-05:00,7.3,7.3,7.3,7.3,340
1705073040,2024-01-12T10:24:00.000-05:00,7.305,7.305,7.305,7.305,688
1705073100,2024-01-12T10:25:00.000-05:00,7.3099,7.3099,7.3099,7.3099,328
1705073160,2024-01-12T10:26:00.000-05:00,7.3,7.3,7.3,7.3,886
1705073220,2024-01-12T10:27:00.000-05:00,7.29,7.29,7.285,7.285,772
1705073280,2024-01-12T10:28:00.000-05:00,7.28,7.2807,7.28,7.2807,327
1705073340,2024-01-12T10:29:00.000-05:00,7.285,7.285,7.285,7.285,470
1705073400,2024-01-12T10:30:00.000-05:00,7.29,7.295,7.285,7.29,1323
1705073520,2024-01-12T10:32:00.000-05:00,7.3,7.3,7.3,7.3,1223
1705073580,2024-01-12T10:33:00.000-05:00,7.3,7.3,7.295,7.3,1429
1705073760,2024-01-12T10:36:00.000-05:00,7.29,7.29,7.275,7.275,915
1705073820,2024-01-12T10:37:00.000-05:00,7.28,7.285,7.28,7.28,10449
1705073940,2024-01-12T10:39:00.000-05:00,7.28,7.285,7.28,7.28,630
1705074000,2024-01-12T10:40:00.000-05:00,7.29,7.29,7.285,7.285,677
1705074060,2024-01-12T10:41:00.000-05:00,7.285,7.285,7.285,7.285,210
1705074120,2024-01-12T10:42:00.000-05:00,7.28,7.28,7.265,7.265,5941
1705074180,2024-01-12T10:43:00.000-05:00,7.27,7.27,7.26,7.26,272
1705074240,2024-01-12T10:44:00.000-05:00,7.27,7.27,7.27,7.27,348
1705074300,2024-01-12T10:45:00.000-05:00,7.27,7.28,7.26,7.28,9420
1705074360,2024-01-12T10:46:00.000-05:00,7.28,7.29,7.28,7.285,2361
1705074420,2024-01-12T10:47:00.000-05:00,7.29,7.29,7.29,7.29,265
1705074480,2024-01-12T10:48:00.000-05:00,7.28,7.28,7.275,7.28,3565
1705074540,2024-01-12T10:49:00.000-05:00,7.28,7.28,7.28,7.28,120
1705074600,2024-01-12T10:50:00.000-05:00,7.285,7.285,7.28,7.28,252
1705074660,2024-01-12T10:51:00.000-05:00,7.29,7.29,7.29,7.29,2485
1705074720,2024-01-12T10:52:00.000-05:00,7.285,7.285,7.275,7.28,1538
1705074780,2024-01-12T10:53:00.000-05:00,7.28,7.28,7.275,7.28,575
1705074840,2024-01-12T10:54:00.000-05:00,7.27,7.27,7.27,7.27,156
1705074900,2024-01-12T10:55:00.000-05:00,7.27,7.275,7.265,7.275,1684
1705075020,2024-01-12T10:57:00.000-05:00,7.27,7.27,7.26,7.26,573
1705075080,2024-01-12T10:58:00.000-05:00,7.26,7.26,7.255,7.255,594
1705075140,2024-01-12T10:59:00.000-05:00,7.255,7.255,7.255,7.255,148
1705075200,2024-01-12T11:00:00.000-05:00,7.26,7.26,7.26,7.26,1426
1705075260,2024-01-12T11:01:00.000-05:00,7.27,7.27,7.27,7.27,284
1705075380,2024-01-12T11:03:00.000-05:00,7.275,7.28,7.275,7.28,825
1705075500,2024-01-12T11:05:00.000-05:00,7.28,7.28,7.28,7.28,939
1705075560,2024-01-12T11:06:00.000-05:00,7.275,7.275,7.275,7.275,150
1705075620,2024-01-12T11:07:00.000-05:00,7.28,7.28,7.28,7.28,1218
1705075800,2024-01-12T11:10:00.000-05:00,7.28,7.285,7.28,7.28,478
1705075860,2024-01-12T11:11:00.000-05:00,7.27,7.27,7.265,7.265,462
1705075920,2024-01-12T11:12:00.000-05:00,7.26,7.26,7.26,7.26,1011
1705076100,2024-01-12T11:15:00.000-05:00,7.25,7.25,7.235,7.245,3140
1705076160,2024-01-12T11:16:00.000-05:00,7.25,7.25,7.25,7.25,648
1705076340,2024-01-12T11:19:00.000-05:00,7.26,7.26,7.26,7.26,1061
1705076400,2024-01-12T11:20:00.000-05:00,7.25,7.25,7.245,7.245,548
1705076460,2024-01-12T11:21:00.000-05:00,7.25,7.25,7.25,7.25,330
1705076520,2024-01-12T11:22:00.000-05:00,7.26,7.26,7.26,7.26,343
1705076580,2024-01-12T11:23:00.000-05:00,7.26,7.26,7.26,7.26,416
1705076640,2024-01-12T11:24:00.000-05:00,7.27,7.27,7.27,7.27,345
1705076700,2024-01-12T11:25:00.000-05:00,7.28,7.285,7.28,7.285,310
1705076760,2024-01-12T11:26:00.000-05:00,7.27,7.27,7.27,7.27,184
1705076820,2024-01-12T11:27:00.000-05:00,7.28,7.28,7.28,7.28,126
1705076940,2024-01-12T11:29:00.000-05:00,7.28,7.28,7.28,7.28,100
1705077000,2024-01-12T11:30:00.000-05:00,7.285,7.29,7.285,7.29,682
1705077060,2024-01-12T11:31:00.000-05:00,7.29,7.29,7.29,7.29,855
1705077240,2024-01-12T11:34:00.000-05:00,7.28,7.28,7.28,7.28,676
1705077360,2024-01-12T11:36:00.000-05:00,7.28,7.28,7.28,7.28,236
1705077420,2024-01-12T11:37:00.000-05:00,7.27,7.27,7.255,7.255,1429
1705077480,2024-01-12T11:38:00.000-05:00,7.26,7.26,7.26,7.26,412
1705077540,2024-01-12T11:39:00.000-05:00,7.26,7.2698,7.26,7.2698,3458
1705077660,2024-01-12T11:41:00.000-05:00,7.265,7.27,7.265,7.27,1973
1705077720,2024-01-12T11:42:00.000-05:00,7.275,7.275,7.275,7.275,266
1705077780,2024-01-12T11:43:00.000-05:00,7.28,7.28,7.28,7.28,1353
1705077900,2024-01-12T11:45:00.000-05:00,7.28,7.28,7.28,7.28,100
1705078080,2024-01-12T11:48:00.000-05:00,7.28,7.28,7.28,7.28,602
1705078140,2024-01-12T11:49:00.000-05:00,7.27,7.27,7.265,7.265,539
1705078260,2024-01-12T11:51:00.000-05:00,7.27,7.27,7.27,7.27,828
1705078320,2024-01-12T11:52:00.000-05:00,7.27,7.27,7.265,7.27,722
1705078440,2024-01-12T11:54:00.000-05:00,7.27,7.27,7.27,7.27,130
1705078620,2024-01-12T11:57:00.000-05:00,7.27,7.27,7.27,7.27,137
1705078680,2024-01-12T11:58:00.000-05:00,7.27,7.27,7.27,7.27,542
1705078740,2024-01-12T11:59:00.000-05:00,7.27,7.27,7.27,7.27,562
1705078800,2024-01-12T12:00:00.000-05:00,7.27,7.27,7.27,7.27,160
1705078980,2024-01-12T12:03:00.000-05:00,7.265,7.265,7.265,7.265,555
1705079040,2024-01-12T12:04:00.000-05:00,7.265,7.265,7.26,7.26,340
1705079100,2024-01-12T12:05:00.000-05:00,7.26,7.26,7.255,7.255,927
1705079160,2024-01-12T12:06:00.000-05:00,7.26,7.26,7.26,7.26,172
1705079220,2024-01-12T12:07:00.000-05:00,7.26,7.26,7.26,7.26,219
1705079340,2024-01-12T12:09:00.000-05:00,7.25,7.25,7.25,7.25,573
1705079400,2024-01-12T12:10:00.000-05:00,7.25,7.255,7.25,7.255,896
1705079520,2024-01-12T12:12:00.000-05:00,7.26,7.265,7.26,7.265,317
1705079580,2024-01-12T12:13:00.000-05:00,7.265,7.265,7.265,7.265,316
1705079760,2024-01-12T12:16:00.000-05:00,7.27,7.27,7.27,7.27,391
1705079820,2024-01-12T12:17:00.000-05:00,7.27,7.27,7.265,7.265,1454
1705079940,2024-01-12T12:19:00.000-05:00,7.275,7.275,7.275,7.275,160
1705080120,2024-01-12T12:22:00.000-05:00,7.28,7.28,7.28,7.28,2113
1705080180,2024-01-12T12:23:00.000-05:00,7.28,7.28,7.28,7.28,779
1705080240,2024-01-12T12:24:00.000-05:00,7.2745,7.2745,7.2745,7.2745,2061
1705080300,2024-01-12T12:25:00.000-05:00,7.27,7.27,7.265,7.265,1264
1705080480,2024-01-12T12:28:00.000-05:00,7.265,7.265,7.265,7.265,120
1705080540,2024-01-12T12:29:00.000-05:00,7.27,7.275,7.27,7.275,755
1705080600,2024-01-12T12:30:00.000-05:00,7.28,7.28,7.28,7.28,120
1705080660,2024-01-12T12:31:00.000-05:00,7.28,7.28,7.28,7.28,134
1705080720,2024-01-12T12:32:00.000-05:00,7.28,7.28,7.275,7.275,1308
1705080780,2024-01-12T12:33:00.000-05:00,7.27,7.27,7.27,7.27,110
1705080900,2024-01-12T12:35:00.000-05:00,7.27,7.27,7.27,7.27,1066
1705080960,2024-01-12T12:36:00.000-05:00,7.27,7.27,7.27,7.27,891
1705081020,2024-01-12T12:37:00.000-05:00,7.27,7.27,7.265,7.265,770
1705081320,2024-01-12T12:42:00.000-05:00,7.265,7.265,7.265,7.265,515
1705081380,2024-01-12T12:43:00.000-05:00,7.27,7.27,7.27,7.27,329
1705081440,2024-01-12T12:44:00.000-05:00,7.27,7.275,7.27,7.275,1041
1705081500,2024-01-12T12:45:00.000-05:00,7.275,7.275,7.275,7.275,122
1705081620,2024-01-12T12:47:00.000-05:00,7.27,7.27,7.26,7.265,1320
1705081680,2024-01-12T12:48:00.000-05:00,7.26,7.26,7.26,7.26,220
1705081740,2024-01-12T12:49:00.000-05:00,7.27,7.27,7.27,7.27,195
1705081860,2024-01-12T12:51:00.000-05:00,7.265,7.265,7.265,7.265,230
1705081920,2024-01-12T12:52:00.000-05:00,7.27,7.27,7.27,7.27,242
1705081980,2024-01-12T12:53:00.000-05:00,7.27,7.275,7.27,7.275,700
1705082100,2024-01-12T12:55:00.000-05:00,7.28,7.28,7.28,7.28,751
1705082160,2024-01-12T12:56:00.000-05:00,7.28,7.28,7.275,7.275,4235
1705082340,2024-01-12T12:59:00.000-05:00,7.28,7.28,7.275,7.275,224
1705082400,2024-01-12T13:00:00.000-05:00,7.2742,7.285,7.2742,7.28,1305
1705082700,2024-01-12T13:05:00.000-05:00,7.29,7.295,7.29,7.295,1307
1705082760,2024-01-12T13:06:00.000-05:00,7.295,7.3,7.295,7.3,330
1705082820,2024-01-12T13:07:00.000-05:00,7.295,7.295,7.295,7.295,192
1705082880,2024-01-12T13:08:00.000-05:00,7.295,7.295,7.29,7.29,630
1705082940,2024-01-12T13:09:00.000-05:00,7.29,7.29,7.29,7.29,200
1705083000,2024-01-12T13:10:00.000-05:00,7.295,7.295,7.295,7.295,128
1705083060,2024-01-12T13:11:00.000-05:00,7.295,7.295,7.295,7.295,120
1705083120,2024-01-12T13:12:00.000-05:00,7.295,7.295,7.295,7.295,116
1705083180,2024-01-12T13:13:00.000-05:00,7.29,7.29,7.29,7.29,3679
1705083240,2024-01-12T13:14:00.000-05:00,7.285,7.285,7.285,7.285,463
1705083300,2024-01-12T13:15:00.000-05:00,7.2813,7.2813,7.275,7.275,2151
1705083360,2024-01-12T13:16:00.000-05:00,7.275,7.275,7.275,7.275,230
1705083420,2024-01-12T13:17:00.000-05:00,7.28,7.28,7.28,7.28,2184
1705083480,2024-01-12T13:18:00.000-05:00,7.285,7.285,7.285,7.285,117
1705083600,2024-01-12T13:20:00.000-05:00,7.285,7.285,7.28,7.28,222
1705083660,2024-01-12T13:21:00.000-05:00,7.28,7.28,7.27,7.275,3559
1705083720,2024-01-12T13:22:00.000-05:00,7.28,7.28,7.28,7.28,555
1705083840,2024-01-12T13:24:00.000-05:00,7.28,7.285,7.28,7.285,301
1705083960,2024-01-12T13:26:00.000-05:00,7.285,7.285,7.285,7.285,360
1705084020,2024-01-12T13:27:00.000-05:00,7.29,7.29,7.29,7.29,228
1705084080,2024-01-12T13:28:00.000-05:00,7.29,7.295,7.29,7.29,544
1705084260,2024-01-12T13:31:00.000-05:00,7.295,7.295,7.295,7.295,299
1705084440,2024-01-12T13:34:00.000-05:00,7.29,7.29,7.29,7.29,107
1705084500,2024-01-12T13:35:00.000-05:00,7.295,7.295,7.285,7.285,1553
1705084560,2024-01-12T13:36:00.000-05:00,7.29,7.29,7.285,7.29,3710
1705084680,2024-01-12T13:38:00.000-05:00,7.295,7.295,7.295,7.295,287
1705084740,2024-01-12T13:39:00.000-05:00,7.295,7.295,7.295,7.295,121
1705084800,2024-01-12T13:40:00.000-05:00,7.3,7.3,7.295,7.295,322
1705084860,2024-01-12T13:41:00.000-05:00,7.3,7.3,7.3,7.3,210
1705084920,2024-01-12T13:42:00.000-05:00,7.295,7.295,7.295,7.295,220
1705085040,2024-01-12T13:44:00.000-05:00,7.295,7.295,7.295,7.295,309
1705085160,2024-01-12T13:46:00.000-05:00,7.295,7.295,7.295,7.295,321
1705085280,2024-01-12T13:48:00.000-05:00,7.2999,7.2999,7.29,7.2917,525
1705085340,2024-01-12T13:49:00.000-05:00,7.295,7.295,7.295,7.295,241
1705085520,2024-01-12T13:52:00.000-05:00,7.295,7.295,7.295,7.295,400
1705085580,2024-01-12T13:53:00.000-05:00,7.29,7.29,7.29,7.29,2224
1705085640,2024-01-12T13:54:00.000-05:00,7.285,7.285,7.27,7.27,13079
1705085700,2024-01-12T13:55:00.000-05:00,7.27,7.29,7.27,7.285,3589
1705085820,2024-01-12T13:57:00.000-05:00,7.29,7.295,7.29,7.295,2922
1705085880,2024-01-12T13:58:00.000-05:00,7.3,7.3,7.295,7.3,3197
1705085940,2024-01-12T13:59:00.000-05:00,7.31,7.31,7.31,7.31,146
1705086000,2024-01-12T14:00:00.000-05:00,7.305,7.309,7.305,7.305,934
1705086060,2024-01-12T14:01:00.000-05:00,7.31,7.31,7.31,7.31,223
1705086120,2024-01-12T14:02:00.000-05:00,7.31,7.31,7.31,7.31,2248
1705086180,2024-01-12T14:03:00.000-05:00,7.31,7.31,7.31,7.31,200
1705086240,2024-01-12T14:04:00.000-05:00,7.315,7.32,7.315,7.32,1430
1705086300,2024-01-12T14:05:00.000-05:00,7.32,7.325,7.315,7.32,9893
1705086360,2024-01-12T14:06:00.000-05:00,7.319,7.32,7.319,7.32,2856
1705086420,2024-01-12T14:07:00.000-05:00,7.32,7.325,7.32,7.32,1065
1705086480,2024-01-12T14:08:00.000-05:00,7.325,7.325,7.325,7.325,119
1705086540,2024-01-12T14:09:00.000-05:00,7.32,7.325,7.32,7.325,5869
1705086660,2024-01-12T14:11:00.000-05:00,7.325,7.325,7.325,7.325,1150
1705086720,2024-01-12T14:12:00.000-05:00,7.325,7.33,7.325,7.33,2365
1705086780,2024-01-12T14:13:00.000-05:00,7.335,7.335,7.33,7.33,300
1705086900,2024-01-12T14:15:00.000-05:00,7.335,7.335,7.335,7.335,729
1705086960,2024-01-12T14:16:00.000-05:00,7.335,7.335,7.335,7.335,821
1705087020,2024-01-12T14:17:00.000-05:00,7.335,7.335,7.335,7.335,141
1705087080,2024-01-12T14:18:00.000-05:00,7.34,7.34,7.335,7.335,540
1705087200,2024-01-12T14:20:00.000-05:00,7.335,7.335,7.335,7.335,539
1705087260,2024-01-12T14:21:00.000-05:00,7.335,7.335,7.335,7.335,1578
1705087320,2024-01-12T14:22:00.000-05:00,7.33,7.33,7.32,7.32,5222
1705087380,2024-01-12T14:23:00.000-05:00,7.32,7.325,7.32,7.325,1050
1705087440,2024-01-12T14:24:00.000-05:00,7.325,7.325,7.325,7.325,269
1705087500,2024-01-12T14:25:00.000-05:00,7.32,7.325,7.32,7.325,876
1705087560,2024-01-12T14:26:00.000-05:00,7.33,7.33,7.33,7.33,138
1705087680,2024-01-12T14:28:00.000-05:00,7.32,7.33,7.32,7.33,531
1705087740,2024-01-12T14:29:00.000-05:00,7.325,7.33,7.325,7.33,628
1705087800,2024-01-12T14:30:00.000-05:00,7.3225,7.33,7.3225,7.33,547
1705087860,2024-01-12T14:31:00.000-05:00,7.325,7.325,7.325,7.325,436
1705087920,2024-01-12T14:32:00.000-05:00,7.325,7.325,7.325,7.325,160
1705087980,2024-01-12T14:33:00.000-05:00,7.32,7.32,7.315,7.315,4929
1705088040,2024-01-12T14:34:00.000-05:00,7.31,7.315,7.31,7.315,546
1705088100,2024-01-12T14:35:00.000-05:00,7.31,7.31,7.31,7.31,202
1705088160,2024-01-12T14:36:00.000-05:00,7.31,7.31,7.305,7.3079,1584
1705088220,2024-01-12T14:37:00.000-05:00,7.305,7.305,7.305,7.305,250
1705088280,2024-01-12T14:38:00.000-05:00,7.305,7.305,7.305,7.305,507
1705088340,2024-01-12T14:39:00.000-05:00,7.31,7.31,7.31,7.31,3089
1705088400,2024-01-12T14:40:00.000-05:00,7.31,7.31,7.31,7.31,3651
1705088460,2024-01-12T14:41:00.000-05:00,7.305,7.305,7.305,7.305,1175
1705088520,2024-01-12T14:42:00.000-05:00,7.3,7.3,7.295,7.295,2597
1705088580,2024-01-12T14:43:00.000-05:00,7.295,7.295,7.295,7.295,272
1705088640,2024-01-12T14:44:00.000-05:00,7.3,7.3,7.299,7.3,5350
1705088760,2024-01-12T14:46:00.000-05:00,7.31,7.31,7.305,7.31,3781
1705088820,2024-01-12T14:47:00.000-05:00,7.31,7.31,7.31,7.31,932
1705088880,2024-01-12T14:48:00.000-05:00,7.305,7.31,7.305,7.31,2469
1705088940,2024-01-12T14:49:00.000-05:00,7.315,7.32,7.315,7.315,1288
1705089000,2024-01-12T14:50:00.000-05:00,7.32,7.33,7.32,7.33,3763
1705089060,2024-01-12T14:51:00.000-05:00,7.32,7.32,7.32,7.32,230
1705089120,2024-01-12T14:52:00.000-05:00,7.33,7.33,7.33,7.33,526
1705089180,2024-01-12T14:53:00.000-05:00,7.325,7.33,7.325,7.325,2214
1705089240,2024-01-12T14:54:00.000-05:00,7.33,7.33,7.33,7.33,3026
1705089300,2024-01-12T14:55:00.000-05:00,7.33,7.33,7.32,7.32,4795
1705089360,2024-01-12T14:56:00.000-05:00,7.315,7.315,7.315,7.315,297
1705089480,2024-01-12T14:58:00.000-05:00,7.315,7.315,7.315,7.315,270
1705089720,2024-01-12T15:02:00.000-05:00,7.315,7.32,7.315,7.32,940
1705089780,2024-01-12T15:03:00.000-05:00,7.32,7.32,7.32,7.32,2609
1705089840,2024-01-12T15:04:00.000-05:00,7.32,7.32,7.315,7.315,5291
1705089900,2024-01-12T15:05:00.000-05:00,7.32,7.32,7.32,7.32,5797
1705089960,2024-01-12T15:06:00.000-05:00,7.32,7.32,7.315,7.32,2736
1705090020,2024-01-12T15:07:00.000-05:00,7.325,7.325,7.325,7.325,200
1705090080,2024-01-12T15:08:00.000-05:00,7.325,7.325,7.3212,7.3212,1304
1705090140,2024-01-12T15:09:00.000-05:00,7.32,7.32,7.315,7.315,3846
1705090200,2024-01-12T15:10:00.000-05:00,7.315,7.315,7.315,7.315,326
1705090260,2024-01-12T15:11:00.000-05:00,7.32,7.32,7.32,7.32,2612
1705090320,2024-01-12T15:12:00.000-05:00,7.32,7.32,7.315,7.315,600
1705090380,2024-01-12T15:13:00.000-05:00,7.315,7.315,7.315,7.315,1202
1705090440,2024-01-12T15:14:00.000-05:00,7.31,7.31,7.31,7.31,2262
1705090500,2024-01-12T15:15:00.000-05:00,7.31,7.31,7.31,7.31,584
1705090560,2024-01-12T15:16:00.000-05:00,7.31,7.31,7.309,7.31,3054
1705090620,2024-01-12T15:17:00.000-05:00,7.315,7.315,7.305,7.305,963
1705090680,2024-01-12T15:18:00.000-05:00,7.305,7.305,7.3025,7.3025,540
1705090740,2024-01-12T15:19:00.000-05:00,7.309,7.31,7.309,7.31,959
1705090800,2024-01-12T15:20:00.000-05:00,7.31,7.31,7.305,7.305,3872
1705090920,2024-01-12T15:22:00.000-05:00,7.3,7.305,7.3,7.305,441
1705090980,2024-01-12T15:23:00.000-05:00,7.3,7.3,7.3,7.3,2813
1705091040,2024-01-12T15:24:00.000-05:00,7.3,7.3,7.3,7.3,1864
1705091220,2024-01-12T15:27:00.000-05:00,7.31,7.32,7.31,7.315,6213
1705091280,2024-01-12T15:28:00.000-05:00,7.315,7.315,7.315,7.315,120
1705091340,2024-01-12T15:29:00.000-05:00,7.32,7.32,7.32,7.32,1621
1705091400,2024-01-12T15:30:00.000-05:00,7.32,7.32,7.32,7.32,660
1705091460,2024-01-12T15:31:00.000-05:00,7.32,7.32,7.315,7.315,8437
1705091580,2024-01-12T15:33:00.000-05:00,7.32,7.32,7.305,7.305,3242
1705091700,2024-01-12T15:35:00.000-05:00,7.305,7.305,7.305,7.305,518
1705091760,2024-01-12T15:36:00.000-05:00,7.305,7.305,7.305,7.305,270
1705091820,2024-01-12T15:37:00.000-05:00,7.305,7.305,7.305,7.305,1718
1705091880,2024-01-12T15:38:00.000-05:00,7.305,7.31,7.3025,7.305,1301
1705091940,2024-01-12T15:39:00.000-05:00,7.31,7.31,7.3,7.3,590
1705092000,2024-01-12T15:40:00.000-05:00,7.305,7.305,7.3,7.3,430
1705092060,2024-01-12T15:41:00.000-05:00,7.305,7.305,7.305,7.305,921
1705092120,2024-01-12T15:42:00.000-05:00,7.305,7.305,7.3,7.305,1523
1705092240,2024-01-12T15:44:00.000-05:00,7.3,7.31,7.3,7.3025,2502
1705092300,2024-01-12T15:45:00.000-05:00,7.305,7.305,7.3,7.305,2196
1705092360,2024-01-12T15:46:00.000-05:00,7.305,7.31,7.3,7.305,1396
1705092420,2024-01-12T15:47:00.000-05:00,7.305,7.31,7.3,7.305,2413
1705092480,2024-01-12T15:48:00.000-05:00,7.305,7.32,7.305,7.315,9072
1705092540,2024-01-12T15:49:00.000-05:00,7.31,7.32,7.31,7.32,1852
1705092600,2024-01-12T15:50:00.000-05:00,7.32,7.325,7.32,7.325,4776
1705092660,2024-01-12T15:51:00.000-05:00,7.32,7.325,7.32,7.32,1565
1705092720,2024-01-12T15:52:00.000-05:00,7.325,7.33,7.325,7.325,3375
1705092780,2024-01-12T15:53:00.000-05:00,7.33,7.33,7.325,7.325,2283
1705092840,2024-01-12T15:54:00.000-05:00,7.32,7.325,7.32,7.32,2390
1705092900,2024-01-12T15:55:00.000-05:00,7.3275,7.3275,7.32,7.32,2505
1705092960,2024-01-12T15:56:00.000-05:00,7.325,7.3275,7.32,7.32,5947
1705093020,2024-01-12T15:57:00.000-05:00,7.32,7.325,7.31,7.315,10413
1705093080,2024-01-12T15:58:00.000-05:00,7.31,7.315,7.31,7.31,4237
1705093140,2024-01-12T15:59:00.000-05:00,7.31,7.3175,7.31,7.31,11982
1705093200,2024-01-12T16:00:00.000-05:00,7.31,7.31,7.31,7.31,69713
1705407120,2024-01-16T07:12:00.000-05:00,7.2,7.2,7.2,7.2,501
1705415400,2024-01-16T09:30:00.000-05:00,7.23,7.25,7.23,7.25,5747
1705415460,2024-01-16T09:31:00.000-05:00,7.24,7.24,7.2,7.2,3589
1705415520,2024-01-16T09:32:00.000-05:00,7.18,7.22,7.18,7.215,4236
1705415580,2024-01-16T09:33:00.000-05:00,7.2,7.205,7.2,7.2,912
1705415700,2024-01-16T09:35:00.000-05:00,7.2,7.2,7.19,7.2,550
1705415760,2024-01-16T09:36:00.000-05:00,7.17,7.18,7.17,7.18,542
1705415820,2024-01-16T09:37:00.000-05:00,7.195,7.2,7.19,7.19,2013
1705415880,2024-01-16T09:38:00.000-05:00,7.18,7.18,7.18,7.18,839
1705415940,2024-01-16T09:39:00.000-05:00,7.16,7.16,7.16,7.16,808
1705416000,2024-01-16T09:40:00.000-05:00,7.18,7.18,7.18,7.18,350
1705416060,2024-01-16T09:41:00.000-05:00,7.18,7.19,7.18,7.185,1338
1705416120,2024-01-16T09:42:00.000-05:00,7.2,7.2,7.19,7.19,1082
1705416180,2024-01-16T09:43:00.000-05:00,7.18,7.18,7.18,7.18,246
1705416240,2024-01-16T09:44:00.000-05:00,7.19,7.19,7.18,7.18,534
1705416300,2024-01-16T09:45:00.000-05:00,7.17,7.17,7.165,7.165,346
1705416420,2024-01-16T09:47:00.000-05:00,7.18,7.18,7.15,7.16,763
1705416480,2024-01-16T09:48:00.000-05:00,7.16,7.1681,7.16,7.165,2788
1705416540,2024-01-16T09:49:00.000-05:00,7.165,7.165,7.15,7.15,679
1705416600,2024-01-16T09:50:00.000-05:00,7.15,7.155,7.15,7.15,5715
1705416660,2024-01-16T09:51:00.000-05:00,7.15,7.16,7.15,7.16,602
1705416720,2024-01-16T09:52:00.000-05:00,7.17,7.17,7.17,7.17,500
1705416780,2024-01-16T09:53:00.000-05:00,7.17,7.17,7.145,7.145,1505
1705416840,2024-01-16T09:54:00.000-05:00,7.145,7.145,7.14,7.14,1568
1705416900,2024-01-16T09:55:00.000-05:00,7.14,7.14,7.13,7.14,1015
1705416960,2024-01-16T09:56:00.000-05:00,7.13,7.13,7.13,7.13,162
1705417020,2024-01-16T09:57:00.000-05:00,7.12,7.12,7.115,7.115,794
1705417080,2024-01-16T09:58:00.000-05:00,7.12,7.12,7.12,7.12,601
1705417200,2024-01-16T10:00:00.000-05:00,7.15,7.16,7.15,7.155,452
1705417260,2024-01-16T10:01:00.000-05:00,7.17,7.17,7.17,7.17,256
1705417320,2024-01-16T10:02:00.000-05:00,7.16,7.17,7.16,7.17,1881
1705417380,2024-01-16T10:03:00.000-05:00,7.16,7.16,7.15,7.15,462
1705417440,2024-01-16T10:04:00.000-05:00,7.15,7.15,7.15,7.15,1118
1705417500,2024-01-16T10:05:00.000-05:00,7.1589,7.16,7.1589,7.16,776
1705417560,2024-01-16T10:06:00.000-05:00,7.16,7.16,7.15,7.15,372
1705417620,2024-01-16T10:07:00.000-05:00,7.14,7.14,7.135,7.135,600
1705417680,2024-01-16T10:08:00.000-05:00,7.13,7.13,7.13,7.13,1700
1705417740,2024-01-16T10:09:00.000-05:00,7.14,7.14,7.14,7.14,975
1705417920,2024-01-16T10:12:00.000-05:00,7.15,7.155,7.15,7.155,345
1705417980,2024-01-16T10:13:00.000-05:00,7.16,7.16,7.16,7.16,215
1705418040,2024-01-16T10:14:00.000-05:00,7.16,7.16,7.16,7.16,790
1705418100,2024-01-16T10:15:00.000-05:00,7.16,7.17,7.16,7.17,1807
1705418160,2024-01-16T10:16:00.000-05:00,7.175,7.175,7.175,7.175,210
1705418220,2024-01-16T10:17:00.000-05:00,7.18,7.185,7.18,7.185,430
1705418280,2024-01-16T10:18:00.000-05:00,7.19,7.19,7.19,7.19,847
1705418400,2024-01-16T10:20:00.000-05:00,7.185,7.185,7.18,7.18,318
1705418580,2024-01-16T10:23:00.000-05:00,7.18,7.18,7.18,7.18,100
1705418640,2024-01-16T10:24:00.000-05:00,7.185,7.19,7.185,7.19,592
1705418700,2024-01-16T10:25:00.000-05:00,7.1967,7.1967,7.1967,7.1967,764
1705418760,2024-01-16T10:26:00.000-05:00,7.19,7.19,7.19,7.19,938
1705418820,2024-01-16T10:27:00.000-05:00,7.19,7.19,7.19,7.19,222
1705418880,2024-01-16T10:28:00.000-05:00,7.19,7.19,7.19,7.19,717
1705418940,2024-01-16T10:29:00.000-05:00,7.2,7.2,7.2,7.2,103
1705419120,2024-01-16T10:32:00.000-05:00,7.19,7.19,7.19,7.19,762
1705419180,2024-01-16T10:33:00.000-05:00,7.19,7.19,7.19,7.19,115
1705419300,2024-01-16T10:35:00.000-05:00,7.18,7.18,7.175,7.175,670
1705419360,2024-01-16T10:36:00.000-05:00,7.175,7.175,7.175,7.175,117
1705419420,2024-01-16T10:37:00.000-05:00,7.17,7.17,7.17,7.17,576
1705419540,2024-01-16T10:39:00.000-05:00,7.18,7.18,7.18,7.18,941
1705419600,2024-01-16T10:40:00.000-05:00,7.185,7.19,7.185,7.19,416
1705419720,2024-01-16T10:42:00.000-05:00,7.2,7.2,7.2,7.2,178
1705419780,2024-01-16T10:43:00.000-05:00,7.2,7.205,7.2,7.205,2302
1705419840,2024-01-16T10:44:00.000-05:00,7.2,7.2,7.195,7.195,2579
1705419900,2024-01-16T10:45:00.000-05:00,7.195,7.195,7.195,7.195,113
1705419960,2024-01-16T10:46:00.000-05:00,7.195,7.195,7.195,7.195,100
1705420020,2024-01-16T10:47:00.000-05:00,7.2,7.2,7.2,7.2,130
1705420080,2024-01-16T10:48:00.000-05:00,7.2,7.205,7.2,7.205,3105
1705420140,2024-01-16T10:49:00.000-05:00,7.2,7.2,7.2,7.2,2000
1705420200,2024-01-16T10:50:00.000-05:00,7.2086,7.2086,7.2086,7.2086,779
1705420260,2024-01-16T10:51:00.000-05:00,7.2,7.21,7.195,7.21,1675
1705420380,2024-01-16T10:53:00.000-05:00,7.21,7.22,7.21,7.22,435
1705420440,2024-01-16T10:54:00.000-05:00,7.22,7.22,7.22,7.22,1323
1705420500,2024-01-16T10:55:00.000-05:00,7.23,7.23,7.23,7.23,411
1705420560,2024-01-16T10:56:00.000-05:00,7.23,7.23,7.23,7.23,2867
1705420620,2024-01-16T10:57:00.000-05:00,7.23,7.23,7.22,7.22,2795
1705420680,2024-01-16T10:58:00.000-05:00,7.225,7.225,7.225,7.225,210
1705420800,2024-01-16T11:00:00.000-05:00,7.225,7.225,7.19,7.19,5639
1705420860,2024-01-16T11:01:00.000-05:00,7.1906,7.1906,7.17,7.18,7687
1705420920,2024-01-16T11:02:00.000-05:00,7.1843,7.1843,7.1506,7.1506,1551
1705420980,2024-01-16T11:03:00.000-05:00,7.16,7.16,7.16,7.16,389
1705421040,2024-01-16T11:04:00.000-05:00,7.16,7.17,7.155,7.17,11886
1705421100,2024-01-16T11:05:00.000-05:00,7.17,7.18,7.17,7.18,947
1705421220,2024-01-16T11:07:00.000-05:00,7.18,7.18,7.165,7.165,2143
1705421280,2024-01-16T11:08:00.000-05:00,7.165,7.165,7.16,7.16,930
1705421340,2024-01-16T11:09:00.000-05:00,7.165,7.165,7.155,7.155,856
1705421400,2024-01-16T11:10:00.000-05:00,7.16,7.16,7.16,7.16,1612
1705421460,2024-01-16T11:11:00.000-05:00,7.16,7.18,7.16,7.18,757
1705421520,2024-01-16T11:12:00.000-05:00,7.18,7.18,7.17,7.17,1317
1705421640,2024-01-16T11:14:00.000-05:00,7.18,7.18,7.18,7.18,271
1705421760,2024-01-16T11:16:00.000-05:00,7.189,7.2,7.189,7.2,732
1705421940,2024-01-16T11:19:00.000-05:00,7.2,7.2,7.2,7.2,200
1705422000,2024-01-16T11:20:00.000-05:00,7.2,7.2,7.2,7.2,914
1705422060,2024-01-16T11:21:00.000-05:00,7.21,7.21,7.21,7.21,602
1705422120,2024-01-16T11:22:00.000-05:00,7.21,7.225,7.21,7.225,1044
1705422180,2024-01-16T11:23:00.000-05:00,7.22,7.225,7.22,7.225,323
1705422240,2024-01-16T11:24:00.000-05:00,7.22,7.22,7.22,7.22,2358
1705422300,2024-01-16T11:25:00.000-05:00,7.23,7.23,7.23,7.23,1930
1705422360,2024-01-16T11:26:00.000-05:00,7.225,7.23,7.225,7.23,1036
1705422420,2024-01-16T11:27:00.000-05:00,7.23,7.23,7.23,7.23,1100
1705422540,2024-01-16T11:29:00.000-05:00,7.23,7.23,7.22,7.22,1231
1705422600,2024-01-16T11:30:00.000-05:00,7.22,7.235,7.22,7.235,1232
1705422660,2024-01-16T11:31:00.000-05:00,7.235,7.235,7.235,7.235,550
1705422720,2024-01-16T11:32:00.000-05:00,7.24,7.24,7.24,7.24,3191
1705422780,2024-01-16T11:33:00.000-05:00,7.24,7.24,7.24,7.24,2202
1705422840,2024-01-16T11:34:00.000-05:00,7.24,7.24,7.24,7.24,238
1705422900,2024-01-16T11:35:00.000-05:00,7.24,7.24,7.24,7.24,687
1705423020,2024-01-16T11:37:00.000-05:00,7.24,7.24,7.24,7.24,942
1705423080,2024-01-16T11:38:00.000-05:00,7.24,7.24,7.24,7.24,527
1705423140,2024-01-16T11:39:00.000-05:00,7.24,7.245,7.24,7.245,706
1705423260,2024-01-16T11:41:00.000-05:00,7.24,7.24,7.24,7.24,1833
1705423320,2024-01-16T11:42:00.000-05:00,7.24,7.245,7.24,7.245,840
1705423380,2024-01-16T11:43:00.000-05:00,7.245,7.245,7.245,7.245,213
1705423440,2024-01-16T11:44:00.000-05:00,7.245,7.245,7.245,7.245,108
1705423500,2024-01-16T11:45:00.000-05:00,7.245,7.245,7.245,7.245,100
1705423560,2024-01-16T11:46:00.000-05:00,7.24,7.24,7.235,7.235,2569
1705423680,2024-01-16T11:48:00.000-05:00,7.24,7.245,7.24,7.245,301
1705423740,2024-01-16T11:49:00.000-05:00,7.245,7.245,7.24,7.24,429
1705423860,2024-01-16T11:51:00.000-05:00,7.245,7.25,7.245,7.25,301
1705423980,2024-01-16T11:53:00.000-05:00,7.25,7.25,7.25,7.25,4855
1705424040,2024-01-16T11:54:00.000-05:00,7.255,7.26,7.255,7.26,1150
1705424100,2024-01-16T11:55:00.000-05:00,7.26,7.265,7.26,7.265,564
1705424160,2024-01-16T11:56:00.000-05:00,7.27,7.27,7.27,7.27,640
1705424220,2024-01-16T11:57:00.000-05:00,7.27,7.27,7.27,7.27,138
1705424280,2024-01-16T11:58:00.000-05:00,7.26,7.265,7.26,7.26,3093
1705424340,2024-01-16T11:59:00.000-05:00,7.26,7.26,7.26,7.26,986
1705424400,2024-01-16T12:00:00.000-05:00,7.265,7.265,7.265,7.265,300
1705424520,2024-01-16T12:02:00.000-05:00,7.265,7.265,7.265,7.265,205
1705424700,2024-01-16T12:05:00.000-05:00,7.265,7.265,7.26,7.26,1933
1705424760,2024-01-16T12:06:00.000-05:00,7.255,7.255,7.25,7.25,1225
1705424820,2024-01-16T12:07:00.000-05:00,7.24,7.24,7.235,7.235,740
1705424880,2024-01-16T12:08:00.000-05:00,7.24,7.24,7.24,7.24,863
1705424940,2024-01-16T12:09:00.000-05:00,7.245,7.245,7.245,7.245,163
1705425060,2024-01-16T12:11:00.000-05:00,7.25,7.25,7.2475,7.2475,556
1705425120,2024-01-16T12:12:00.000-05:00,7.245,7.245,7.245,7.245,151
1705425180,2024-01-16T12:13:00.000-05:00,7.24,7.24,7.24,7.24,2257
1705425240,2024-01-16T12:14:00.000-05:00,7.25,7.25,7.24,7.24,1088
1705425360,2024-01-16T12:16:00.000-05:00,7.24,7.245,7.2394,7.245,4119
1705425420,2024-01-16T12:17:00.000-05:00,7.25,7.25,7.25,7.25,579
1705425480,2024-01-16T12:18:00.000-05:00,7.25,7.255,7.25,7.25,4358
1705425540,2024-01-16T12:19:00.000-05:00,7.25,7.25,7.25,7.25,171
1705425600,2024-01-16T12:20:00.000-05:00,7.245,7.245,7.245,7.245,446
1705425660,2024-01-16T12:21:00.000-05:00,7.25,7.25,7.25,7.25,137
1705425780,2024-01-16T12:23:00.000-05:00,7.25,7.25,7.25,7.25,300
1705425840,2024-01-16T12:24:00.000-05:00,7.25,7.26,7.25,7.26,2985
1705426020,2024-01-16T12:27:00.000-05:00,7.26,7.26,7.25,7.25,3853
1705426080,2024-01-16T12:28:00.000-05:00,7.24,7.24,7.23,7.235,1888
1705426140,2024-01-16T12:29:00.000-05:00,7.235,7.235,7.235,7.235,342
1705426200,2024-01-16T12:30:00.000-05:00,7.23,7.23,7.225,7.225,2708
1705426320,2024-01-16T12:32:00.000-05:00,7.2244,7.2244,7.2244,7.2244,141
1705426380,2024-01-16T12:33:00.000-05:00,7.22,7.225,7.22,7.225,1163
1705426440,2024-01-16T12:34:00.000-05:00,7.22,7.225,7.215,7.215,1584
1705426500,2024-01-16T12:35:00.000-05:00,7.22,7.225,7.22,7.225,1561
1705426620,2024-01-16T12:37:00.000-05:00,7.225,7.225,7.22,7.22,1971
1705426920,2024-01-16T12:42:00.000-05:00,7.22,7.22,7.22,7.22,112
1705426980,2024-01-16T12:43:00.000-05:00,7.22,7.22,7.22,7.22,1092
1705427040,2024-01-16T12:44:00.000-05:00,7.23,7.23,7.22,7.22,2735
1705427160,2024-01-16T12:46:00.000-05:00,7.22,7.22,7.22,7.22,1502
1705427220,2024-01-16T12:47:00.000-05:00,7.215,7.215,7.215,7.215,102
1705427280,2024-01-16T12:48:00.000-05:00,7.215,7.22,7.21,7.215,1474
1705427460,2024-01-16T12:51:00.000-05:00,7.22,7.225,7.22,7.22,4457
1705427580,2024-01-16T12:53:00.000-05:00,7.225,7.2275,7.225,7.2275,259
1705427700,2024-01-16T12:55:00.000-05:00,7.225,7.225,7.225,7.225,346
1705427760,2024-01-16T12:56:00.000-05:00,7.23,7.23,7.23,7.23,617
1705427820,2024-01-16T12:57:00.000-05:00,7.23,7.23,7.23,7.23,417
1705427880,2024-01-16T12:58:00.000-05:00,7.235,7.235,7.235,7.235,241
1705427940,2024-01-16T12:59:00.000-05:00,7.24,7.24,7.23,7.23,566
1705428000,2024-01-16T13:00:00.000-05:00,7.23,7.23,7.225,7.23,1962
1705428120,2024-01-16T13:02:00.000-05:00,7.23,7.23,7.22,7.22,1389
1705428180,2024-01-16T13:03:00.000-05:00,7.23,7.23,7.23,7.23,501
1705428300,2024-01-16T13:05:00.000-05:00,7.23,7.23,7.23,7.23,946
1705428360,2024-01-16T13:06:00.000-05:00,7.225,7.225,7.225,7.225,103
1705428420,2024-01-16T13:07:00.000-05:00,7.23,7.23,7.23,7.23,103
1705428600,2024-01-16T13:10:00.000-05:00,7.23,7.23,7.23,7.23,100
1705428660,2024-01-16T13:11:00.000-05:00,7.23,7.235,7.23,7.235,879
1705428720,2024-01-16T13:12:00.000-05:00,7.235,7.235,7.235,7.235,303
1705428780,2024-01-16T13:13:00.000-05:00,7.235,7.24,7.235,7.24,400
1705428960,2024-01-16T13:16:00.000-05:00,7.24,7.245,7.24,7.245,1493
1705429020,2024-01-16T13:17:00.000-05:00,7.245,7.25,7.245,7.25,1286
1705429080,2024-01-16T13:18:00.000-05:00,7.2509,7.255,7.2509,7.255,1162
1705429140,2024-01-16T13:19:00.000-05:00,7.25,7.25,7.25,7.25,2612
1705429200,2024-01-16T13:20:00.000-05:00,7.24,7.2401,7.235,7.235,2568
1705429260,2024-01-16T13:21:00.000-05:00,7.24,7.24,7.24,7.24,398
1705429320,2024-01-16T13:22:00.000-05:00,7.23,7.23,7.23,7.23,370
1705429560,2024-01-16T13:26:00.000-05:00,7.235,7.235,7.235,7.235,260
1705429680,2024-01-16T13:28:00.000-05:00,7.235,7.235,7.235,7.235,213
1705429740,2024-01-16T13:29:00.000-05:00,7.24,7.24,7.24,7.24,309
1705429800,2024-01-16T13:30:00.000-05:00,7.24,7.245,7.24,7.245,1195
1705429860,2024-01-16T13:31:00.000-05:00,7.2403,7.245,7.24,7.24,2895
1705429920,2024-01-16T13:32:00.000-05:00,7.2359,7.2359,7.2359,7.2359,1867
1705430220,2024-01-16T13:37:00.000-05:00,7.2308,7.2308,7.2308,7.2308,200
1705430280,2024-01-16T13:38:00.000-05:00,7.235,7.235,7.23,7.23,504
1705430340,2024-01-16T13:39:00.000-05:00,7.23,7.23,7.23,7.23,1472
1705430460,2024-01-16T13:41:00.000-05:00,7.225,7.225,7.225,7.225,426
1705430520,2024-01-16T13:42:00.000-05:00,7.22,7.22,7.22,7.22,810
1705430580,2024-01-16T13:43:00.000-05:00,7.21,7.215,7.21,7.2101,3555
1705430640,2024-01-16T13:44:00.000-05:00,7.2199,7.2199,7.2199,7.2199,911
1705430700,2024-01-16T13:45:00.000-05:00,7.215,7.215,7.215,7.215,131
1705430820,2024-01-16T13:47:00.000-05:00,7.215,7.215,7.215,7.215,478
1705430880,2024-01-16T13:48:00.000-05:00,7.21,7.21,7.21,7.21,153
1705430940,2024-01-16T13:49:00.000-05:00,7.21,7.21,7.21,7.21,200
1705431000,2024-01-16T13:50:00.000-05:00,7.21,7.21,7.21,7.21,100
1705431120,2024-01-16T13:52:00.000-05:00,7.215,7.2199,7.21,7.21,6492
1705431180,2024-01-16T13:53:00.000-05:00,7.21,7.21,7.21,7.21,1650
1705431240,2024-01-16T13:54:00.000-05:00,7.21,7.21,7.21,7.21,1567
1705431300,2024-01-16T13:55:00.000-05:00,7.215,7.215,7.21,7.21,602
1705431360,2024-01-16T13:56:00.000-05:00,7.21,7.21,7.21,7.21,2172
1705431420,2024-01-16T13:57:00.000-05:00,7.21,7.21,7.195,7.195,1175
1705431600,2024-01-16T14:00:00.000-05:00,7.195,7.195,7.195,7.195,376
1705431720,2024-01-16T14:02:00.000-05:00,7.19,7.19,7.19,7.19,1297
1705431780,2024-01-16T14:03:00.000-05:00,7.185,7.185,7.185,7.185,111
1705431960,2024-01-16T14:06:00.000-05:00,7.19,7.19,7.19,7.19,1320
1705432020,2024-01-16T14:07:00.000-05:00,7.19,7.205,7.19,7.195,4472
1705432080,2024-01-16T14:08:00.000-05:00,7.19,7.19,7.185,7.185,1377
1705432140,2024-01-16T14:09:00.000-05:00,7.19,7.19,7.185,7.185,804
1705432200,2024-01-16T14:10:00.000-05:00,7.185,7.185,7.18,7.18,319
1705432320,2024-01-16T14:12:00.000-05:00,7.18,7.18,7.175,7.175,1671
1705432380,2024-01-16T14:13:00.000-05:00,7.17,7.17,7.17,7.17,381
1705432500,2024-01-16T14:15:00.000-05:00,7.165,7.165,7.165,7.165,101
1705432560,2024-01-16T14:16:00.000-05:00,7.165,7.165,7.16,7.16,1181
1705432620,2024-01-16T14:17:00.000-05:00,7.155,7.155,7.155,7.155,146
1705432680,2024-01-16T14:18:00.000-05:00,7.155,7.155,7.155,7.155,202
1705432740,2024-01-16T14:19:00.000-05:00,7.15,7.15,7.14,7.14,1436
1705432800,2024-01-16T14:20:00.000-05:00,7.145,7.145,7.145,7.145,100
1705432860,2024-01-16T14:21:00.000-05:00,7.14,7.14,7.14,7.14,3082
1705432920,2024-01-16T14:22:00.000-05:00,7.145,7.145,7.145,7.145,460
1705433100,2024-01-16T14:25:00.000-05:00,7.145,7.145,7.145,7.145,604
1705433160,2024-01-16T14:26:00.000-05:00,7.15,7.155,7.15,7.155,5467
1705433220,2024-01-16T14:27:00.000-05:00,7.155,7.155,7.15,7.15,1530
1705433280,2024-01-16T14:28:00.000-05:00,7.15,7.15,7.15,7.15,405
1705433340,2024-01-16T14:29:00.000-05:00,7.15,7.15,7.145,7.145,907
1705433400,2024-01-16T14:30:00.000-05:00,7.1411,7.145,7.1411,7.145,1440
1705433460,2024-01-16T14:31:00.000-05:00,7.145,7.145,7.145,7.145,270
1705433520,2024-01-16T14:32:00.000-05:00,7.15,7.15,7.15,7.15,482
1705433580,2024-01-16T14:33:00.000-05:00,7.145,7.15,7.145,7.15,1710
1705433640,2024-01-16T14:34:00.000-05:00,7.155,7.165,7.155,7.165,3503
1705433700,2024-01-16T14:35:00.000-05:00,7.16,7.16,7.155,7.155,2310
1705433880,2024-01-16T14:38:00.000-05:00,7.15,7.15,7.145,7.145,2241
1705433940,2024-01-16T14:39:00.000-05:00,7.145,7.145,7.145,7.145,263
1705434000,2024-01-16T14:40:00.000-05:00,7.15,7.15,7.15,7.15,494
1705434060,2024-01-16T14:41:00.000-05:00,7.15,7.15,7.15,7.15,2014
1705434300,2024-01-16T14:45:00.000-05:00,7.155,7.16,7.155,7.16,1046
1705434360,2024-01-16T14:46:00.000-05:00,7.16,7.16,7.16,7.16,2166
1705434420,2024-01-16T14:47:00.000-05:00,7.165,7.165,7.165,7.165,178
1705434480,2024-01-16T14:48:00.000-05:00,7.165,7.165,7.165,7.165,340
1705434540,2024-01-16T14:49:00.000-05:00,7.165,7.17,7.165,7.17,1663
1705434600,2024-01-16T14:50:00.000-05:00,7.17,7.17,7.16,7.16,397
1705434660,2024-01-16T14:51:00.000-05:00,7.165,7.165,7.165,7.165,344
1705434720,2024-01-16T14:52:00.000-05:00,7.1675,7.1675,7.1675,7.1675,103
1705434780,2024-01-16T14:53:00.000-05:00,7.165,7.165,7.165,7.165,333
1705434840,2024-01-16T14:54:00.000-05:00,7.17,7.175,7.17,7.175,3183
1705434960,2024-01-16T14:56:00.000-05:00,7.175,7.175,7.17,7.17,500
1705435020,2024-01-16T14:57:00.000-05:00,7.17,7.17,7.165,7.165,4566
1705435200,2024-01-16T15:00:00.000-05:00,7.17,7.17,7.17,7.17,2185
1705435260,2024-01-16T15:01:00.000-05:00,7.175,7.175,7.175,7.175,789
1705435320,2024-01-16T15:02:00.000-05:00,7.175,7.175,7.175,7.175,161
1705435380,2024-01-16T15:03:00.000-05:00,7.175,7.175,7.175,7.175,664
1705435440,2024-01-16T15:04:00.000-05:00,7.175,7.175,7.175,7.175,195
1705435500,2024-01-16T15:05:00.000-05:00,7.17,7.17,7.165,7.165,3358
1705435620,2024-01-16T15:07:00.000-05:00,7.165,7.165,7.165,7.165,775
1705435680,2024-01-16T15:08:00.000-05:00,7.17,7.17,7.165,7.165,728
1705435740,2024-01-16T15:09:00.000-05:00,7.165,7.165,7.16,7.16,1551
1705435800,2024-01-16T15:10:00.000-05:00,7.16,7.16,7.16,7.16,231
1705435860,2024-01-16T15:11:00.000-05:00,7.165,7.165,7.165,7.165,971
1705435920,2024-01-16T15:12:00.000-05:00,7.165,7.165,7.165,7.165,1563
1705435980,2024-01-16T15:13:00.000-05:00,7.17,7.175,7.17,7.175,4705
1705436040,2024-01-16T15:14:00.000-05:00,7.175,7.175,7.175,7.175,200
1705436100,2024-01-16T15:15:00.000-05:00,7.18,7.185,7.175,7.185,4312
1705436160,2024-01-16T15:16:00.000-05:00,7.19,7.19,7.19,7.19,888
1705436220,2024-01-16T15:17:00.000-05:00,7.18,7.18,7.175,7.175,2561
1705436280,2024-01-16T15:18:00.000-05:00,7.17,7.17,7.17,7.17,1869
1705436340,2024-01-16T15:19:00.000-05:00,7.17,7.17,7.17,7.17,2987
1705436460,2024-01-16T15:21:00.000-05:00,7.175,7.175,7.175,7.175,877
1705436520,2024-01-16T15:22:00.000-05:00,7.17,7.17,7.165,7.165,1849
1705436640,2024-01-16T15:24:00.000-05:00,7.16,7.16,7.16,7.16,721
1705436700,2024-01-16T15:25:00.000-05:00,7.16,7.165,7.16,7.165,800
1705436760,2024-01-16T15:26:00.000-05:00,7.16,7.165,7.16,7.16,1201
1705436820,2024-01-16T15:27:00.000-05:00,7.16,7.16,7.15,7.15,7725
1705436880,2024-01-16T15:28:00.000-05:00,7.15,7.15,7.145,7.145,5830
1705436940,2024-01-16T15:29:00.000-05:00,7.145,7.15,7.14,7.14,5159
1705437000,2024-01-16T15:30:00.000-05:00,7.14,7.14,7.13,7.13,3368
1705437060,2024-01-16T15:31:00.000-05:00,7.13,7.13,7.13,7.13,672
1705437120,2024-01-16T15:32:00.000-05:00,7.135,7.135,7.13,7.13,1512
1705437180,2024-01-16T15:33:00.000-05:00,7.13,7.13,7.13,7.13,348
1705437240,2024-01-16T15:34:00.000-05:00,7.13,7.135,7.125,7.135,12536
1705437300,2024-01-16T15:35:00.000-05:00,7.13,7.145,7.13,7.145,9363
1705437360,2024-01-16T15:36:00.000-05:00,7.14,7.15,7.14,7.145,2665
1705437420,2024-01-16T15:37:00.000-05:00,7.145,7.155,7.145,7.155,3291
1705437480,2024-01-16T15:38:00.000-05:00,7.16,7.16,7.155,7.155,5145
1705437540,2024-01-16T15:39:00.000-05:00,7.16,7.17,7.16,7.165,4173
1705437600,2024-01-16T15:40:00.000-05:00,7.165,7.17,7.165,7.165,2286
1705437660,2024-01-16T15:41:00.000-05:00,7.165,7.1685,7.16,7.16,1253
1705437720,2024-01-16T15:42:00.000-05:00,7.16,7.16,7.15,7.15,6772
1705437780,2024-01-16T15:43:00.000-05:00,7.155,7.155,7.15,7.15,1540
1705437840,2024-01-16T15:44:00.000-05:00,7.15,7.15,7.15,7.15,881
1705437900,2024-01-16T15:45:00.000-05:00,7.15,7.155,7.15,7.155,1996
1705437960,2024-01-16T15:46:00.000-05:00,7.15,7.16,7.15,7.155,1979
1705438020,2024-01-16T15:47:00.000-05:00,7.155,7.155,7.15,7.15,2293
1705438080,2024-01-16T15:48:00.000-05:00,7.155,7.155,7.155,7.155,1678
1705438140,2024-01-16T15:49:00.000-05:00,7.155,7.155,7.15,7.155,1352
1705438200,2024-01-16T15:50:00.000-05:00,7.16,7.165,7.155,7.165,20431
1705438260,2024-01-16T15:51:00.000-05:00,7.165,7.17,7.16,7.165,4669
1705438320,2024-01-16T15:52:00.000-05:00,7.165,7.17,7.16,7.165,5002
1705438380,2024-01-16T15:53:00.000-05:00,7.16,7.165,7.16,7.165,5597
1705438440,2024-01-16T15:54:00.000-05:00,7.165,7.17,7.1625,7.165,4378
1705438500,2024-01-16T15:55:00.000-05:00,7.17,7.17,7.16,7.165,3448
1705438560,2024-01-16T15:56:00.000-05:00,7.165,7.17,7.165,7.165,6787
1705438620,2024-01-16T15:57:00.000-05:00,7.17,7.17,7.16,7.17,17126
1705438680,2024-01-16T15:58:00.000-05:00,7.17,7.17,7.16,7.165,10271
1705438740,2024-01-16T15:59:00.000-05:00,7.17,7.19,7.165,7.185,36524
1705438800,2024-01-16T16:00:00.000-05:00,7.18,7.18,7.18,7.18,121808
